dillingen,kempten,lenggries,dillingen_precip,kempten_precip,lenggries_precip
0.17075921458803878,2.5043069160496048,1.0112143989081877,0.9385361799537182,4.897026275794334,2.075169858931686
2.4384318165958287,1.8729249686966118,0.9199766486591773,6.020242861835042,1.4903993443169223,1.029729186388518
1.8231929018193584,2.0205794676215243,0.9930642197722485,2.6334913870908987,2.5813159006045385,1.2769737395540761
1.5074057303947594,1.7142195108191005,1.411420920294597,1.8258851075519065,1.145573331708217,2.522672709102421
1.3787832293203877,1.7203703496039418,2.3592208091190776,0.33924974092469257,1.988691461056508,4.17988949009309
0.7478542595350454,1.0934144138896205,1.379361454117208,0.33919258382921036,0.8327769147665054,0.6355096531278461
0.5654159508287973,0.7295621552955154,1.1839250017451666,0.11967753721736135,0.7166641174920212,0.8373341313406748
1.9987278590091724,0.910581190042894,2.630137237281196,4.022461728959879,1.7265892604774165,5.339758049032273
1.7218292325282913,0.9376585586927418,1.9124607353490466,1.838164307254529,1.378827015534065,1.7279269583564114
1.647894354718878,1.2550940661492014,1.156468508378501,2.4625001234091806,1.7327945871185788,0.3943713257168431
0.8257022102511378,0.8538135401485945,1.4399379264602419,0.041598615998277244,0.67559585752939,2.179474411447235
3.324294155376912,0.7358008224808734,4.48437140344418,7.007114950316624,0.9144364853077676,9.368893408052024
2.499137498715924,0.42085663723141453,3.5588898081659353,3.57285908670935,0.17525504763765445,3.4683426927836867
1.102402935871137,0.018266378235303526,2.748079551627466,0.477375250497894,0.10738470232703318,2.7388047670126907
0.8090966521143172,0.21200679908717754,1.74105247891608,0.4013579774993267,0.5846044704329963,0.46650559160929195
0.6271084158400857,0.06689292604841303,2.3289630412221025,0.4052228456645141,0.1542953332531426,4.177203290183495
0.8099830869138466,0.363292776163644,1.7411335825701129,0.7255074589209543,0.21912691271478293,1.4922051574194328
1.604443234873445,1.4972138165479354,2.800801091395344,1.487855661721709,3.352527753086699,4.4016826169561964
1.145742872087291,0.7693895615890204,1.9279027192466625,1.1310741335606733,0.07929889989024638,0.8004412572017534
0.8634262119813817,1.2143527997740509,0.8834180727833462,0.688445985107883,2.1514101120930937,0.12811951714757538
1.125280779791222,0.7322555327991905,1.1617785856276532,1.8927417477995974,0.6364413258044345,1.292435468752663
0.8695856402007855,1.9651970273086337,0.651049129016046,0.30046905745467734,4.104363859482238,0.6289766208529528
1.0117666740215867,1.5723595392406748,1.3816396382158438,0.6910310240048045,1.327146794055415,2.512141896097413
1.241449682651976,1.0824922548990323,3.2680909826712057,0.9125544364416941,0.729346430946071,6.298072423884149
1.2918234662503596,1.0698272247029588,2.388344076849152,1.21786937571955,1.4581246985679108,2.3486607047038865
1.9561102221275537,0.9098125596231779,3.063391568779842,3.075872022061824,0.9623977869682928,4.359565876594295
1.2350131440288663,1.0925481126235663,2.052928799533671,0.4454717242573806,1.661607578892744,1.2067007561489294
1.3436302771274669,0.8626645603961509,2.4058659024906897,1.4440583100662554,0.24327988165824438,2.953670352213667
2.3826436523352013,5.234003701463008,2.7180511306043846,1.7950094426195211,11.611964523068961,3.7035723572237376
1.5473093735315717,2.9469677974456108,2.4196634427453194,0.09512769951281709,1.108704899206723,2.4817966581267727
1.585180235434288,1.744115952559539,1.8925023784963395,1.8706660412992202,0.8561290430387399,1.4176479886478726
1.2832869765823909,2.0635133919874593,1.575343464649506,0.37392250395483284,2.4771964656418146,1.9662830999038703
0.9796935440579759,1.444426833010825,1.771013064587067,0.13452786175860848,0.9047971245221563,2.4113284391175975
2.725545723189389,2.103457701951419,1.2573801794526447,5.947375587013862,3.5828107242078593,0.5836061796400817
3.0857531388032537,1.6577672547150335,2.0632471306441786,6.741260684922345,1.2112645167291958,3.317038477581597
2.647022381709674,1.7440784233404358,3.3734914851807067,3.3046631456257534,2.5427796452827733,6.00448841921283
1.513248587898643,0.7584180010953689,1.985891480843768,0.7265757199375166,0.22735269629927832,1.2518719005121046
1.1825464252920446,1.8885714515753063,2.0207438180592634,0.20555463000501248,3.7431538167693517,2.4150728470276137
1.7053508049764152,2.1086116027135398,2.0935658036124956,2.3055015261973235,2.661477028176835,2.6713995055198647
1.224671713445179,1.2673661965537655,1.9337980171686886,1.1601816851707967,0.47579567100806,2.1708840818877095
0.9133673047404102,0.7147061285510065,1.7282911449380685,0.2603044679088973,0.3139767606606616,1.5842345761185472
1.1702242112554078,0.8248914380308359,2.5829101733641053,1.3670944562683003,0.7604497262860668,4.268183320644808
1.261907196486443,3.3079936533431673,1.6596891782460155,0.06998744288695817,7.46529373357045,1.1917749292875197
2.0786789595442587,2.0507722500893943,1.0344309891856052,4.800845774786048,0.5936651540032144,0.126098901211942
1.3194509615041823,1.1913226835503574,2.0313639370117187,0.5989155536813722,1.2180797988929064,3.722944315741655
1.4520738758640925,0.616020961471628,2.024139271902334,2.1725115971299607,0.06096011791416975,2.241600904767384
1.1912580897847957,0.634538675068728,2.5331852603575458,0.7470931633152473,1.0124309655175967,3.7843793377808868
1.1574943120261043,1.087934184574361,1.362760065303293,1.4682217918184572,1.694089190277588,0.2982705882246144
1.2115980504436137,2.8385906477838176,0.6202663109906104,1.582447595963595,6.12052505645797,0.06247147246947446
1.3139476986119616,1.9552702156411783,2.620417333410474,0.4087771990158115,1.4543845675879286,5.447583108799314
3.0768555448859174,2.289235783407324,1.616411586392199,6.985614265472453,3.4197027717913095,0.3196998262812758
2.4801513082420406,1.7812771336492432,2.1221120561326976,2.9844907542762815,1.5842899297589548,3.3178060954303255
3.0420103158259524,0.9860381495082541,2.603871979006286,5.610188838583165,0.08328010273239429,3.465584728826315
2.5488346994853655,0.8256143485624914,2.270849662705141,4.504303995068393,0.7566970427237912,2.46683893614696
1.5771138041394575,1.218762573463631,1.1189591436035353,1.82210882476655,1.7139198125075639,0.28142787627232135
2.5859057121951503,3.0152806738841043,1.4419353805972293,5.09887075853881,6.015365430208766,2.2016211536327384
1.618186435753714,3.1091919367493905,2.382424486601934,0.18531091790623125,3.9198407069898393,4.3980108240464775
1.0591521657641243,1.7515155420669115,1.6128891516147497,0.4362693892625349,0.5184629504253158,1.108620531088829
0.6349368990848924,0.9134037494846889,1.1365418226209227,0.09256393137366391,0.49720435385942635,1.0672226970398822
0.6747233388962528,0.47202712943448566,1.098080318102539,0.7870641736061736,0.44922167228534077,1.1698713800776226
1.138209779488212,2.1830260055173025,0.645837771870805,0.9842605835884372,5.114926202932435,0.17170821887594884
1.3371445531534791,2.613430393787957,2.065036013163738,0.6331208864176514,3.8301083996873926,4.45172166033044
2.247232630014387,2.6004999497091514,2.48260443569612,3.529115730481868,2.9822738641169213,4.067909678433391
2.4428554304120045,1.7590482333646724,6.153863577019086,0.8824539990597403,0.9975803959557424,12.340533526779
1.8385559739616117,1.3964335148934537,3.6728730890962753,0.6596056802684984,1.4038943919264006,1.759836321941041
1.5841206426273102,1.264726082457694,2.9956657749820907,1.564814166415492,1.248480472764516,2.78214460626602
0.8202657802720716,0.8493580401986857,1.6411031537439624,0.3037962956412577,0.5844463555197044,0.4529780481139324
1.765829892526941,0.9362325057469992,1.5340562894992247,3.2409671915494624,1.40650835381004,2.2024041879865854
0.8660566175139178,0.6303223390753538,1.6121927924186072,0.15495173762261802,0.06194248711129137,2.0981182527823634
3.422416075673191,0.5559991704359725,2.581422501320158,8.66829267917464,0.28269024893780836,4.629492195174127
2.620201165581048,1.9125604859898007,2.8081997927104623,2.958967552483023,4.353484294709679,3.553261647019108
1.7445142904387763,2.0996858404776373,3.741527167522428,0.4430788810117719,2.7860722076177082,5.576345859031942
1.3840648659160828,1.5507200172984175,3.491192750747146,0.01107484075187095,1.0993699558394359,4.062575124642984
2.203688061542895,1.4590245857126145,3.4298838503133595,3.379793554972252,1.4560999657452884,4.0604480028225245
1.693519867420824,1.095385365743584,1.6521097670914406,2.4541918147740893,0.924067382561252,0.13168851007693702
2.0084177065195754,1.5203049595292513,2.401084042194964,2.611325817575998,2.7001552890583502,3.7411112933340713
2.1070643135253744,1.9868580301957726,2.0840341899903287,2.950429052087027,3.066687635012295,1.8703273948454258
1.1147661659346448,2.0918822825008614,1.3482647774284418,0.1538585310275927,2.881798393250954,0.9575058313907319
0.9429894651376054,2.064623693774682,0.8649659270500065,0.887785344832465,2.5646740777633212,0.11634882887998123
0.7922956318312011,1.2979727675609019,1.363771297304947,0.2463002092088993,0.4575797705283335,2.264382248921858
1.6874114982858002,1.0566927509022466,1.147044758664813,3.9770591433164455,0.8248887509880147,0.7955944150991016
1.1729581922363634,1.0586383498704421,1.0229321569017562,1.9526023834247481,1.2691733656921453,1.2613826470224747
1.0051207417907433,0.6744904017004962,1.4609819834806994,0.803637602502602,0.8033236737268501,2.289700578206899
1.0280835376128448,1.5127257507288876,2.763506180306399,0.13133613160956578,2.8125060344678308,4.855719550217196
1.0899850466912342,1.0246356407124133,2.7951486426248837,0.7449767008207074,0.7990262852485858,3.4909381750258257
0.9671666460165931,0.7011598034302187,1.8428386439932376,0.7866284263682627,0.2975385735620061,1.1978465596448422
1.5027409583336253,0.834540079353441,1.4590253074720616,2.6157515679154817,1.0184553092257604,0.9813374826550011
1.6636235376442556,3.514957203231046,0.787937655095647,2.02977871785204,7.815507541424634,0.5482941407604413
2.1325872794191865,1.892975152314607,0.7483844464614953,4.3645038248030295,0.512060407728499,0.9317897671901553
1.375911857801,1.7517397192894524,0.5744766756766138,1.2781322667526196,1.8943178755789136,0.23542044802120254
1.3078762168176032,1.3355460854959338,2.9624534692462765,0.2547447872310038,1.1346968904741033,7.08820860577392
1.5531540153150247,0.5719025924035017,2.314354052484806,2.498252688633199,0.14734597156196055,1.7062443159323806
1.5122385834579763,0.8020752081760993,1.369994271653028,2.860785506153728,1.3383793581387327,0.2734864450253716
1.0585345934935557,1.275138157015309,0.8780845766188711,1.6477749897716576,2.4224267659839405,0.8702183966048945
1.446263912365313,1.303154460037367,1.0784479875858493,2.947779933442729,1.4398859073796162,1.5838991339825275
1.4085286718225403,2.381347518227675,1.1739418974130538,1.3616294630205559,4.113107963161012,1.5223623237475596
1.1114305432394755,1.502090329728641,0.4548206706966297,1.479357677554534,0.6819885378713827,0.07229787870456836
1.24374057274005,0.7685193290889736,2.6219166965094973,1.1156283878168547,0.1803947220017492,6.02539206505317
1.1652590854347373,2.829523807350598,1.6196216909190957,0.05149554798022746,5.5154983234313155,0.6442038795491276
0.8525235972182473,1.8306421404670286,0.9739786184377496,0.22833487038373168,0.950261821122605,0.03263414244233591
0.6294096739861706,1.4803304498685699,0.5654631435888559,0.06386736258610765,1.7179575415107664,0.1590477039971296
1.281500219099476,1.9100843722381189,0.7778968499235362,2.023459101855099,3.1404644577317176,1.7359294615281136
0.8668180721577201,1.4117256741679756,0.6269476309563169,0.7547934175901997,0.7840526208726917,0.29650244669166076
0.9016624238939439,1.8117875388381748,0.36314176316771435,1.4208743542683802,2.51872113698996,0.08524053934127955
1.9006102999933818,0.9395125696944475,0.6039924391789512,4.762531059691951,0.2910202175298525,0.9548670176588592
0.9721434796564329,0.7887434177899743,1.0359953745443686,0.5734776459665967,0.6886283005948393,1.9497537000108112
0.7798096603831816,0.5542439357695299,0.7019880768574782,1.0565639497653452,0.3126308600702447,0.2372063046138852
1.6298892526848485,1.4584691763132218,0.83711505404747,2.8174982950771668,3.334457788620436,0.7517965889371766
0.8113127603186344,0.9878146234061793,0.8222742950467623,0.5196103138347881,0.5037271915318446,1.0817473972746676
0.7211789520048868,1.5533533428725539,0.47985166687549496,0.16020855710035273,2.5274707797251033,0.3474217057681912
1.4846448699788892,3.0184273338683894,0.8515221209521634,0.6842806077741141,5.739905602751002,1.4107387300441885
0.9310482738448668,2.2027829388824403,0.6168706002339174,0.3516167170001257,1.5005876038188009,0.17813043167802614
2.283062018237287,1.694681364216155,0.2840269232872966,5.3099001717612495,1.5531845058980722,0.09527050499810466
1.8740705886188114,1.2350018897523494,0.6298540269702034,3.301774160969139,1.236203976974259,1.467252497585345
1.1539325879138234,0.8559593425703009,0.574752226026024,2.006988381041062,0.7887243787080396,0.5697639201917759
1.6236481853717328,0.9801644924878261,0.5113525867585922,4.103039461041626,1.2912109466817985,0.20046693602184226
1.726816969151315,1.192598497320227,0.5675104373441302,3.255937881481113,1.8466686208034024,1.1029917439326586
1.6083475065852362,4.123944016503283,2.3166650219260645,0.41299095271727815,8.536192285357618,4.9335223076079275
3.120874975003731,4.426027565981941,2.211158721506743,4.461626810471122,5.553661311245407,2.5761038539143626
2.455595827553587,4.033104115436858,2.4940577832208994,1.550199803932344,3.9632212039512504,3.381468560815649
2.756603499097524,3.7805182632266545,2.9953461772188223,3.2946965826071324,4.398803534076687,4.110106555810596
3.2290792255044676,2.4130833249036927,4.288732359087528,4.528485298572463,1.261656679527308,7.196450476389979
1.8598370464664347,1.961019172841233,3.1200964717585644,0.7654614328366369,2.1426421722049014,2.8814721480153715
1.4677663882610719,2.782446667682861,2.382803852034767,0.23318432024770167,4.50886117469613,1.8750691964044228
1.2305569990185126,1.7928562451847907,1.4565516095055626,0.5173734922787627,0.998290758342876,0.9096023654712766
1.3074029360405828,3.356847166995146,0.9041988330956771,1.1141153854972288,6.5278760063773404,0.4009137926676
1.9813871154315472,2.085982460906355,1.4393511153457204,3.40765945327789,1.074976062327609,2.3209320276889165
2.892518009668547,1.8285333036683231,4.88909357022604,3.9426899437596665,1.838002129987886,10.576728575136638
1.6246018468961492,1.8189052567688782,2.9298110914269833,0.013952818363301294,2.474402360252573,1.2598140712170598
1.804107344940794,3.3763552130821033,2.471746968727058,1.4297523186771115,6.0152863784642205,2.572386755438022
1.2932665520230229,2.0403385404388716,1.9559657468088976,1.0805466418373426,0.5610588251162442,1.3667598715187685
0.9803577687287541,2.164682155176438,1.3502024496913378,0.502334676551649,2.7418736146400335,1.131033309483151
0.8138077117857467,1.7135400626277117,1.0844625089250686,0.2553607830912936,1.4713395161045328,1.0563017307393308
0.6246270913200319,1.037625981563245,1.1580667947479315,0.8238171597248649,0.6254723517739434,1.404879174829219
2.664840360874025,1.8154520638461802,1.0429409599862989,5.726242245382299,2.9976440192607616,0.9142400784895677
1.1766196307687211,1.6255759074962812,1.4058715458705686,0.7807676057629488,1.6069166615962742,2.762799294177126
1.431884687921149,1.726916996606706,2.5374928187879884,1.4629056115203039,2.163355898722411,4.14726929421293
1.8813815723732579,1.120104305259897,3.062449888267045,2.4281739537617097,0.7798757693205939,4.2892030785322675
1.4325731881768715,1.2595724708054703,1.758525445761486,0.9039489979339247,1.3127587614019811,0.5167610750176382
3.289406012774098,1.5041133213028237,2.6295290617305467,7.135596276583399,1.9212913102512121,4.524982190442885
3.3817937692920417,1.09766901676278,1.5077911734993246,6.564019729082796,1.0380879853714655,0.835737123336856
1.211477333239696,0.8257015003821534,1.0857296677311632,0.5801225899844106,0.4422225851225279,0.7401216021775883
1.5384731061947674,3.02417949145783,1.5267828985078782,1.3753185569276944,6.5215057262582645,2.5947806402855766
1.1711669750877804,1.9848366891698876,0.9047914426309918,0.7158609201580935,1.4326987229659396,0.7268132162005312
0.9612794616646487,2.0541565569309137,0.4578632219126985,0.6704993527621634,2.6479193103579477,0.10884142376860928
0.5448841544163698,1.565263563335931,0.6344722213189679,0.07516895553104506,1.0588184468473425,0.9355890137018666
1.293044116666908,1.2091019757132415,1.3968323507563967,1.8809841419651863,0.8774185367332782,2.5564274193563756
1.2337654467193828,1.0483032949359938,0.8738829503058382,1.397039265659277,1.0456759631116832,0.7918963371728178
0.7995027357940426,0.9935187557003651,1.2214784171166952,0.10570217476078496,1.0525440950898475,1.9861224846985963
0.941863965371484,1.3086678816286275,1.3715210479191897,0.6532518420207387,1.5713150771961184,2.1583220595016708
2.2834910618861306,1.1154116661282678,1.7963244255562243,4.777721902178681,1.5682011577875186,2.646534050443217
1.3975560183014006,1.2701017279416762,2.7682382524051414,0.5477211042841541,1.3749419052633398,4.548587513722789
0.8071929637220444,0.6826494886658412,1.7386558461902202,0.3130617219709395,0.289556310431091,1.133256382368734
1.0819074674336924,1.0186037715538254,0.9030753420058504,1.3445442189472725,1.3706575621107637,0.3640801768096939
2.852745877770306,0.6182263115957731,0.7392256186359409,8.48807396523052,0.3705010450681994,0.7681677943675533
0.9679711953495875,0.5823213885132541,0.8919516284149775,0.5542896271194524,0.26966055458195803,1.1318567339166166
1.8207741780833036,2.492820872422591,1.4354046114475068,2.2303100205945867,5.395577580085977,2.5027681245441444
1.7938582453251783,2.008947806289555,0.7482471129547428,2.8677752524789257,1.8574859461890194,0.02641796261869968
0.8921422002040205,1.7216436025192472,0.5352072207256957,0.5426663446716116,2.1546219118936407,0.758967287346729
1.4707102645446992,1.2383417355284738,1.5796226259152002,2.6054978569846323,1.0276391033086243,3.0268248953715373
1.5688384803058846,2.5227538323571665,1.624105939783825,0.917045598528608,4.793371631100493,2.222530218101504
1.6856054032244598,1.9954824299240421,1.8495720481562399,2.0010074954635426,2.0318381357073623,2.6315970420850987
1.7326947787042448,2.1203173069704206,2.4365402061288997,2.0076756542752765,2.9321464097549024,3.3406145536865646
1.6422275681100666,1.4408400381150528,2.3913267984613182,1.5347704999046976,0.9195125274874978,3.057889555924776
1.3710509565442544,3.1911866032338185,2.2133758021720578,0.1892583176232419,6.438345778931312,2.292560112682934
2.1455297278488175,3.037934156558279,1.537733092228789,3.607289588492594,3.4347288811792014,1.1584285427037728
2.154399163897517,2.99872928654604,3.9964314964083507,0.7736205873347932,3.847591453020238,8.220744103339314
1.5816895637411905,1.7409178990739425,2.7244954487952966,0.4128642132151131,0.37795354923982627,1.6836340613116938
0.7267223601246633,1.0045431971992476,1.5129715692233519,0.0832595195886904,0.6320621578691115,0.45322213583652904
0.9582527506868691,0.7254745026031384,0.8498429843386623,1.787556809189167,0.6726989674253347,0.6929198905821761
1.2351415831684402,0.6171942989637377,1.4498698855608518,2.2637034685346977,0.6319140648612701,2.3654826317775397
1.2665146978523587,1.751772134661079,2.7827756433812194,0.03345389511694124,3.8676808338767166,5.17360143304213
1.2172946117707222,0.7878162885951951,1.4703093354038566,1.4352611690989767,0.06480837114561283,0.39378267498549474
0.712289606228095,0.28486074754455876,0.86131941330521,0.5136482941099153,0.1583028527571559,0.17187081191724132
1.2676493896116938,0.3610903313726881,2.0629839319676413,2.072248683095384,0.6401760258920017,4.266208723061104
1.0571784064950551,0.40348090893949057,3.0648582317596906,0.3832084450782675,0.4459695644609847,4.936759443785469
1.3446731954112936,0.4539887383190543,1.7487551682113152,2.348425055135438,0.5275655362319106,0.6469759630576518
1.0697377766943084,1.565000373997767,1.4338470236143541,0.9779174019622036,3.1984127596031238,0.9473349839902603
2.596589481808702,1.4498088562404907,1.5326537151605621,5.520687635608614,1.6562236287890608,2.158725496226875
0.8982524659118386,0.6899208567978711,1.2277358589295047,0.2958888268785579,0.011574751785455351,0.8007462510950253
1.2611396481533264,0.8189484985831553,2.1852078196773763,0.8342648679903435,1.1218629861566045,4.193724135833106
0.6332727511771432,0.6693264227569358,1.2375668814874647,0.24088857007399284,1.048108565334397,0.22763390305816567
1.8269022267866124,0.3492442054861382,0.587369898284721,5.172380794301447,0.24195311529790287,0.07744469431369967
2.066047141920832,1.144779802165981,0.5176708137102658,4.196667414321988,2.2548989562266177,0.4676159461647779
0.8717988189554686,1.3457652619878098,0.5808518744498915,0.5966547401229778,2.4219759623442583,0.673990525725102
1.3235628144111624,1.708539290946964,0.37047856508350735,2.157525478087829,2.552321685940778,0.2396550788612017
1.7374237298457613,1.9022892755131577,0.24391565981729357,3.3989681452784426,2.607372261633271,0.13589489913465655
1.3828504924745584,0.9598754144065107,1.2236401465551205,1.6202647213730161,0.00010565665537666425,2.817961226311485
1.4629444874673299,2.9388314003944154,0.7469950162694321,1.5085588203878921,6.15478741467397,0.35891508217568024
1.6703785246528113,2.705115678838414,2.465277873249005,0.5537540908758063,3.366263278310376,4.90500745933793
1.395945616168769,3.161708969413976,1.4820930304945759,0.19545228094988146,4.686432890318862,0.9177306983040615
2.172112152230617,1.4531181372871353,1.7324782637371536,4.550246450389046,0.03153388569999008,2.221000197356246
2.789538186237052,3.133771699055656,1.0983524064543648,4.6135488552968535,5.431926729089271,0.5108224840965079
1.847058621199202,2.6526679908001847,0.744255803299539,2.0053398389657695,3.3192376376998305,0.5497232625888439
1.2993048491023909,2.7403448157468793,1.0923432744051988,0.8280930196226478,3.6307008361376685,1.709964230976935
1.2197129029635474,1.35429007330712,1.2200424145689326,0.8591352316232879,0.19585946205769098,1.644885628335486
1.7795674288704943,1.8168441151612726,1.9330285524866384,2.588930859454236,2.6847695383710914,2.928332163621976
2.987244508999259,3.479779524676346,2.0349349765240583,4.5481946982145045,6.433590463711999,2.836092772355238
2.9307488829184676,2.6681829884550314,1.9929320418644074,4.3622651387932265,2.26980999567303,2.2214978693967886
2.3079381207508494,2.049940460594411,1.528033054952892,3.0271243838618065,1.6905530309455197,1.1925149192065136
2.2994297494446934,3.4403748339808495,2.5862101869713987,2.05462138713541,5.8238736416832655,4.426227237531192
1.282017922885389,2.133432855540651,2.0472066335888273,0.1757834523921681,1.1701543161106036,1.9487853060553455
1.5221757137260232,1.7071433973638417,4.563261369121742,0.352588429366823,1.8290524106867059,9.250437741428703
2.687069773407782,1.5273236408826205,3.5999389896746363,4.576461000355011,1.2938188028421764,3.4226070617804223
2.21807105984971,2.9516098536683884,1.8604033748544297,1.864987893931179,5.401540171939713,0.0906429775717018
0.9782845963109773,1.5168606445511243,1.1818721462081607,0.01847921122198882,0.1582698143568408,0.7730725104136871
0.8737964660630534,1.4491521663872398,1.3832629534622292,0.21399380287189865,1.3907781868405802,1.6966834869516798
1.512789800516422,1.6714623072636428,1.8375046911931008,2.178324774580482,2.3228003110578097,2.556455692639496
0.995316885135505,2.1403072937094914,1.6760293532500117,0.010148874103594005,3.1395359313857254,1.5985114974872472
1.0553191735405794,1.7490754047724562,2.1716678908444393,0.3506316322083981,1.7494275525493466,3.084777801017496
1.5720468201070057,2.782448304296412,1.4408938162610974,1.5913956922778634,4.7919845399866885,0.664398585047266
1.9672614084362305,3.5906616936517914,0.9492273861168165,2.3546305733096253,5.69432962357706,0.4064662989479696
1.5530619755068995,1.7528688613287038,0.653900716948204,2.1108829642704974,0.1329618221919228,0.11084928340908343
1.0273269345224498,1.390401677786338,0.9253686255200524,0.507899734616049,1.0295686968448658,1.7034126012599475
1.5225276949955278,0.9351545561943543,1.3605924629965767,2.4908345777970777,0.04747713020524764,2.3333509606536507
0.9492147224531904,0.8523241955214534,1.0667869899874403,0.5416475181056118,0.7992145695341569,0.7894946499388377
0.9155269326744921,1.0614177687915731,1.19450225268478,0.7872698178361689,1.5394872779618596,1.9016824960386893
1.751835982484419,2.5106423378705762,0.6000908366626521,2.7447151033315813,4.833634816325983,0.10713329162629524
1.5157598963571863,2.7494056723959908,0.34152903192419065,2.097547628605536,3.748817333744583,0.20915130592363818
1.9400816250132886,1.5617099035585853,0.9599369901800913,3.783912154926802,0.272784623271347,2.4196784379976877
1.334994350778568,0.7602946448963523,0.8519073839920069,2.143626576339525,0.1952926373360308,0.9179523679667063
1.2775165061568121,1.09207964443674,1.4257837397792736,1.6800886111745148,1.7796254707765449,2.2254266721626443
1.014886329163669,1.0300328835736021,2.1593508396915206,0.19671412289682097,1.5190781854896942,3.564265355038853
1.004070617758879,0.6688635881614013,2.4859616343518467,0.9168326144140401,0.6195217612562574,3.8295150649941734
1.0882887501665015,2.136891195766822,1.37661401288444,0.6163202957176623,4.594261680099768,0.37788923092892757
1.3483824196938556,3.266857357563375,1.1306515953889718,0.5594004073248425,5.244655569123315,1.3321755123109906
3.1001010375395457,1.9977420233256715,1.6071312728620233,7.2246188123258515,1.0303750405069452,2.6479670661417734
1.7415176833664934,2.6268698664133767,1.962258677865393,0.9987749940800476,4.420058444064146,2.9742688523386236
2.6527214918480593,1.7311564658391692,2.295630433300799,4.452110422497046,0.9688507100622344,3.071222637924014
1.732642365986032,1.8973509360462215,1.3250857070982527,1.9946687714729663,2.6698100645933094,0.5179750136619636
1.7641851281259917,1.3996027298165317,0.8017106794185954,3.1676505053767996,1.2923066577702016,0.4277106854782148
1.271112503558517,0.7534283894308204,1.1170685705600096,1.3968706487775409,0.26154618676595437,1.783257060339677
1.7114708210686622,2.597512479740399,1.8291994075779423,1.72031180528317,5.260351411169122,2.702517075123267
1.4786908241735421,1.9686483755213842,1.298294966372871,1.356586866683387,1.2106264596713776,0.7687957248938054
1.041398605655722,2.0844247421428923,0.6791106429548012,0.434429790650477,2.652183254292863,0.22120436257073545
1.6131720967688854,1.379766875529783,1.2492136814337773,2.5635236061316076,0.9151189658066367,2.522825218399922
0.7642085276406383,0.580089701838509,0.7272522613111719,0.6591547367325259,0.038122796444192385,0.712486735248105
0.31165290741723833,0.2390415878573897,0.5445596041790682,0.04923296216137723,0.21189995358256472,0.3639137849322795
1.0165026889170634,0.6748776043849568,0.5155321020817357,2.073937572590548,1.371229161872084,0.31968861520836245
0.7440320001320704,1.1933015253940091,0.5011181605322872,0.3898671404496454,2.342136022201122,0.756408804062299
2.1234030320218165,0.8041474118118623,1.0060067644266348,5.642166294546606,0.815140624730759,1.7963028267371803
2.819721267337854,1.2608552172837917,1.0144964756565935,6.1551248255760465,2.37809258331198,0.8875874233438363
2.4846675044608055,1.5896580870930046,0.47613220349996016,4.927019769267683,2.398870160319554,0.04175658848758342
1.129302002532051,1.6223007650432069,0.109513044270561,0.9245747929947334,2.434358637598586,0.20386265892635197
0.41666171564195964,1.4534498169312817,0.2568852530646947,0.031154630743888766,1.3566032622055402,0.6863987182695055
2.3509231221645366,2.5601151931183472,1.0473208271389194,5.2710469146637795,4.927531016732848,2.1558817374519332
1.1731801859118198,2.0077168550471023,0.5001922026732946,1.1178765541061226,1.3435406761020225,0.20742391381907802
2.876238256506905,1.3098302423462074,0.8958697448750355,6.801684032244112,1.1966385740616785,1.6449490326882261
2.998267109684941,0.8465083296870851,0.5902260641942362,6.627470952260411,0.44473974888528656,0.25540737534749475
2.011141902604631,0.739348115548023,0.5000705922193587,3.834774034358838,0.735342037725932,0.47553828994994835
0.7525872698798686,0.35503529466031886,0.4575746012995779,0.6975521363443206,0.08651343819608404,0.37793968161396646
0.7056350788211898,1.0083373915912492,0.3654968933898133,0.9725838641973872,2.007706122763254,0.1391903247356994
1.5809007266019868,0.8825590317395692,0.932856619990321,3.8094533049561594,0.5714632687257126,2.225401030996214
0.7779462408313851,0.7489578492948136,1.0631591953329091,0.7622924628614342,0.725257420640551,1.2450179037395575
1.1321264184131459,1.5785119126437888,2.0793454113347694,0.37143723259150957,2.94644730839107,3.5563456647881333
0.9947081556176625,1.1767320040374112,1.1047349351295783,1.6274739841204555,0.7926773117970283,0.2082577488394635
2.0743093361440437,0.6829309563749986,0.627419081325628,5.502586941614084,0.5546607189485504,0.3126830003005363
1.4323031634819834,0.4291634534891587,0.6536451876835118,2.3816511955158743,0.37038996016768494,0.7318861826752082
1.5036190743846063,1.4959259889760115,1.4026506272210517,1.688224672871311,2.982051502166086,2.9037232443357426
0.5333774330336187,0.8246836811650164,1.094626616542573,0.20445639469864577,0.27784897964996996,0.7298717235573718
0.9633669512143292,0.8835667021906081,1.0254949443579424,1.9090614310354355,1.2093708326990757,1.0499123410323026
3.2243219475292952,1.1509093728249442,0.7442942703733282,9.221139495692634,1.4142087252129,0.717936761703495
1.102351530615283,1.527489377924843,0.4858784000270985,0.3018411732845283,2.325597184871577,0.16725086819578291
1.4851917328804851,1.729502143517499,2.550604767268232,1.4609906499630074,2.006332321662977,5.608030746308446
2.477183814489501,2.258582709495982,1.8871973056511546,4.197217275801589,3.329062868095531,1.5905325420618721
1.7449956279740715,1.1353809361440177,2.1711339045357096,2.70006849670734,0.09156738751347844,3.100764931062489
1.6543061311827,0.7350418195681201,1.866957434310343,2.388148850603346,0.7032062967571657,2.147978433197859
1.4751112255699272,0.6021710375505637,1.4867444222543933,2.42457511244898,0.6573807208009912,1.4441399998982651
0.9549781714267053,0.5826853423760041,0.7315203063944418,0.8909846846298982,0.31568776232961704,0.1879143556994627
0.7933332373986542,0.6327512657282248,1.3509895545480242,0.6951241685341903,0.6826671785408337,2.0585468076150857
1.3693526898684039,0.5448578411043816,0.9720533385763527,3.3147490145194247,0.741447229578918,0.3377140775041301
1.5482540415211474,0.915038338643138,0.8539471785269448,3.3226563981740576,1.4758057284987933,1.0701791517893857
2.0433443030080536,1.1691456227898729,1.2049228759113815,4.03590009473583,2.179529957141954,1.983716463674272
2.506236493312133,0.8752066260009463,1.670200084593434,4.889231923673273,0.9596248002313649,3.048622458390135
1.632327137836161,1.49189496789549,1.8773927263068557,1.4321864738658074,2.542150864850918,2.310652130778819
1.2624902159727245,0.9964348490913069,1.7762568091612463,1.3923687551023984,0.8194443287944548,2.2266410268081103
1.550681398165927,0.7977742274810988,0.8658771880461436,3.201899864616975,0.6857798686001976,0.3227855022793804
1.3723629464968847,1.1790471941240865,0.6794720603874848,2.0994381497756005,1.5582297212485037,0.8496889825885992
1.201469908488988,0.5599913007368893,0.4440083886897754,2.421101297023034,0.04800424069690636,0.08772044523786837
1.686339071140981,0.36179582448897574,1.3016208054793907,3.1772389499084097,0.16630484352626887,2.542198360289402
2.451673063562832,0.5634278606309217,3.069501518766243,4.414646952693534,1.0824650040251118,6.097674682420557
1.4714146419288414,2.664682666282944,1.65362615868146,0.8249648142753084,5.72634760684168,0.6133503163174743
1.2753664900822255,2.2902175921020316,0.9640977767058878,0.9418735774551127,2.5567590359445656,0.18356557689825695
0.6590072537142203,1.2342541803102631,1.0891379564368715,0.1973920783747211,0.184508161772139,1.2908869336945643
1.2706872831962375,2.0425570398243593,2.0091334894131916,1.7268280532188693,3.7457396594315147,3.8856050891136777
0.9317961813359279,2.0866022441565937,1.759638089288734,0.073208208421714,2.635782414171953,1.6058088967723632
1.1458028291526994,1.7283990950654935,1.06371178027831,1.2532138963642192,1.8880769575025325,0.09581312472026815
1.6446916625779646,2.035515382555616,3.37747662354576,1.564589171374252,3.43285462588943,7.320369469815563
1.4815446435871384,1.5217465281561728,3.055126472848364,0.675261320629045,1.0353978743944006,3.5280930104053185
1.4424252970260216,0.7601806118463013,1.6544605654180953,1.7872650602923505,0.5007752751067577,0.2821920409419722
1.1864129251887843,0.9421387811572572,2.88836380646177,0.06195012420294909,1.4349756055583065,5.0969138852579166
0.8897082482883768,1.2232781165443054,2.0482029502120698,0.07612699856557877,1.5918742530118943,1.1981784365608938
1.6039760226008728,1.3288490063572396,1.2957959712795488,3.458702739076272,1.5457941409271985,0.9301053806298338
1.0167422256040681,1.3332875759937926,1.3371345846522333,0.8931700484154894,1.6651577957392907,1.2362773128650768
1.2788716077821425,2.9150116283994705,1.984755607654468,0.271778082594856,5.94032080702045,3.5984379268600306
1.6728637740512686,3.1941514405367823,1.8535629503783226,1.4773071765580312,4.650594609219915,2.1545609463926683
2.0435042486439254,3.3241613807560966,0.8388489001314122,2.9392958808914704,4.170388699733221,0.12215240887846276
1.6718880059251189,2.8265073597924757,2.9101522110108653,0.4862360068598067,3.2330943560529497,6.321420028842259
1.9930824527389617,3.7428207595452436,1.5415356531964863,1.9504392373129857,5.744486023820116,0.3198308395642157
1.0362729937102348,1.9059041594806618,1.9449510204601064,0.17842205797979457,0.20737858514636553,2.7374429591348224
0.7256333261367147,1.1057908256196938,1.8803660501303445,0.10613019182061881,0.6161049929604526,2.0219531306012177
0.9931442000017023,1.1297685755598146,1.1020104792927616,1.5158178812510419,1.3666152786362902,0.4153477718474115
1.341451295804385,2.025205214489612,0.6469055609498122,1.5558208853894844,3.748558896215651,0.3744239736256103
1.4684368599949555,1.4786321978703698,1.9573801401376592,2.0290748964092318,1.4070646864293588,4.085487921046416
1.770028894877806,1.865873136740895,1.3889627079200302,2.5899211258333685,2.7569281110072734,1.0884026395235935
3.0508908761710667,0.9684405996655356,1.5572845099924015,7.4471140173999855,0.2992284159669925,2.125968239119162
1.4024628481290216,0.6023356477859112,1.4130910555357914,1.4525822384607125,0.5818113599961321,1.4026450308828209
1.1446924071299485,1.441442511357773,1.8059552193907018,0.7800394282119576,2.6318663620032487,2.5991585145866773
1.656164237062308,0.7325135036369126,1.3838333739830728,3.1713079594653726,0.3600101052560003,1.304941113362009
0.9721701859502374,0.969069076276496,1.0948401283449478,0.6317029308722746,0.8657422964951761,0.6776136820968311
0.6618019960740226,0.638715744154357,0.9036022133171894,1.1559668625466026,0.6154056683279994,0.9031752857727838
0.8956611625639757,0.8988479125784039,2.0371342835879855,0.1634103371673398,0.8611403212144876,3.9190931298885188
0.8494588922608648,1.4596737180482557,1.6351651719275082,0.05135521908294876,2.464223700133156,1.2623540080553395
2.472440389514555,1.1729872067608715,0.7672863635331395,6.574759846537204,0.91724822415086,0.48019627349295807
2.2829900162351593,1.2023862346023555,2.495322775439206,3.615535284230125,1.620545816316951,5.4546308208305625
1.7425103724850979,0.6868081856072284,2.449964260289103,2.3812854655986833,0.21056965272113273,3.185166079416665
1.1992917476213756,1.502563478605867,1.2808348389364947,1.0517192889302838,3.2696929181431402,0.11455103304082141
1.7822300161499696,1.056623759881638,6.012615543303742,0.3806130722842175,0.9237173810712274,13.704569207010298
1.5310660683215707,1.2825853447759803,3.7956705635451735,0.3402414831457083,2.0912855064059372,2.374406383421996
1.3493086173900986,1.8530009217333354,1.896254151450512,0.5760119782531672,2.584803838293661,0.34934163466126267
1.1983825147900558,1.0360140625598242,1.1152479973926708,1.5935812966266292,0.47058642617915747,0.5414340752816065
1.6264432823355774,2.045793494049909,1.356160101533878,2.5076985755535515,4.320001838133101,2.3582058213506465
1.6461699886203927,1.7984969778938436,1.8751089418410878,2.158780699393597,1.9153937710838398,3.026084419310919
0.9086805105980797,1.197642380848121,1.2834844668339467,0.6568245227779919,1.1197696443739686,0.5463383074147705
2.2349098285305216,0.6436986808439321,0.9280196816403352,6.196206997112613,0.4026055724589644,0.5940346315222018
1.8907586564409462,2.498508566700074,0.7698648863088,2.6780348097504527,5.705028720774277,0.7337989156697902
1.3193663199902232,2.2885083061361247,1.0440258872525223,1.6164609638626626,2.813550982808404,1.822697750159745
1.1932474163892812,1.206115074817348,0.6867853727917891,1.8920609440748701,0.4664498024014465,0.37704028470848555
0.8085647312071518,0.9120490693542913,0.38025126070266285,1.0880757310641027,0.824105844539014,0.22017266035406202
1.0225122360295449,1.7104631994605624,1.1182011330211352,0.569322584548127,3.318036487331402,2.2717816939449436
1.2254732182009611,1.7843067446341954,1.5823892341662942,0.8800282586462248,2.379335641891592,3.0200716843532107
1.68533081742348,1.95588002445937,1.3948780476809417,2.8363636955134264,2.90302552448783,1.3900154382438354
0.7641786415265099,1.503435274548415,0.9585947407559958,0.028996159441608552,1.1639312481307273,0.9045874321204632
1.0124817608666776,1.7865153224115653,0.9573769295576988,0.2467607844799521,2.5209188593244054,1.1314181259183895
0.5060100257606801,1.2029950862930177,0.9033652818193434,0.09418875390504106,0.9771295664057039,0.983379227650809
0.660749524224624,0.7794467522858729,2.9988962510199673,0.08316290383458486,0.47464448345523996,6.436997203935174
2.0030075153729845,1.2206696735110343,2.5971871134153766,3.868406067231317,2.003027607713356,2.9228110098367357
2.202198915752173,3.438724672537672,1.582099145671534,2.4324812234013766,7.460563700635516,0.4666080259831548
1.3460950813522614,2.112560011008941,1.270290889088706,1.2855691888257847,0.7438700678898783,0.9696308552508589
0.7461036217451756,1.4837912292317779,1.29483226378985,0.2059138368956265,1.2359665889486469,1.5705788491493968
1.2299169708635522,1.5480874981138246,1.3654646029851265,1.3530359315944664,2.2417242067200416,1.898588108968931
1.0628016428496012,1.2826462533229825,1.2392046506938217,1.2829006641887424,1.5596173776923927,1.262915037249754
1.2329397723091449,2.1174730168327067,1.91065092606085,0.38038942560044997,3.708476012257512,3.322795858189003
1.4425144731897732,2.2113990045032477,2.1918606201769633,1.1377982626046477,2.8688082479735257,2.9186423112461877
1.1016671822310866,1.2829517106449688,1.481408182503899,1.0166732291664138,0.12013111445184871,1.4070331896904114
2.6488632085985,5.821976145710686,2.4378633120006024,1.913444865826269,12.902223402937542,3.8541879917650683
2.328527823999206,3.884546628321098,2.392093415084301,2.016229072081824,2.7919012964696077,2.7813240143684217
1.6229572471493483,3.450406814426124,2.38529503385083,0.09272464804106946,3.988779472441017,3.0154045559396887
1.8560634397315274,2.568375557410296,3.562126405627338,0.938768009310123,2.106500055218306,6.265432011400335
1.9591811626816233,3.0301524066042247,1.928558352083949,1.966249989565457,3.879847996377213,0.6197652249772304
1.3333531272010357,1.4474941989775698,1.1318004718240313,1.3988789052155794,0.23842981417994805,0.6229884559858697
2.105540384843212,1.1438981543555526,2.2980874156191398,3.8826989063508774,0.8546174103453087,4.395590082471148
2.034638323256257,2.411720262759167,2.2131942367603203,2.1499495281099956,4.181748389909082,2.9588060179440583
1.4755543295064246,1.4024957515360867,3.170057988157029,0.35570573753461465,0.4504294175288231,5.222179352341762
0.7493094804753782,0.7821954335326868,1.4943120672160026,0.14636487251248168,0.16294533942090608,0.13042183631707885
1.335811521177487,1.5584636836881056,1.5884529279458197,2.056788294217782,3.103460398455975,1.9764172394371082
0.6400517170856423,2.3461314926081545,1.0854889436240405,0.05373814533478886,3.60952110418972,0.312438424486812
1.0913828700934467,1.3077131715699597,1.2191983598392662,1.7626947556145813,0.3550315697291459,1.4019442244520368
2.3895334306691733,2.100161794677461,0.6443240947927088,5.634510910774304,3.8530424293012,0.3386059711096017
1.3204107046484732,1.8432693283415973,0.31909350292091665,1.713564891155089,2.321620992775327,0.27411178473186654
0.9575756738077094,1.5139568363233236,0.20168052561910046,0.9826013844478145,1.468282893238613,0.024485971630183505
1.4464906856269029,2.0450542036749737,0.8901216153700825,2.061654315689964,3.5468592964444774,1.9897958412038441
0.9849469589644207,1.521935423817406,0.7004007647030015,1.2259119481021825,1.0868672294525645,0.8895222122636294
0.9912637009612973,0.8973597782690994,0.3703662853155318,1.5776287211526403,0.4313280760429696,0.22228391401095896
2.336406264487147,0.718893390001156,0.5146584002466303,5.676254292465998,0.6705334216287849,0.7796888309403124
0.8599408251156723,0.8184320678581399,0.22167745020200838,0.9758550547003743,1.4070578428190426,0.3701164155030194
2.820415331308376,0.9435505420449369,2.207425122962655,6.498183723013508,1.5157161485111743,5.684129072134695
2.4267232013355637,1.7486659837453074,1.3530835542545168,4.715152367539838,3.2754775248036743,0.7713393315619109
1.2810938593503505,2.0818512208893933,0.9220058804318889,0.4357925218809,3.1342202514387454,0.8127916520516628
1.0982109087139522,1.6920323999936557,1.7588668032818382,0.14376831060631404,1.7415191603026818,3.6633887571442902
1.1149535846335816,1.8486236590478624,1.6696694602871065,0.21245067096326042,3.0354090011572556,2.0868609680212846
0.6757821459950717,1.181581856119327,1.8990974490534456,0.03677977569446741,0.42582577271879185,2.4769325616401474
0.6365018790739365,0.5545522955089747,1.9092793910084886,0.19841002331150828,0.10272243990107732,2.0212127347426105
1.8484692986533147,2.0268269997193586,3.222292172994425,2.2977497451543343,4.1371428344233765,5.844825485223453
0.9902432786941544,1.083852541291984,1.8448666745326523,0.14769925389285404,0.15712234785966925,0.4638662119416933
1.3598562870120208,0.9497614212503013,4.438501984483657,0.768314376589737,0.5665527296838319,9.026867633979874
2.534700994657897,1.4633381986454754,3.682554224263944,3.727052080194554,2.376979572023992,3.555194586546617
1.3402379589614373,1.1392882238922368,2.6913624137525423,0.04709400636142302,1.053394961277942,1.778190745956606
2.0973124960133247,2.235133587091626,2.3908161529882745,3.369061012371917,4.18001787959433,2.1716189376668815
1.3081495430699923,1.2701366679548907,1.9941397453654963,0.6621669336792589,0.7075861856763109,2.0929462003532526
0.5318180050918312,0.6325180838026317,1.1516520638260288,0.2515002396582153,0.02388474757985067,0.12034142582304266
0.9275508043225412,0.4247187555228188,0.8747284246398368,2.386310816879827,0.715224024445202,0.49184327305263653
1.6130710957513632,0.9278801602745973,3.024603235480839,1.9827983528664406,1.725855644864095,6.512682154775981
2.2156442687652897,1.0171493831486884,2.1171692521239556,4.1988316281738935,0.94301231624476,1.5287039739704578
1.6592144421052113,1.199625561822841,1.5423585097469894,2.6565871575288007,1.530888534597568,0.9507676837742949
2.1353483186887483,2.485991970782122,1.9027231895446015,3.2539916119879564,4.1846178463565,2.871292458499148
1.5165084336173478,3.2088100966659163,1.4786421304418838,0.6626677246134771,4.871891382817883,1.4868564702631302
1.058501868353471,1.8034454422897266,0.6705507420546277,0.39066659208089394,0.6184218334663176,0.02650033695977438
1.4243436092982509,1.2650415023860027,1.3877787567795896,2.7775127920108496,1.2403157112915264,2.665413137250083
1.9580735565318461,1.2474731660373755,1.9686342071106369,3.288418366486839,1.593214629469461,2.635160838788488
4.149735728529548,3.0383448743107033,1.0515807155837351,9.314009780280461,5.956274235912185,0.3610033366559441
2.9693251379866616,6.832015938976935,2.971509097914205,1.06415870830521,13.16746205956681,6.277362646241782
1.941415945712261,3.6575911131783356,1.890828663687256,0.9304878239234654,0.5368238766635269,0.5069687572336858
2.085486981315386,2.816359543282686,1.4052484896129667,2.995909006687174,2.596419510362378,1.2240539252448877
1.1198788295832403,1.7782752998489706,0.5553701942624407,0.8334673418615063,0.9497302535432586,0.24373865922730845
2.130857255245533,0.8433362729503451,1.0661755575666132,5.340275848798653,0.016282494175031123,1.8490607667733625
1.8487689898800548,0.2678677989870114,0.908890829901691,3.9096783143324982,0.018591185802218184,0.9414513639092049
1.045715925729273,0.7398036454023817,0.6168051872070617,1.1207112188843193,1.234469702564491,0.8713542455209706
1.572431768375259,0.9720836199858773,1.6192480345478213,2.779569432990922,1.340169989877207,3.508660071466729
1.3925949134237428,0.30201682667566065,0.7164091697895156,2.8092659737100343,0.04565658101407738,0.019215439060227577
0.8947683135980515,1.1895615463360558,1.5581556848693798,0.21767503761343604,2.322640440071544,3.1984482117203132
2.121680861328524,1.0530805194450583,1.3869951846951114,4.656891361735264,0.6962896824199579,1.694689029775383
1.6847693126491938,1.1344911872618408,3.7485965413915516,1.4074149795135087,1.641475261045996,8.551519001386016
2.092293183682611,0.8391633683734544,2.5065113105266414,3.50266511504666,0.715977536585969,1.7804820840072415
1.1132886983382504,0.6736753055682816,1.324969535192501,0.7714708523290166,0.3657657843126854,0.1139432642945575
2.0139734782411987,0.7752700093953229,0.761537713471689,4.517581029091852,1.0457078107446365,0.10394563240721988
1.0353734214065202,0.570061920172226,2.0666530229249283,0.9859769081203424,0.528643105870209,4.293779551270439
1.207107802137919,0.8895703511786331,2.6111019651732787,0.021793613230350957,1.5305799166760887,3.680397623324527
2.1579301978369663,0.6309872167457414,1.6045816026096036,4.715814593924907,0.4433605705368784,0.8489597229980251
0.9687808690579155,0.9194300268808072,1.4620365728977855,0.1914512210969505,1.4202041178000344,1.9248394222296377
0.7247034245428765,0.7139653542343205,1.238684358222357,0.7693072667700778,0.34247486229904045,1.3450872268528704
2.8267745815911822,1.3917456345015073,3.3798175773248214,5.993944766376571,2.223241320614606,6.8324629672635515
3.639227808739374,2.052139641477863,4.056180667737827,6.015899080207979,2.8043409196998166,5.989901193361616
2.4777362377033163,1.1999137961251995,5.2775944862817274,1.7039945821105276,0.23395374844605019,8.250309750192688
2.0517208638985114,1.2417856547089219,4.09292181797425,1.9984601607810493,1.2614809052995133,4.026540418123481
1.9496352472976963,0.6307663457434688,4.214012695197001,1.1900293272457152,0.14701688983807115,4.805951309275368
1.3108054302460368,1.1473382419092466,2.1661221892923246,0.694045557492394,1.823514276027217,0.48995737136457584
1.1525352127842472,0.9161310948404671,2.5891531063241486,0.7969726691007795,0.6141492580455442,3.5557934728061777
1.563364937720666,1.0529585483553066,2.15084505888569,2.2326471598570126,1.4999619349224864,2.4678822248097894
2.142797207674058,1.1371895127150617,3.6611052013579584,2.7916757473261544,1.4573871038035553,6.5821678350766595
2.3608605227401327,2.673448117916362,2.4170770512941195,3.1363908324422973,5.163390583474461,1.693817738173818
1.9822498300478268,2.0526395611679704,1.2097515766315774,3.1176620636974834,1.5929449709684755,0.17802785251213715
1.1953259826776566,1.733257194747088,1.2870562386452902,0.19127389308063888,1.7493308228610929,1.8196180232999353
1.202791289509835,1.3303251393805977,1.5909778037691,1.364099193146712,1.0271692718989671,2.320428191685063
1.11125921959575,3.0422682162343184,0.98673835487987,0.11856341289747559,5.954983424739947,0.49774603858238536
1.4075901035283398,2.856268120536016,0.8646223496748254,1.5949226313907858,3.0028350596780893,1.002124823849291
1.190889830681693,1.9712455099744628,0.9916320604156886,1.165110549974567,0.6720794731736321,1.8251124977470314
2.367768366346162,2.613496778064437,1.0019920741970858,4.373237328441602,3.718487347203073,0.9371476632002665
1.1345399654755286,1.7884824078804724,0.8571292993998157,0.8643832389357702,1.1326638421520492,0.9398399606525325
0.8686636211941295,2.220378272497136,0.7418324167110673,0.24901195510490173,3.528294170937917,0.2856324740733293
1.2257872015069222,2.4842238517691038,2.6415622120917166,0.30861530908423873,3.4619467275105795,5.651868387580396
1.9525076267251027,1.5046015918590063,2.5708340968594565,2.8668610941581876,0.41865434406406615,2.776547714020324
1.5360805816517369,1.8249554457860855,1.2464571128921738,1.92581135949607,2.415567656680338,0.002488425155301439
1.122001680182934,1.1983168622927634,1.9408940567476556,0.21321742449077088,0.6867926196284447,2.9015657906694674
0.9846326902109549,0.8887913042741035,2.0360933708625883,0.17571104333721016,0.7061988873090681,2.692570937767797
1.4343394039252924,0.8816095118721861,1.245262092895096,2.4144169433061995,0.7029429449616155,0.01955723070839302
0.856766001010247,1.4245520260585884,1.0506854359372464,0.15109217905159428,2.5861053478711447,0.9228151154848467
1.6783590211360437,0.9587653223181541,1.1806808905792854,3.4503717076171627,0.5222777398009562,1.8666077275258384
1.3842627533775087,0.48398151868845773,0.8765365181284747,2.44999950626001,0.0018124915255249162,1.205701467464128
0.7769062207831963,1.282673650502425,1.633909569973268,0.16969750116062413,2.5121950181813477,3.0100307415573324
0.6241810356088862,0.8950370416568023,1.182714479448124,0.17730773555561338,0.37551600022299164,1.1083653125437896
2.964091432240817,0.48114912364571355,0.7590043041367808,8.630917124116184,0.22070679722042574,0.33414791570307
1.7927446168887358,0.5421148856543433,3.147037599415414,0.9376751651045792,0.5423478249735247,7.494341663401358
1.1300783267146488,0.5593245168336354,1.6887167693061937,0.926110520950625,0.9557507318935513,0.5542493112998778
1.6684036815894068,0.7963204036972584,2.003552478093348,3.351150806565354,1.2921696925468382,2.5295154109739415
2.3193261063206676,0.3316420503538988,1.1045143322046884,5.8843290759264875,0.0911876413411222,0.30899954205450436
3.6942647615868163,2.8935717361694175,0.8410570087253251,8.537547879203968,7.051707924541578,0.7980098813457813
2.1104405485181386,2.4754919169414458,0.8947385406238905,2.7997984602326835,2.5180061691075344,1.1668915905975088
1.2112550404556433,1.5118491337573838,0.6577917593690111,0.9440419992382513,0.7807414039995018,0.4269607920153303
0.7347073132526213,1.0084692611855839,0.8851564365091404,0.17438798739591452,0.767497031005992,1.1955270118896222
1.2894595901991068,1.1127633131469743,0.4956678036602938,3.0024850809092514,1.1903811906766333,0.3419629734390165
1.099225357475191,1.32494418389637,0.9380890477147986,1.634720815122986,1.9683086044682772,1.6374504625552508
0.8127850675378608,0.7276677324707421,1.4309689543176036,1.1040662506099475,0.3165220535230907,2.179582135704183
1.9056320262254633,0.44384994541772627,0.478857882087971,4.736475350956181,0.4188013715628806,0.12893685311493028
1.159230604989505,1.719730969241645,2.004376862915464,0.2357604159437605,3.9241645919188373,4.097935187802781
0.9606373963774479,0.9633678240752799,1.1194891605152633,1.3570102187459085,0.5921138849985355,0.4094800915328339
0.5816676239201699,0.9147529897961661,0.8621475358646663,0.022837178865083338,0.9567007265514654,0.5107200091673906
0.9196172583683785,2.1074887922687737,1.1637892516481807,1.2647087391658525,4.100104939918231,2.1655753622048333
0.7086275273565484,1.9500907724304848,1.1721945388360164,0.11590086213185155,2.1762222155559594,1.2650491097146819
0.7568927389990988,1.1299189764219653,1.3012911122986652,0.25298199186234244,0.8362251403089526,1.383878217829133
0.6581532642543193,1.361842614239533,0.8158776174156548,0.25005246401491255,2.3021254249094962,0.2742872109211401
1.0468385721234588,0.4121874834395783,1.5550850671683107,2.095136772813943,0.03975901988123293,3.2770726066894245
1.6021975077331574,1.3348821842089615,1.4837695870135383,2.7411954351929455,2.6609070610202328,1.9197238691389567
1.186294809795469,1.1000074916665772,0.8676133699896976,1.751107554405737,1.335021404726137,0.29093507636078464
2.6397492318635294,1.7696032943076772,0.7155371414009961,6.549440418204754,3.355242372943423,0.9368077934826585
1.7769832767871572,3.3019960811126143,1.6955326719113257,0.9395931558405344,6.18614571475299,3.325782156752985
1.478075764353657,3.6815920556749306,1.5893793325384662,0.6729383148411174,5.201673642469235,1.6803037887291603
2.492238520546945,3.7872310628332184,0.9430484119510062,4.059005076340459,4.799625175362312,0.230033483804123
1.3373259918667124,2.5135102474638207,0.9072706418915837,0.5061641354637068,1.435576408291042,0.9329064254062739
2.6706729154280766,1.485465593604118,0.9151713121581014,6.605740212503822,0.8930183612560076,0.5559768123177508
1.0962075617994353,1.257435075451626,1.1372814680349472,0.024457888717938615,1.2511091236000238,1.4574059387201996
2.974300073942409,1.7028012445048386,2.0686662225859487,7.0050538457589635,2.3416951291575687,3.7076246140369693
1.3640896898761767,2.69181701009753,1.6271189266006303,0.08823799723700379,4.308291846311708,1.146349565917462
2.1144248440694953,1.527136339915707,1.3310255126351,4.435442458320018,0.46382957022650273,1.135998770865044
1.949365394865593,2.6652023240328044,2.3627139850851986,1.5002865006987807,5.006788802966707,4.715157869348551
4.368016343716662,2.662229438467196,1.949508489900781,9.913657215852066,3.3767483112710264,1.7169184260803152
2.0811866782842543,4.431698570721096,1.7374011610452498,0.15332275190890987,7.712799639062158,1.670302270763614
1.9915368369346111,3.962438836925282,1.1557574830883182,1.6142193274666976,4.244727701997119,0.607378728210322
3.1416165322762315,2.107736584202843,1.4130481991585597,6.96715044251201,0.6568340573308106,1.8715728265354414
1.5355742334585087,1.2181680470206813,1.2029105124427062,1.480887866362088,0.22400037770931244,1.7156213685805206
1.3639439634957773,0.5567601889430454,1.0490100990872455,1.9852565807623748,0.23811010062930132,1.0111835894903776
1.9541427020676894,0.631208248032826,4.146882499013249,2.3798024762335483,0.6884295578076436,9.354528414828884
1.6534824774299688,1.0505033067138427,3.763414615995523,1.2122555113539017,1.9047879833966177,4.2722941106037915
1.7864735647822296,1.8315339556133734,3.1189396370203504,1.9753483460160441,3.262552547053069,2.7692817783312793
1.9542482603482971,2.764693780625707,2.13769373019362,1.7556517236115112,4.5902322502468165,1.5415498297173218
2.5047262862530695,2.1105776011010304,1.504391197794374,4.628465538965295,1.95502091592158,1.2400157618732124
0.9645920440287874,0.9229311296856068,1.0030911034789451,0.09302292348696195,0.011294456736735996,0.40888255646756383
0.8591882214651352,0.5939696259194049,0.7470633871163332,0.6596854517975169,0.4123682981286256,0.7298102209743157
2.446130933208357,0.45649926317617556,1.543522245216006,6.007992011721862,0.21011268796403781,2.9740936852824795
2.20561115925996,0.40490630625581314,1.1375000252667176,4.419351656906972,0.9029902679750396,1.2093532351714131
1.4615632815912503,0.5927171174979126,2.1718812378974195,1.21635052391924,1.3917056495677718,4.278714611272281
1.3438397733555394,0.2546004098315078,1.1120495115933597,1.9358660574779545,0.08873399662747719,0.3201289150555229
0.6782149754507087,0.34442686286285296,0.9580370525867219,0.6497468397902603,0.8568881552194789,1.4199645823204978
0.45056890034273006,0.24079973681073968,1.2879448538054667,0.416808322872129,0.3949020839776964,2.0823800287388705
0.9938256310142617,0.9798872912782937,1.3769117949333947,1.2461171976081975,2.0829720261561304,1.45484983896867
1.2442560190311303,1.0181926595560142,2.4349503701803794,0.8719070692334667,1.2482587975773844,4.40054247592384
2.0142868851783,1.0826407705835668,4.767785361552927,1.752487412013286,1.3676521028844035,9.124850194793176
1.2222833145502303,1.1825715637606788,2.6368613720217375,0.16184456886636958,1.1161552012217986,0.24622239151712016
3.472089572516492,2.8234799573705742,1.543662768405598,7.329920245045135,6.248027422068474,0.27842046856503955
3.787241379267477,1.5810175920951568,0.810950762884608,8.567731151105077,0.4834683957716468,0.27926936213472336
2.1742190764573848,1.3917891360961212,1.304626737071884,2.3957277638255787,1.454087505229323,2.286238980902828
1.6049622509316817,1.6526997602081377,0.9869251861073394,1.5361568688241798,2.663743934525331,0.9325845552649861
1.284208809597532,1.6696412646046919,1.603487672498754,0.74075860310872,1.6276687174231914,2.643371644361541
1.987196945400049,3.015654787671,1.0853736602089987,3.3618143349759935,5.290739220482414,1.0399731579024136
1.5710190067376921,1.880067403364541,1.3336738362939515,2.3086591672976313,0.9495286247245422,1.975609564863713
1.1284794352242555,1.6589656003204971,1.760802904341041,0.35494730820097675,1.2460329215557917,2.938117587875609
2.1537339928070547,1.0849223557722443,1.4984825520759746,4.836602183998255,0.18537633404475823,1.5891017834293728
1.9787173726909646,1.3927778198783083,1.3604594159758217,3.4579890227345427,1.8780908909497525,1.5509004403368658
2.3816305191799745,0.7429933647140132,0.679475440085965,5.983477050066872,0.6799502407773268,0.18474451508326079
1.4305291340761588,0.5271304391225293,0.6683018323537753,2.5872080083922686,0.3494427180466543,1.057917217274385
1.3900592342884328,0.7869449383471856,1.1812866968159987,1.9008080391827455,1.5728565295235037,1.5783346988834788
1.1157588117461974,1.0821099998303783,1.1085075074649007,1.0834050131862267,1.5199003177138664,1.239722158860366
2.373100373218215,0.6030231724689373,2.180778865851501,5.398036723094236,0.15780860112850978,4.6208716628757305
2.6883288491017168,1.3059077406609292,2.873188833549942,4.02078476009384,2.396083876762184,4.740243025233294
1.227104007709483,1.3815552572521947,2.5497001982909455,0.09254587730624557,1.9551208862647556,3.451015364760953
0.6977325186604317,0.8258223287180663,1.6584124126536641,0.05344163373302273,0.4190170710174213,0.9409613272110549
1.287572831581231,1.0835793286288495,1.9088496999881666,0.9446955231665257,1.2676250854102664,2.5267320270710716
1.8439953894644903,1.3789978007180648,1.2828649289957281,3.3272954459921724,2.5482392289636175,1.006007459621259
3.6256386717718976,1.3739260989227209,1.0142719460466185,8.728550936440335,1.5076455046490387,0.529477520041085
1.2043169935693747,1.0286740360929036,0.8205257764779778,0.32601901986895937,1.00667107652214,0.839846176287201
1.1444799786003563,0.89193227329509,0.4360943464883643,1.8034482604314714,0.7782146327865094,0.14721694246516068
0.9204591257581519,1.2511205754380674,0.6453628121403974,0.9589473995161922,1.8852379292752084,0.8062681810975664
3.0202473082254198,2.668193052044779,0.896173324029311,7.007417108751925,5.597329887727544,1.2351231225850687
2.740710981962849,2.246575803740807,2.9428039486742295,3.6918264148672693,2.2279280953031537,6.223673702356321
2.343084505391101,1.1279771140537702,1.8154025768025004,3.6443800929397145,0.15537376084192098,0.7520376327980597
1.5563203736953026,1.0730214740340522,2.8170074609501,1.264831142279547,1.2349108280469523,4.654852987018756
1.3626076548800632,2.329012886563729,1.6979419019276953,1.071669872654698,4.429590449243135,0.5197662073296363
0.9832392284320846,1.30679591080075,1.0128391306195133,0.6387777843001224,0.1984530139869037,0.42383583474247355
1.414480773164707,4.261550666848209,1.1406233123577838,0.11605392768967243,8.997248930684314,1.4637571256680293
2.659101399048707,4.586340580999617,1.5871328584971336,4.000852280006621,5.954582465019895,2.232603879842702
2.338460175655032,2.303982554754486,0.7240362327338352,3.352234878499846,0.16301560237959184,0.09068993803580029
6.183556915541825,3.53203604268179,0.5900507377117743,16.344891195636166,5.41850145637977,0.4996575749053033
5.219476249250563,2.119567402116334,0.7557237663883076,11.389746801488666,0.9023875860996156,1.2164494114542814
2.1918083260286885,2.4348633372387494,0.6220789521395163,1.621303185282788,3.724911157493125,0.8039554003303371
1.9360756751051427,1.8954847619856117,1.4140924702381423,2.9305661804125216,1.0838874082489915,2.4939073060216197
2.7535017808735094,1.3356967709513061,1.2443576950010085,5.792343365748872,1.1626932985090048,1.4314425214208621
2.043001033871802,1.384784006685611,0.8435023811586242,3.7895440294184914,2.0115726984935267,0.3495619704462337
1.502561595492931,1.9221796095070802,2.315975643836761,0.568304889162293,2.978669977608585,4.497432443494649
1.0018718771877075,0.8008158770402747,1.3469839395458234,1.197653654799729,0.06874639669438785,0.6931824136533354
0.8652193565872368,1.3309740951068902,1.7930937724661244,0.2765926886261773,1.7986508968081594,2.6270628242302245
2.5316657385878605,0.9138256665491016,2.3351284613322525,6.160447572883418,0.41339160561621885,3.027489967278759
1.7654577561358222,0.8829668536695787,3.8298545299321605,1.8636954051772363,0.8491414813846045,6.602217288712327
1.2352188592446924,0.9008856729499715,2.5315056288166455,0.5192074508369674,0.8553253203321768,1.380333120148067
1.4851220564432766,0.9396356975870351,2.024928271710816,2.2276590783465005,1.2662137985304753,1.9133689459265892
1.222466021040285,0.7264018272491536,1.2210919401058589,1.9253408694861434,0.8133409041153318,0.8155644615679041
0.8090889447568261,0.39837797214300924,1.5289039649584837,0.8868409245942122,0.22714633571034773,2.2675214007074502
0.5203319605583114,0.3621619410715117,1.338406321162595,0.24107824279693854,0.3147788945130537,1.2449431319269213
1.0471000822599268,0.16297303593643572,1.18033904950352,2.226882567038204,0.06801963692318352,1.1512701044336595
1.085838288339412,0.5293910928323736,2.2350747979635184,1.4692208483720754,1.2706967104519553,3.8685021693486794
1.8260400667691934,2.599464284475258,1.1442007728252392,2.95961416192103,6.177788099194043,0.10294208036403601
1.5398868295275967,1.151708441650233,2.253438476075756,1.4686197208470302,0.24586177950790072,4.273504593986205
2.6106428608695116,3.0329888945820467,2.6372622564154202,3.823540222616968,5.8473625711993416,3.822029987614186
1.920599071528481,2.6929875432615047,1.9569611378322989,1.605508238042975,2.6437230516244417,1.4119228814825846
1.705605059389547,2.0009214512455498,1.517392158616142,1.6462291619602942,2.0294550048845514,1.3474847714659568
2.2372368989039018,1.7290238346766356,1.1034184275202972,4.185517286459543,2.0728404102216467,0.8982302204609537
2.183054710230297,2.2238970035693906,4.45004218610792,1.033294627976234,3.505781271295976,10.290777728860492
1.1625576787575607,1.1306194783660097,2.275527737577074,0.2877759107805979,0.22615792919043134,0.2356970742992616
0.8076435766468352,1.1990186411679493,1.6504695200008377,0.05841004286418937,1.4054026470166026,1.784246444147895
1.655544344483763,1.5281011029888218,1.71376478556311,2.8141149053251713,2.3886466101143777,2.2894062164054185
1.689316456034031,1.46594261562226,3.1007166929719983,1.9367979341213593,1.7677460456194347,5.4462264078080915
2.0957216562999705,2.2135798071990775,2.8199524757648864,2.435330695595753,3.576878825718812,3.030106292811201
1.3766223543912068,1.1698408744009823,2.3434167162801227,0.47896298698688694,0.15003275790036902,2.0647908692538683
0.8872411981285836,1.5819092938399852,1.411803499665859,0.2932251024565573,2.3468939202176142,0.2484350984448953
0.5550663781024474,1.525743573438199,1.067206623183201,0.029302952531337564,1.5272583077809228,0.9359586130012886
0.6282868443979254,1.1099219197390044,0.6139894397798343,0.8633745230301385,0.9533665416614486,0.29895373751523674
1.1941914908234341,0.9253882033965023,2.0986194576281547,1.7827947513298892,0.8318643410573059,4.260842106865897
1.1366798931288051,1.2226745335901061,2.2176851251582046,0.9959637351223014,1.9395551383966916,2.769560260801358
1.5862505619711926,2.428034344830266,2.171074944150679,1.1506391256568624,4.432729926394047,2.8338105564896576
2.622217764473049,1.8168838110386178,1.8818928016223697,4.690123045962883,1.3710562631414593,2.112580382106272
1.6079800269899454,2.3371198011350995,1.3809268804185382,0.8562052288502234,3.4827772708298195,1.4146688381109467
1.47736781406295,1.7039290755179073,0.8109363644592908,1.4430500561446422,1.028852134661982,0.32496976477476214
1.646664238948061,0.9150252247953939,0.7598215388918782,3.0617434754394033,0.21604915066060046,0.8000445545590062
0.7997722538630578,0.2564123451807649,0.5819120693344809,1.0101602625983594,0.1269570706872159,0.2944860346268792
1.02325623712909,0.21003584826827149,1.2840307976017604,1.9461809507061707,0.1053977663162434,2.581336774021078
1.7028920464494486,0.4013190439619469,0.773198410891043,3.9662812873686133,0.9565559894347982,0.3492515532931576
2.3857674043447177,0.4449634883825684,1.5209377523410539,5.972380830749335,0.8226779033077462,2.422085811871648
1.2771705526321573,1.2321161080789491,1.7052572197324316,0.31816375862967194,2.5312498249779787,2.3569700539478955
2.181717191478705,1.6486504475852475,1.2216282876833096,5.223325526084158,2.715969777620457,1.2297979326373674
1.1476374959494144,0.8911337771972496,0.8645446250749242,1.3550055619910613,0.10438522643072375,0.2905802940302179
0.6751800626403619,0.5224412650513953,0.6024817392511164,0.5974709087027915,0.4998049556762391,0.7560914364319298
0.9135250541915152,0.5280739783335677,0.49913789730403807,1.229173934741395,0.6411320087325327,0.7715988305963771
2.965393725190396,0.8024645649603217,1.1790161113319872,7.827306195161183,1.5864300504774391,2.4105148124361255
1.3928610598338325,0.6981003204256802,0.5635275412868387,1.3569825853347195,0.3121739622814472,0.2414966492475446
0.8857456524620022,0.3743628394637367,1.6785412030986222,0.7972320642009996,0.28760499348329654,3.532986485876418
1.7798466538189783,2.528450805459959,1.9547618246493936,2.006972547915319,5.757281681393461,2.8626444607715626
1.3242199232943395,2.6698574771036445,1.0386672759966156,0.5492569354312059,3.261352794598476,0.4123440668694446
0.8978445970771358,1.3856574841123692,1.4845433044039813,0.15779060995247007,0.3984998378206201,2.5399715387158355
0.6964276290866123,1.212662684855149,1.5196465904296312,0.2759504394248317,1.0436646447067592,2.2083344664946223
0.7389308862063451,0.9498455198624465,1.9176384520692458,0.27403684813401424,0.8789395347909504,2.757611343845289
0.7176821524871685,1.8352734931692352,1.1160553828871376,0.32951980311334594,3.1308810406864795,0.41879826871110987
0.6428493756783259,1.4134899947037896,0.6540030997724795,0.2989201321350331,1.4275690114697268,0.3429776596202311
0.8602589746278634,0.6393717130787663,0.47439040462098614,2.048168102151613,0.2735870999138324,0.5396423599650295
0.7505950423834711,1.4189222478750096,0.765373891406999,0.40149271406896325,2.6864089255174974,0.9110079681067367
0.9067912954706667,1.1088204418632217,1.617029007137915,0.8482786315896105,1.0113046508415848,3.156508251088198
1.9750252233139223,0.8085427922096716,1.9325037585835072,4.5419482502567154,0.6101292146303086,2.6782410047761083
1.5425612906013675,0.5350385980871732,3.0686696068270676,1.2847622832931873,0.9416034857737313,5.192613193062236
1.2999397525628156,0.8088500654493402,1.441733957404324,2.202578167304761,1.377340687556903,0.12083709918610591
0.8295275137748376,0.798450564677082,0.7304481576698504,0.378257034226433,0.840494200061974,0.02324714753594661
0.6852121704375463,0.7183306503062306,1.1719733924326425,0.4271019619901901,0.5538951810014402,2.402212697747163
0.46743600130389296,0.841816668843693,0.8029319546281329,0.08345442543513061,1.0166642329615794,0.6550299342356852
0.36834688938035265,0.33716863881803083,0.7984862907312429,0.37009468813116175,0.038718189272459604,0.8131681544427709
0.7917640505032313,1.5016008301080095,1.1267441267107823,0.653096237262291,2.96119114585488,1.582852440164252
0.5288724866530299,0.8808704089336583,0.3710794624677211,0.3896236349662159,0.37493730535124764,0.21609072911977015
0.4129311771916858,0.5099871361302567,0.9855935033927006,0.18577181572073515,0.08979518874218605,2.058327774570393
0.6589991866136966,0.9866790832900648,0.8912926784296038,0.25711242698670506,2.1208921062451016,0.7865221016636268
1.0097238519176894,1.591583730889979,1.4019482247901647,1.2352586867307582,2.973875407627443,2.003235007948134
1.1314664233098766,2.0219421281641936,2.17869095298337,0.46218441269019317,3.362180759233732,3.5916182730263366
1.291834533281416,1.6289310086047337,1.3497337171149204,0.905962231021837,1.3604981701873513,0.3753388624440851
1.4368297845413696,0.93728282167431,2.82939425778162,1.4000103694286608,0.4597527939994041,5.343622461160347
1.6942576617646616,1.5241595516752782,2.004828524616902,2.3449148680250844,2.6729346293960914,1.512975574167389
1.1645211176556243,1.7527150328615346,2.9596473372311745,0.08021146020003085,2.406033703817078,5.126024364518368
1.507859596818061,1.0906472715170523,1.5944235197670649,3.212988487652239,0.5654440785006668,0.4657062798557225
1.7269138867730203,2.2098136483111066,1.6163212721849551,1.9771873807345928,4.674513658843328,1.8555258966673271
0.8975407935294183,1.15259857566106,1.0927398906092936,0.17059086075266852,0.2204590514396417,1.0346504587740804
2.380083721717124,3.8330398584202103,1.9567470252714712,4.136269396976181,8.112738432047363,2.97640782004719
3.062287007103477,3.467635691302762,1.8186816561313022,5.073387092757856,3.9357690064463964,1.8623465755799726
1.4416726362525873,2.4428218817149165,1.5109173858964553,0.1260456551203268,2.3288545793852666,1.3644756371051066
1.8046838025883554,3.5778261159029987,2.667832849730866,0.6483536862573016,5.585579211112471,4.8833588644447685
2.288472879948017,2.9401789253498354,1.5499335780418624,3.281870366453285,2.562508205408578,0.9467933636364604
1.881528430472857,1.6446930805419182,0.8189914143034969,2.7587144804286168,0.42257076879430827,0.4968719625697188
0.8403381507330577,1.4270452123862958,1.037492601684497,0.40795926412360095,1.1673523463269877,1.8735032044752198
0.8268610311245709,0.6785860469883925,1.2222169985624733,0.4697980623630665,0.14837631083553468,1.9564835384623083
0.8160780707397298,0.6179992245466965,1.024569328497241,0.9255702200487395,0.9874697532965002,1.1564061071773102
1.0477068761995958,1.4583597764979477,1.1117784223674625,1.3253251293372288,2.7065163868629654,1.3334391476489256
1.7953234042147816,1.0549427248843952,3.1475610788463957,1.926003668117104,0.9769653631458747,6.415546093897423
1.454696929510859,0.9565004300490891,2.743665157002598,0.9206251260007023,0.80183346175706,2.638660254284017
1.2458412854359489,1.0776115066230771,1.517574045255231,1.2417822184418352,1.8094938500337785,0.23442034038607992
1.8100381119511642,2.311001502480764,0.9609513594783667,2.752457880779685,4.114648351685334,0.47684453461104814
1.2818045424659577,1.0260802851285757,3.5052857265898476,0.07474590464295693,0.09750503410302339,7.424429999588405
1.1217102821355884,0.9277953256693039,2.73391581261681,0.5818732437647944,0.9737964767167718,2.5926554382806306
1.722719651497267,0.6476100311389,3.3118713761281566,2.4989837499120515,0.34452244453394437,4.931270118572706
2.2308855285519162,1.1227483506598035,1.9578601159907014,4.511533508661227,2.3772113104444603,0.7244131849230547
1.5319583539588808,0.5277481263076941,2.127958239508093,1.4335582244168017,0.22348290661859946,2.708559561981116
1.7168486469880477,1.1114919150314946,2.162837406139424,1.5190590047061379,2.1861021135290652,2.5035458771381136
0.9291123122382359,0.7305185421882495,1.4850233295428676,0.22672267708132676,0.6742513383576894,0.6982356717208159
0.8055929239773998,0.4650204494433234,1.3893566915378912,1.1862864921671017,0.4435809685878494,1.600646800336204
1.399341543186058,2.376232590713313,1.5839999815922339,1.5212135981105799,5.508792281135161,1.9745807558361257
0.9043992432109779,1.128259146078652,1.224781717043955,0.5553856065213066,0.03739661112963625,1.312210797676227
0.9350938484346987,0.7659794120730516,2.055606851670457,0.6273492237570877,1.151714388472176,3.51099440969016
1.350511184582144,0.5407173980698198,2.3843733989960656,0.947329969604944,0.04372856672067852,3.5779551860483516
0.9547527716211701,0.6268239692596487,2.6771641370538304,0.04055072150062903,1.3217203157401458,3.802263352627923
1.3280732776664494,1.066742356104371,2.619402305150528,0.7774495225122715,1.3904882664360436,3.2534079239323317
1.0193461964391362,0.7851899980242218,1.9319136165437176,0.47511387124725973,0.7762205702332555,1.3391874172719929
0.6674700721519155,0.5301272884058531,1.3767441095025756,0.7934984604639653,0.2834999226595078,0.9607166633097156
0.7743968323612439,0.6536254031207126,2.2186200504515345,0.25512620656956253,0.9444523152166561,3.5601711546372043
2.0594875758386455,1.1398859621741821,1.5882860941892352,4.424159799886049,2.231087276447909,1.347479296160877
1.3896194815310334,1.8689548590054081,0.8455112496702761,1.8007976277591196,3.050155004883282,0.5657112069036668
1.3751361184013502,1.7219636708886976,0.7832420905807143,2.2732659157860633,1.5132417744834787,1.4158863359152634
1.8203311642021187,1.687391096413393,0.4417860588041551,3.1134180647555825,1.7823885696705917,0.3059523241649189
1.0770133390471495,0.927210191925535,1.0087554846417357,1.3800728436977703,0.44782862435976345,2.3529065327500027
0.526706608014587,0.8985081218630774,0.9253415763993803,0.1818641890349117,0.6774745327683913,0.8187091695223674
0.874185163972648,0.5196407425107062,0.8457419279806928,1.5405167265896451,0.3532252318300944,0.6039915149604514
1.350260325567958,0.4770217140649757,2.8038819332244036,1.7678461157427472,0.5734859604195559,6.270390847942097
1.6005329731540159,0.48080489137831967,2.5704651348248357,2.7364332976168186,0.5094923405346552,3.0000999971104036
1.4542786477373832,0.8704468379906538,2.4342918139054355,1.1300692987659642,1.465642944516396,3.093578940779253
1.0773714691573384,1.1472785828132597,1.996806109899442,0.27296933345862445,1.654220216179289,1.9548539308787916
1.4062812835773966,2.797860071102017,2.543393451944967,0.6675243605234078,5.798933130697628,3.6548496953297414
1.4242417663428986,1.765891120699321,2.3415954814279543,0.9022296509492469,0.4352442626472899,2.8472655371245614
1.5133709170954184,1.7406226277215924,1.9477130583567663,2.0764492232437233,2.052633730133895,1.826459364010719
2.0911724237697635,2.2779795878454885,3.7655863939761733,1.6915634424028392,3.399373802264991,6.494777044300216
1.3968517898161346,1.8741777663833235,1.8763947050359797,0.8804135193036123,1.6430589680610683,0.4253840923486831
3.572646954687021,1.0772132872449647,3.1030294840912553,8.612391544339625,0.5887519266012068,5.742776072614723
1.75879770506661,0.7883072669303807,1.8339166726798457,1.8616660169344186,0.6091146031786934,1.0264508753641974
0.9303757746544215,0.5937866024454856,1.5516628363032803,0.5415890575135999,0.08008845468373711,1.5032439093680472
0.6138978194833812,0.5642837302012429,0.6561033604876445,0.2146860092497737,0.7289656253332043,0.26190217932961785
0.7611854106584717,1.527025922754442,0.9408676367161478,0.33177658517965175,2.7298774807116257,1.5535247593050212
0.7224795494358085,0.8134182383348031,1.0423729028679807,0.5646136987902819,0.09736762978436553,1.8894151448741139
1.595638350903241,0.7867194029096045,5.4896354174535595,0.35032974990858806,0.49511656645261537,12.151033464730512
1.8636424487477692,1.4409518372784609,5.746150222418186,0.4129834909091608,2.44993327166456,7.393211334881711
2.088007942895637,1.9456283368011853,5.441306220553435,0.6712116964308931,3.052507023849172,6.786297232562711
1.5392744818766544,1.5915194473094136,2.942932210448345,0.380804867325774,1.215107787397067,0.8566121569070488
3.042907052347662,1.8904025091824324,5.126761107216398,4.541502898711831,2.3951488916218455,9.481177858802532
1.5371962098238092,1.4458848988507933,2.97180916652462,0.16727142518400032,0.9818896874623114,1.215694423570639
1.3764062308813567,0.7770537352323861,3.203372920998807,1.4868247002254054,0.3485002254891614,3.8188745141320255
1.0280087368266755,0.8736460716206302,1.7686462049312546,1.0566111129786047,1.0154923852459745,0.48750893137116347
2.976193066471008,1.1536549377412544,1.3152187648231066,8.07728433203184,1.7348479041516596,1.4097642515936684
1.9764764044291636,2.908794553133055,3.3936791212733515,0.2376546913948098,5.915073473463114,6.763501172251141
1.791366197808993,1.6411964170437126,3.9089014288416415,1.0145159874848608,0.14245706333198713,5.876111871493565
3.2229175262179184,1.4830223975376022,2.9517425195458324,6.97811932825343,1.4160916072181429,2.3023488458363244
2.4635261388795926,0.9180977961215384,2.8429520575339877,4.0124881239363095,0.7977331871679244,3.197137617000659
2.301533584335468,1.138162465503783,1.7731581274685515,3.397326068072359,1.4198205764083782,0.3882054377567858
1.1862914682216477,0.5987381283668576,1.8726830044292169,0.5965501670670093,0.04853507301791294,2.5578133593893306
0.7061331177313095,0.5251217771920829,1.7050960938233788,0.3747990655729751,0.7509157876956113,1.9249353706703989
1.1900512319026006,1.5271278504380588,0.950748141481711,2.209119197363567,3.4281323650206192,0.1920346782178166
2.324101026000589,1.3998925452011968,0.6108029327284367,5.300770189919911,1.614611387826822,0.2401791521803046
1.2905013168185082,1.1209379894609126,0.35473960489907713,1.6273008438094845,1.19779327964467,0.22957319885785749
1.0830330069489007,0.7636221198567015,1.1270861088832413,1.695455122917173,0.6724147442047841,2.577296984722714
0.5774105305972727,0.8421606747122223,0.6648282913718662,0.6569500616213017,0.707764901135703,0.3056386188995019
1.5222145225722314,0.8812995462902495,0.9664518370523728,2.934947516824177,0.9661013332628667,1.2612173328867347
1.156891413663175,2.028014794421223,1.1501603309302773,0.4141559642921417,3.610549297993281,0.8831645189296587
1.444670429845842,3.6295687640751018,1.0835334399506245,0.7821756262384653,6.835458982538986,1.5992572741199684
1.146100957373218,2.338264522020562,1.3525971301706994,1.108289100139661,1.1548405371347228,2.4515950624683587
1.3173253116640087,1.5368085817195694,1.7149636585580648,1.416969925289397,0.9996158797566207,2.308604387290633
1.2415917116315673,2.0780600928591992,1.3623877633286803,0.5552251671392117,3.748771107554179,1.4493579092292403
0.94038238730509,1.4492447430496265,1.3141608830448464,0.2439665442882709,1.1134086828509915,1.2484921547125871
1.3138337902187598,1.395873444391274,1.023744547649311,1.886399314858713,1.6060052210995897,1.0143831203698208
1.157665770511535,1.0421044463960585,2.151260172780563,0.6811267368730836,0.5251769071487176,3.9596985162463
1.2926060281868275,1.533419526809044,1.3998383288981882,1.7409061365848872,2.721273000996893,0.803499452010118
0.9187127481745919,1.2239367294460237,1.0211230732216705,0.3353295055413596,1.518524044832284,0.6004969227501872
1.1525451958062405,1.8546379811694254,1.5703732039923355,1.312242756057055,3.311325517218006,2.7198150999573834
1.5155505914739735,2.1398259611512596,1.2093574444102233,1.5210944962581556,3.034927764867197,0.891835159623042
0.9630120830272492,1.2057587266274536,1.9802177217271613,0.10642930291424266,0.48415527089502514,3.754616411436604
1.0392383286309843,1.6094901023900172,1.2327882703886253,0.8207672027608465,2.514997181655275,0.7946627098050952
0.9393807470463933,2.243129755643842,1.6332238848521357,0.2886986536638632,3.2194199784009685,2.4209533143621225
0.7269677575997605,1.3967201300247711,0.8873144445982706,0.13094451754504977,0.8496238354041667,0.09231617544667914
3.141535093043058,0.7512505578229036,0.8764293869236942,9.202402622790649,0.378956077834378,0.9740973649731355
1.0809809604204341,0.3800742306193441,0.8257163312473109,0.7782600450388405,0.00527125158369808,0.8408433285962656
1.6750081513402915,0.7427940489706883,1.83586896235149,3.3201412275397972,1.1989627151870077,3.393030284375843
1.3458609001739514,0.5928312078330069,3.5630715787155114,0.5877776685868028,0.8690652025785672,6.8258560282600405
1.6948239701740602,0.9539411671183052,2.1334753348047704,2.288282702040703,1.618956793447246,1.235638932904678
1.9985917310762087,0.5899945928950993,2.4250190370136853,2.856132445656417,0.4166110934749076,3.4840683665998218
1.7799602497374225,1.7895189174932546,2.325844227080742,1.8108931883382795,3.927453520253116,2.4059113166378365
1.9377307807184243,1.1535864547343153,3.9342005431281746,1.2757132880905435,0.5961523842876756,6.846026513382488
1.5978664582834843,0.8059075987862386,3.309089323823418,1.0615156270107555,0.5134772096399483,3.333165157543472
1.2025949774988562,1.0208841961329504,1.8380519348101025,0.8580866034079496,1.3106011932735515,0.1612882532340668
2.4693687309715617,1.0143098171034162,1.7625601119905594,5.305112096441562,1.3817037286069591,2.4985103128122472
2.2086078540770924,0.7835118829698574,1.5197544121830253,3.551214142283596,0.4843602775896352,1.5335862161495375
2.703550318020811,0.7593573106776634,0.6554389883490382,6.706352778831383,0.6345258792806909,0.03314525690864512
1.0684752501576114,0.5243361871528907,0.6528018506595409,0.2654570836722111,0.3719490153771768,0.5788684363938713
1.7611817659861142,1.2121017743147307,2.3777404036808236,2.625102726921015,2.534962757934709,5.095826961812198
3.1088762921953323,1.89591110649449,3.3048803934098707,5.572254530522481,2.9401262748151993,5.209039783744079
1.6550133755578993,1.4332211360105396,3.1829119953714677,0.39991161940159536,1.2410149907588044,3.207413336874006
1.6878087610856694,1.72683163350932,4.7352382834021585,0.13762063494499374,2.504135579171581,8.010427226804323
2.216474156831165,1.9353837669176892,3.70990940495025,2.702786306377244,2.6631229565340737,3.285423025633957
1.6349496326773365,1.0492302686478705,1.7749934751940804,1.7088542883973394,0.2976393941814534,0.020513213817977813
2.2434712738778564,3.2262343086211667,1.2947324873600563,3.6881542826429556,6.7732890698531865,0.6788894530346707
1.4114966408006728,3.1987220694128453,0.6641312038117745,0.3011164928283852,3.4410959289381347,0.06220580290856373
1.8569557420957867,1.8786404391868026,0.46620799172519717,3.172100222063736,0.4575272819378071,0.19767030166513794
0.7296894123480587,1.0649143768455005,0.3153984400163457,0.4503595461340459,0.4119953603045289,0.4939526607711477
0.6153062373511777,0.6558980960293957,0.7766424361371759,0.357430397931036,0.2685745463567144,1.4005794410547616
0.7091083916142975,0.5842956710528963,1.842272934062212,0.3588893131199014,0.2978785449257069,3.761601127450865
2.0823286501784146,1.5148632512723073,2.57479960256596,3.3702065651280173,2.7579369146339126,3.960521450847589
1.9344281199510933,1.3467472280715498,2.089593472471452,2.188427278031938,1.2684522794928543,1.9152770758707307
1.8945038965597654,1.822452669841006,3.2029854584866517,1.4807519126920887,3.055109240028472,5.2670714971336405
1.47696708901771,1.7735662509934962,2.152382080649539,0.8889228033561363,2.7428500737835693,1.3865436830204299
2.3969921539643244,1.7447365204794436,2.846695987185624,4.194405334588665,1.8557790445823792,4.397099704648234
1.5311723084025872,1.816860755821419,1.7569816893321342,0.9966254993948899,2.319061024101615,1.210511654943132
1.6315958170470546,0.9253222711108011,1.1475999942808393,3.3921653256961393,0.03705256207887843,0.6493146376905385
1.434982269210949,0.7267351969884127,2.545401318293917,1.1565497622277607,0.7472866109586342,4.963732587127474
1.3135427992455602,1.1480638625186896,1.703366728833568,0.9462391316354742,2.031239940497507,0.9818338332088705
1.0231325139433842,0.6373217168566347,1.3847755407105597,1.2423221197992051,0.01877778302168405,1.3999573597881911
0.7371948869061364,0.35417318854729785,1.1745257918027368,0.7172905508612841,0.06706588134404853,0.7975569248616408
1.7269781956296513,1.7245669199165683,1.4430283131907797,2.753554625873879,3.819572832606994,2.174381132916707
2.3019955540674695,1.786764473854778,5.049764100537802,1.397205631391192,2.304183489462192,10.609163898684857
1.226735959220845,1.096274480683225,2.6328563452293037,0.5284850619941305,0.6167758891889272,0.051689327065365664
2.6114628092577092,1.5211785150615433,3.1157798380386934,4.596679699101167,2.3292659921622634,4.602132614009246
1.4901795708448589,1.9090667701682507,1.6969507146956062,0.9686634847174226,3.1448302753734465,0.007867568365143972
1.147191348955455,1.1137962431857291,1.093043157190056,1.568564764355527,0.7328569481488707,0.9058301670742602
1.8351611295279653,0.6633997718520586,0.7309047540142704,4.738991217419253,0.07340551692540573,0.36930487747460056
1.7219351422502807,2.313534716525921,1.4174058494870267,1.9575986077146614,5.399542870330588,2.832202661046539
0.9277215656229322,1.6617862107476773,0.6770382277185661,0.2486292317155595,0.8467892866588297,0.10387298293031641
2.0870978962621862,0.8568526899516509,0.9664002840368335,5.621233367864418,0.22517706833064363,1.6125643613080698
1.2471316637925645,0.9078059470077534,0.6259751299005559,1.9761538578696525,1.3539842437228535,0.6989054139417056
0.9435294021442673,1.662041489071276,0.32786211499613876,0.8156526311026188,2.9260726070579124,0.28697933582615054
0.6090499038587726,1.2249963988901287,1.3001579396682355,0.2999536412328516,0.5011510688198972,2.9552253047508468
1.3535146389163129,0.8418501208435049,0.8520194238221144,3.160002791360534,0.6280248545180825,0.4903101602269257
1.0691019331620248,0.642641546399148,0.5587908714669708,1.9355510151257047,0.5560311856715783,0.506368610393049
1.4133805048882766,4.022055510798138,0.4975594152393857,1.5248277160980563,9.576516752743752,0.6433790805428905
2.2236871074233573,2.1467409235127572,0.9269225472448296,4.486606661072891,0.4398069464083531,1.767486217861733
1.9601895099428894,1.706632947349499,1.314861165762478,3.107980027392144,1.7137817994535052,2.155655179822535
1.1441662408079725,3.080752623316608,0.5862851844763248,0.32898264025268176,5.187603921813825,0.035518581013588416
0.793444920944381,1.595097019250494,0.47756446057848834,0.7471251027916009,0.3177489662589453,0.55379984821715
1.1457418895599338,3.615680597228541,0.6923052691678375,0.5713392370976759,7.070888771478989,1.1276472055369968
2.0334651627709186,4.093065801767414,0.6405511180589296,2.724736123736823,5.893017145631176,0.8068652065761052
1.6538818918293807,3.6863353394836627,2.250304725451505,0.06821507971567586,4.318216415808194,4.311274730407422
1.8012278396176613,2.1032360693454257,2.3694840875070353,1.687427112772286,0.48301355947583857,3.09959207269803
1.9479891742151292,1.8518538835855651,1.991848100117305,2.8748274317195577,2.0105447663109053,1.9664119666048032
2.1794160827723075,2.0609125693688934,1.2494710528285415,4.187334688771876,2.861675484178223,0.8251075952018811
1.9145433147992612,4.557697497488582,1.5303231025602926,0.8373491870901855,8.541389625892196,2.412432937894422
2.383066634863353,2.5849874802396036,2.338893216612299,3.443615927082006,0.3979358570736755,3.7111630585964943
1.3331558432187747,2.4243450318697284,1.9129387743022634,0.23448777019755468,2.9050897029130054,1.8068989564418745
2.15500289549218,1.6274480991437779,2.0888650232204604,3.7474879144233753,0.8274013648731614,3.0692311550064217
1.119847813761589,1.0654344775082896,2.335269298991446,0.2727592610561417,0.38626306661002896,2.7654412004327757
1.2234396304175637,0.9398929124520267,1.9300836776801087,1.0126292624197286,1.0942080690202685,1.6960370254042714
1.691468604929593,1.627970167639075,1.2157946751425606,3.19201072665298,3.158165768593322,0.7484655600670203
0.9503275686533195,1.2301261719547498,1.6290818344235587,0.32484357984083234,1.2504156614926973,2.739127467734424
0.7127113332146329,1.4115944425335845,1.085550345328759,0.5207860448895019,1.5423173393239782,0.4633506027111397
2.306190794268912,4.9226018146283685,1.8785702649657252,2.562086195289811,10.661437412397547,3.023609470045077
2.024763767883024,2.9211781880969214,2.0798175394822334,2.5461923439833893,1.0186844476206287,3.2648675251417503
1.979657741142667,2.250757425272914,2.4527310691974904,2.0496884174747816,1.911106816303799,3.453571980563393
1.7872675395570774,1.543943318902042,1.6651907557694676,2.368003418175234,0.9090298470565513,1.2807905905850385
1.2615518033069426,1.2382554214197548,0.9826308252537194,1.5649382023912763,0.9977468281280356,0.4275768143327439
0.885313359818152,1.5581770125178285,0.6282358899329892,0.5801673985188198,2.3790930863683997,0.21010690353813313
1.192588093474756,2.9623369187465394,1.4596589005563965,0.8483663875865268,5.557599174623571,2.720171653705939
1.3330660617999408,2.2254437067129187,2.4965191987837096,0.40080254903306367,1.5633402736958897,4.34770461987674
2.6551605415942783,2.2786988239061126,2.1218500779077814,4.7817522786473035,2.925486452998293,2.104440617615723
1.6340433410625563,1.1687108506235375,1.1668690227477363,1.751218109273197,0.18687829195791897,0.31134381351909834
1.4605207229753554,0.8630539432584131,2.7158016211398857,1.0244913189580447,0.47437855825367364,5.463552353988215
1.8456568284870838,0.8645390805496199,5.029924365335704,1.2398150126423266,1.3948391521941916,9.038354653898887
2.8187117039244547,0.39884135096174284,2.9492133355085994,5.885647473994422,0.04042934055116047,1.136127881366523
1.1786936090089704,0.3867621890589271,2.274276838812805,0.33293910025700135,0.5829919489779389,1.8068738407718758
1.380884144069627,0.8926240378464734,2.3143195550723212,1.764889218217108,1.457139596906447,3.0032175726227934
1.2157212777541062,0.30102793178636156,2.100346207252026,1.4099888815863546,0.030148491905440646,2.6665674887300983
1.5143525266407611,0.4632005544744124,3.7224178412196345,1.8906886360061455,0.6145353451349593,6.870782278955529
0.8734528025936678,0.6758314496066583,1.9049461377269663,0.03655236081299447,1.4432201433036673,0.2440710844455247
1.853228060180751,1.052834923559338,1.7127401673305802,4.113387045081393,1.702641707480872,1.7384558610115795
2.6866368129848803,2.630121103561589,1.7237399951704848,5.379977073382504,5.200680607301912,2.354865714790653
1.999027664808356,2.296040327411537,2.6042925664053564,1.6654309278867954,2.0732231007428856,4.41634015814726
1.9178586725332851,1.5158327702124534,2.8111668689065294,2.3857414810519164,1.0713838281857464,4.144687624017616
3.5369254812118007,3.0559158768290358,4.672977066109015,5.1149387156912525,5.328578959178548,7.633406884180236
2.4817857793383498,2.877279412992048,2.8762614618355733,2.4567949067850363,3.0731462711988944,1.4352013046380139
1.5159095168467824,1.7099608224518854,2.9669423223959512,0.3310210182482434,0.44630940553464293,3.552885149884346
1.2850389857438058,0.9224429125257755,2.0432788488379074,1.7174042997051204,0.2804615356155443,1.1147226407621367
1.4595698151189558,1.3538416121138597,1.5584156049857345,1.86644171406803,2.2528611219122947,1.0974491981669714
1.0999585443518385,1.2612674424475696,1.1950217048441907,1.1037490078456422,1.641430109075674,0.584313107988457
1.7627675285650215,1.944782682133416,2.118516876791974,2.666980607766784,3.118189469560257,3.410106434780268
3.1852766975013687,1.9935738497858262,4.368218804270011,5.447353771524949,2.6849764318236313,8.51115534056993
3.0706105070063523,1.7897451775784452,2.4447831436519185,5.195752426108235,1.9627870049144298,0.5923473239198996
1.8700536320067107,4.324889546110062,1.1845251049843926,1.1987285926072353,8.59275087018341,0.11553703328602893
1.273477839316661,2.8901405373101756,1.959031868284156,0.24035740910356837,1.5253792493988954,3.3806717101395574
3.504930657915273,1.4799924600453658,1.802410446005533,8.378347978241413,0.24005906641583566,1.9363792219967726
2.9381229672613047,2.189948690458178,3.4861692061000245,3.6514362216368856,3.5237051229236274,6.422748094940075
1.2910289843132066,1.361840417459516,2.1084555146952466,0.2662919194341268,0.5803125611522918,0.5813443275169983
2.3899553315887037,1.8455835849725655,1.1230403125081223,5.072615881926552,3.0038787013485306,0.14735262482099637
2.60885441551887,3.374349818656589,1.0620590272942438,4.078847862453727,6.298097749312343,1.3562896056921603
1.5904720788974018,2.748248757585883,0.6080810030427131,1.4631027719372984,2.38669565938251,0.17868131633483944
1.1746088156300087,2.0628693466459787,0.3487766715777274,1.7894275736581498,1.812830119248421,0.6070538870147542
0.7778318229752261,1.3575661088060862,0.32367519142004597,1.0183296868180272,1.2338030707949386,0.2692991455538117
0.38694061147305614,1.1957392082982872,0.3286226362193444,0.11263629848658757,0.9064027335478234,0.5075462158420192
0.7226573488170224,1.004200323914285,0.25532087318519836,0.8165297726014823,0.8708326551735386,0.22442264190216885
2.022824808794858,1.420791539273092,2.6670978932598683,3.2476158221323574,2.023251705381757,6.154144953737821
1.1588825997515981,1.859484851808225,1.4738445098697672,0.00928556813268577,2.782799679349936,0.6530196509486172
0.972951542642254,1.779615102214174,1.1107144690385204,0.8114277931803374,2.269621659956159,1.1736056076775971
1.171865456961412,1.0598059590904205,2.4636584456778996,1.0155561897093563,0.44231630004061656,4.577597281404589
1.2554760041554152,1.0681181736904826,2.00854149524591,1.5417660482477635,1.3623865486616291,2.262198160180648
2.47786189700078,1.6745529850123484,1.7985509376239115,5.047850952306083,3.13697654507913,1.9248655836863502
1.2304380620834943,1.2289060141600114,1.8335330855233825,0.8503542217815802,1.2913980355683798,2.445381734403272
1.1979094061246018,1.209185025376667,2.2111067681056116,0.8522129719169905,1.5384298101017888,3.5301056603654737
1.8919163615493693,1.815049843492502,2.8133573336226463,2.675017903331131,2.9492550975783094,4.202053965830306
1.5975369813991567,1.7293328430298152,2.335727501909714,1.2037555469846788,2.1650761847109488,2.058021360722184
1.2988576808864487,1.323446988224704,2.9173210467726634,0.5087649474054508,1.0530461088487306,4.414682097917971
1.6182157501634928,2.4671712124594896,2.1112825204177152,1.2045647011523102,4.515466513337925,1.5331462734348176
0.8038192116046258,1.1985277530214007,1.2335714987611224,0.3036398438627741,0.3548282009517842,0.6494968571834616
1.7524187392892732,4.90967985149961,2.4203999759445587,0.3881090064161935,10.814679642444208,4.241805962600484
1.5203842033286343,2.562619564455697,1.728624906526097,1.3797760856056354,0.2530606654771605,1.5594714498961408
1.4588295425170388,1.2531116926196502,2.6694745389478145,1.085752432512014,0.03012569668547427,4.731850532975104
2.385560582491531,2.4504177413668757,1.4227194803374874,4.926585470505626,4.414893513158168,0.08199363199832303
1.10318657395325,1.4303114499897582,1.1160482962065041,0.9000691660794565,0.561951906611485,1.0133875151919665
1.7248368776120924,1.736690161175335,2.9218376655171174,1.737804767570544,2.6164428948103295,5.905537851854114
1.8067982383613792,2.1462847204220776,1.698816050990694,2.000781545035696,3.332179232156838,0.5744312765203875
1.2994627751944812,2.6338349479750907,2.8987633211549264,0.026361889651318453,3.9177977515175315,5.678696614342729
2.5884792879944785,5.192468906708466,3.819758907181878,2.178536394071978,9.557675156049964,6.153991434312566
1.8176252572167038,3.1129859833648905,3.4781296198364875,0.3921172803984964,0.6963925791727379,4.276554870289854
3.2782095624259533,2.530243829900962,2.567598468914309,6.491996544544853,2.477427636691108,1.6587039217181696
1.3716527413046824,1.496876965177616,2.173370437043467,0.32189380862036016,0.24523910668171228,2.082231408818731
1.4077107195305625,1.250916921618052,2.6654834349067578,1.0710022290732137,1.044478663902047,4.074557988394694
1.4805673869719005,2.1839204940662342,2.6394534037366215,0.17842687530100626,3.7673770945350764,2.9912997580477607
4.511932915208598,1.4808013337036015,2.1331903239073084,11.536163230301518,0.9166499295934706,1.9890119053890816
2.508317681339187,1.540628066235276,4.27786621634587,1.3950937313164522,1.7885467087584568,8.063799848912177
2.001192535149324,1.425342170367375,3.143617510993056,1.8096386481778914,1.4014453797183017,2.314666004764018
1.5930530994919039,1.4422952723905618,4.588658331344781,0.13886410165650834,2.076642914916319,7.4166948585620815
2.191423495737517,3.749922385465611,2.4259483408362534,2.772272510431998,7.216029077721197,0.11820207466197477
1.1315353757144835,1.923202444550593,1.2758796545738553,0.4712056765005264,0.11469797894080674,0.29922949720217523
2.299984772538071,1.6916736914862494,1.0360822404690158,4.566629713623261,1.706451204578931,1.2009859440006407
1.268635320602259,2.419176785038244,0.7036083900572847,0.4591776563216667,3.975968885483222,0.9718740636374774
1.2403910507667828,1.7667723828610347,1.651134985976115,0.4231408596176317,1.313178140087522,3.0532734843186216
0.615489435588044,1.080011073784223,0.9685258629891816,0.07446868371534433,0.1635640082862399,0.3501692766713618
1.5071560157620834,1.076499713252659,3.4770013298088247,1.2775715865909278,1.6444142098510814,7.467350259138372
1.354540124961818,0.8968941441339204,2.029202469527082,1.664088207352361,0.8071554531390029,0.7568652272169676
0.641083113378282,0.6228702781779619,1.5214300581997637,0.13593388035831294,0.3366995218135662,1.120464933175803
1.6396246512974202,1.821221492521516,0.9240238910888559,2.9880051871967446,3.781408066166675,0.6424640131181872
1.3653480993958222,1.5307554786081998,1.341090714948356,1.2076693005872434,1.4746141167021722,1.7319730352313578
1.517537853559651,3.1324307251117447,0.5575943739483009,1.4863153091851937,5.414393502160616,0.12083527487634949
1.1945524599408832,2.8617315168592534,0.403548412852269,1.1623629435751606,3.2799643976229342,0.3242791924849912
1.2036504257246612,2.5665618485682726,1.215345435432392,1.0241964025498427,2.361631317313262,2.7392497714456865
0.9908227665571252,1.2170894146165494,0.6719739975114274,1.6403269142757495,0.010076347349927892,0.4128201389546647
0.5816253837121679,1.164081912960187,0.5523593818966774,0.33740601352191096,1.1166153859634713,0.5371043141410315
0.6684386850510255,0.7872321514691383,1.3988078002878517,0.401610172417251,0.4400126592189484,3.1499013432889873
1.9269772985969316,2.281645902552919,0.8780323103056299,3.9578986565922807,4.833701641871443,0.19588988788385378
2.536193272538268,1.3032175693285735,0.8843172056505724,5.841823418529371,0.3837355174919145,1.1506352173802108
0.9593806772254293,0.7361361570921374,0.405360998631383,0.9346043749502772,0.6739128522900871,0.046667016526744196
0.6641881795302523,1.035013212420922,0.6149094227225628,0.631462731385332,1.4548014548449113,0.8517664914967402
1.0501539184717024,0.7591649076369522,1.3978698958159108,2.065646530188914,0.6113217714913168,2.4011664615911332
0.7478411467953962,0.6898490889659855,0.6092358863480908,1.0509791352144926,0.4711021072138419,0.18884836021390236
0.6828732223308603,0.850230188043238,1.937010386055298,0.05142829746529406,1.8280831517594969,4.384497237971277
0.8052703221889903,0.42985399738203595,2.930896161400459,0.33956720659902123,0.18627004441259343,4.804789706182935
1.1542530258382246,0.3871886870690531,1.499247149211539,2.517366519706091,0.11985621615887372,0.22184161342995534
1.9491773083371409,0.6871547464939132,4.430441277689083,2.1512995646350714,0.9312115724940688,9.362469515313913
1.1723000530858692,1.2990059979266073,2.5156549782620634,0.054939715768880196,2.5506830955531896,0.706303895099065
0.774107321860906,1.210961857860889,1.2743245144085273,0.50198594773341,1.6184936800116512,0.1756998303070643
0.6956968427874205,1.0391994697968947,0.7196358135251605,0.525523157901862,1.0993978852201594,0.010159991709117525
1.187535016704609,1.2310023984765297,0.7950910687684847,2.2288294456557036,1.6682769519931162,1.0502646085644098
0.5164979715621881,0.8978463922378753,1.1443708716955947,0.03981476258427881,0.9096830648468069,1.9874777060420243
0.6882134750917608,2.6133104678181436,0.7829705024920937,0.21987211720274563,5.50232260952307,0.80747095926647
1.7572956506998885,1.4560449927836718,1.7030747613083888,3.218036854592483,0.11293942402770592,3.6245452511898626
1.037733290710593,1.8503743493695626,1.8150881844846725,0.3933554189035707,2.2379860177181765,2.521836191627075
1.728505647534564,2.6892437826984437,1.3499303860456466,2.1153981778411537,4.438008040729009,0.8620629153928205
1.359844160441693,2.4606394426823943,1.7461996115851073,0.5440972444179905,3.2581051438942463,2.650847617088008
1.3967672540066263,1.1738341619318622,3.163913700304012,0.20948006696974264,0.40678242610776644,5.643145772618747
0.8551854724679546,0.9348137032759338,1.691252550611026,0.5572390328228946,0.7017446207408828,0.19543735260435702
1.5237256171655544,1.586339529924319,1.207034530075479,2.5621896261940638,2.524955580825116,0.7308662563885103
1.819568232050141,0.7742384150507814,1.1004715745642435,3.871672674907859,0.17606865644615896,1.2447286634464516
1.9091011258790467,1.7807811291956073,1.0503412307814926,3.5465019999511287,3.3411558948273705,1.378270987313247
1.2649572609942672,1.8217476135080586,1.2066863742389742,1.0122849789501769,2.5381390129580517,1.5626267167446806
1.547331272688746,1.8867961551418788,0.9510043676049981,2.20575355680919,2.6157550509661345,0.7151418519605731
1.0456649910900957,1.0008060028837968,1.4111158482130985,0.45878682065796156,0.21125748162637986,2.2007856216086568
1.2295730451461342,1.6226302032965851,1.5420368030678493,0.6938671772250337,2.5299988729903795,2.0717511119089718
2.1868476806637527,1.7869034688153496,1.4367499661260037,4.533197257261809,2.2777321719107935,1.724654166905526
0.9104684773394339,2.2958241966765076,0.7117090840427855,0.026174376792570005,3.5547960700186882,0.2415388548265087
0.5886866230416574,1.241044024162281,0.7805837025396436,0.17877427926089826,0.0849716647298014,1.2962248462074546
0.7392507252213909,0.6691687315786369,0.8136703997576564,0.4661005604796304,0.04676381423936888,0.8808178494391211
0.5679804177857547,0.8194622224041305,0.9995752040665284,0.05378107044863377,0.9336401239672015,1.3507656890752389
0.9456926972672712,0.6550799323850147,2.5703953933621353,0.40040600658054554,0.322188792429045,5.09867110305266
1.3342469160816028,1.001957940151289,1.8301631008411459,1.7495374574887332,1.6346312684145246,1.3098976071608386
1.3943634690736073,2.4241007545809725,0.8592077534155939,1.0943726367356008,4.986254327797995,0.028158887352523497
2.070047490384701,1.5165421764388602,1.0782399601654065,4.463726041643655,0.9934501124734764,1.1554867926790242
2.368255479413343,2.302831140870091,2.028097004093026,3.4013918060389567,3.7280201333410536,3.4368118551497706
1.4461652643587126,1.127535077086872,2.3152323872911595,0.8365456103380641,0.00048180706558510083,3.0288093893983508
0.9778621024222363,0.6255516516382646,1.7590693680645166,0.6006525042945571,0.3690831827984367,1.4405848983728193
0.804810093927645,0.30407925526106855,1.2332050632588398,0.9550796162170755,0.06179188331568095,0.5747482740290368
1.079951352118794,0.4417459574435535,1.1377968399456766,1.7846355002866106,0.7954319621413658,1.251308541787928
1.1516473198698798,2.2645612515020908,1.1644360854665727,0.6241234196305457,4.776059302276802,1.658860571548083
2.6421744919661085,1.3836653603999904,7.6558223122886115,1.9571244910941752,0.20395941540079898,17.918202824056536
2.1199877621273253,1.548244095419634,4.582276345687436,1.0532720785596223,1.8648899068012992,2.066649853166589
1.7865428588959766,1.2020044925321518,3.061971271665101,1.606134733029689,1.2011211913668007,2.3700726731119666
1.6560735912156053,2.840070347285957,1.8559888782701268,1.1458507901822241,5.5764027312028555,1.3523997755046053
1.0835363131103348,1.5516597732586954,1.159816355727858,0.6975999505246663,0.2614002774743013,0.8754277620759419
2.651715964893765,1.0584199677362593,1.801894982781718,5.930534442304407,0.4765850660515731,3.3527905387657255
1.8586754108812762,0.5333415488305757,1.4184240606864578,2.8845090074652724,0.05997424325407094,1.3661256949520877
1.5927041271625382,0.52881740026532,4.879696051597069,0.3019089962460417,1.1380936147551188,10.47637583891255
2.34803881839611,0.48582337534807896,2.8472165223362227,4.057009855438648,0.6509974516429458,1.2217360715288466
1.5898130517674574,1.8746831850448087,1.4665486286788207,1.336640659323833,4.078995009458454,0.14084553727897273
2.319701282245561,1.5883975640248054,1.701826582333498,4.499078980579487,1.8574393706004484,2.295047184016711
1.9532638818233028,1.5831238793769513,0.8927399152459917,3.2174289078598006,1.904306019254165,0.0955284282166501
1.2643254825145371,1.281252908740434,0.9357949541341488,1.1075132385172146,1.5181923652767073,0.5767021840835176
0.541960374653726,0.7669817214611361,0.9354755982968737,0.04545117895508023,0.19269217424641574,0.8731013516162333
0.6969308073845053,0.6353492383944439,1.7102761291538098,0.6258010955529734,1.1776416603447393,2.6901788174465255
2.344562591120745,6.369732353561223,1.5176542652185123,1.5601755113595925,15.222672236765632,1.3633699522983156
2.0473899729704153,4.516216317801602,0.6308980451896078,2.0073946638690727,3.6064008260394784,0.05812846762047913
1.5697785734512804,4.027286863708482,1.124651617071898,0.5965093598578778,4.478451799614207,1.918656666808603
1.2985059042156748,3.551296113916732,1.1284214600719928,0.3001488376614311,3.4657704613089395,1.060140021065478
2.180316838364884,1.6468963932193157,2.432375575512077,3.602774174324783,0.21749179794921986,5.0978540655226166
3.4997058756158137,1.0361930051069108,1.8356010985859519,8.321248326374468,0.5161125748484956,1.3845443715200842
1.7974802975801147,0.5860957090437703,1.8248235728752737,1.4917890939441738,0.0062530677473277155,2.4686932126292653
0.6680726988049356,0.5746593537739156,0.888333426397226,0.37670972732014785,0.7234040453270051,0.49402351923286186
0.7035823806387838,0.26630834795624087,1.4400650134037414,0.6357529434578657,0.22994064536931152,2.8623622490262837
0.6673214595060994,0.7913130886177479,1.7816353924689368,0.037123774821532014,1.2803253463053683,2.552766665019874
2.2422875364734636,1.2762377781847136,2.5904023977037247,4.913777055387114,2.260995470283592,4.688517161140535
1.254767271390411,2.3565681652040857,1.2020470709386852,0.250562087692406,4.1509834256776985,0.06881365182255841
1.522249154065285,2.249069129008355,1.134422581610513,1.7184813377363117,2.7663358278337125,1.186606216494093
1.5118027746587015,3.4682915476993617,1.4353097159847101,0.6405626572055858,5.580221749802398,2.273596787521162
1.3006029090429778,1.7996792384830183,0.7769563363396724,1.6156710308139706,0.11081040053931977,0.20000291348944774
1.2733328114643454,0.9341870754627692,0.9710145070551539,2.107777267972054,0.024509234908452977,1.0573142183850635
2.2195508231713865,1.4176144038715293,2.7415326537272255,3.5408783848447203,2.165506110539109,5.699686214761822
1.0260260717129612,0.8665059515751841,1.8014500704938037,0.4624050550090717,0.6831572527542507,1.145169766653634
1.2000200847794225,0.8020345449303762,4.263957932982141,0.02211345926339439,0.5847220463271896,8.454122879223645
1.0128367201488215,0.5463873054267556,2.1193812806746104,0.29441614137478106,0.8036049107160804,0.11703668795024015
2.2270248747535355,0.6043397785994149,2.1287892624952085,4.605543057706363,0.6288628222136283,2.530489518899394
2.36212949165995,0.8836574601938055,1.7438600962170439,4.141202704106245,1.4325712687983614,1.7398462196133393
1.5873711525937741,0.9646481508815512,1.4452698312376364,1.819688620392985,1.1601672294456224,1.3884542354930018
1.7964878652407228,1.0441619088178353,3.6150970306829238,1.8351674370106938,1.436636876009273,7.070422454554602
1.8302849297193655,1.49321698885835,1.9964008067654861,2.187468458815025,2.2338393711398994,0.2777206190660753
1.2495159087788676,1.197951670017533,2.8639935416340068,0.3856440572771043,0.9792065355728816,4.526708599800699
2.3119336777024735,0.9085806441381318,2.314035687289649,4.916419121542603,0.5788543542355395,2.350384668949588
1.3364794971794483,0.737602532042682,1.3947472269405874,1.085219268692636,0.36352471469121755,0.5994987090186235
1.1980751077590102,0.683166665095231,2.583086433708518,0.9662215986557369,0.8599483926431527,4.638834842896265
1.2724540410855423,1.42117010824045,1.82701538806534,1.463433865245362,2.708091758593627,1.121765392763798
1.0738679534183575,1.8595292365940759,2.381670407032111,0.09620932858395444,2.826960421402307,3.3664630933966087
0.9309215627881641,1.9063494238449712,1.6326418539235539,0.36372341009854464,2.198657410571706,0.9847815787855881
1.727285621972982,1.1417942890060349,2.3189514039070835,2.6790781808479265,0.5332197846059761,3.8066896707015
0.8996078361591978,1.2253027822910183,2.0325415374694704,0.1728565513436872,1.7738825722898737,2.0246625080748575
1.245201359773942,1.1771170416827612,1.241083161550466,1.8484044379702311,1.6911504439874332,0.30408129338947737
1.09925692680062,1.1345345389026038,1.446431648671803,0.5630000672008816,1.3243290688520395,2.097720394424095
1.0620558358066159,1.0426923286180756,1.1969500751723574,0.9862845138503767,1.5969220007665859,0.42476522368568254
0.9475665300045423,1.1676210363248005,1.0075676639392748,0.681304383908292,1.3537235516112687,1.061793509052152
0.7789209579308564,1.279074142489929,0.7941069264687624,0.879096955445707,1.6669178320281473,0.3733715344482717
1.3270581171340496,1.656971193468795,0.5076280819216027,2.5391279732773735,2.51408591152356,0.044524174540648706
0.9210303550443698,1.0220120691614938,0.3966822241059641,0.7051430792111018,0.23223228879145857,0.47622642803914733
1.1233103039255978,1.6810400501011418,0.6937441150766928,1.6712870614114044,2.7695969781812537,1.5373456472341853
0.8687286143595279,0.9721312056656083,0.7256910922304287,1.2927195733805235,0.29210149634684157,1.3138656862782343
0.9697758095669463,0.4630527092668011,0.7619869138872934,2.179331846185357,0.1379028841411261,1.3922917263802472
2.5374674654826093,3.0853597326613285,0.544006896958972,5.523843295025938,7.466054464308241,0.5692053133041608
2.402703837091115,4.097332262037001,1.1252341509716774,2.6378105425100857,6.292727519979429,2.311389038251472
1.3271461993278846,2.074993622111807,1.5632604955505163,0.4839912264880946,0.12467984220164376,2.436571405967083
0.8502233751699751,1.4247134684979192,1.0524162375119308,0.06335935764851569,1.1712903084575237,0.8862337211945229
0.9048830481010155,0.8691609326283637,2.0542875574705755,0.6083386040111758,0.41219173052674585,4.2601242464491405
1.2720320140805566,0.823485912646643,1.9133688012928631,1.8081213037461945,1.3285166116867402,2.065779531050215
0.9045268921394858,1.639669827823632,1.9897107709247848,0.10559055619954937,3.545999983406775,2.4968198403561064
1.5153416130445423,3.2776841953301203,1.2455294541181878,1.3718119120523777,6.016086476637185,0.6496326333426861
1.2922214819735698,2.335554841546026,0.679299610178614,1.8168576799751204,2.011624987862577,0.001223644561348458
1.0853319190933577,1.3942899048495156,1.952313737853304,0.8136637558762008,0.8736195197447852,4.010533380470795
1.826009496521792,1.4557664275637063,2.452071711139399,2.9472999182934694,1.849278798655658,3.4567175168252744
0.924141628726519,1.089150041042002,1.2614063939497746,0.22543782952935598,0.7479366789280812,0.2629342221104284
1.0516125843072406,2.2745830310092106,0.8841058281036569,0.15622101158449403,4.8119759594957605,0.9371457384025966
1.9451235118504369,2.8247060205689016,1.1860102575577767,2.6052948204327855,4.08661213683571,2.16551316509426
1.3485913816971131,2.005885227684865,1.4524620098089136,1.3683404533261372,1.6339397126178365,2.1117428103667746
1.816828010216563,1.3548078821770555,2.157124658534232,2.332085311466282,0.7854894586674609,3.937236768154446
1.187403483411912,0.8996526410826443,1.1599242229681872,1.1412479982577146,0.6945518655226325,0.3022695084288102
0.7044873701200598,0.5044659202965397,0.960977960573496,0.5657925075170632,0.06797827248093845,1.1240264361996926
1.7682115908692277,1.6041562317281348,0.5213671994593674,3.4196473971423917,3.3836927186337924,0.20456256257606212
1.6469255600288357,1.3901553919531906,0.7160433059012202,3.21304312792038,1.1970679891588134,0.9872660294036024
1.201967758668874,1.073571374296622,0.4797934481712318,2.372897639418243,0.7864790769328205,0.03044545114966067
0.8998623503048251,0.9950386570430969,2.122246329010866,0.6353072299760641,1.2739509589356341,4.57092632897035
1.4485850121126231,1.9176729699333137,1.6731030668323026,1.7843217594469285,3.41562345576376,1.497505822735269
1.4799678220797698,1.0322504185749541,2.342279748301027,0.8956199511596441,0.2661811686353259,3.791605183423627
1.0082315804520943,2.1630242340621444,1.1023021568541056,0.19210146921330645,3.8990170663473664,0.12354805389114194
2.2722159225763714,2.8990551562064875,0.6721596644046592,4.985399687075283,4.555957360595683,0.516138091510774
1.2490403446063867,3.790408112347863,0.5167448709487035,0.29426089763904006,5.863934917070449,0.6005351985676478
2.485783674472017,2.2041460994643134,0.700120447927875,6.000981306245525,1.0132953684538382,0.9777743965117937
1.2650363727715153,1.5155099975731272,1.5411172243742357,1.1812020255817444,0.4896038291435546,3.2477469349828376
0.7932251895804718,1.0568564116918988,1.2051064034573287,0.40946056382693163,0.9356626000181596,0.9773387059830794
0.9097583219950728,0.9077768389234451,0.8461282525971326,1.561339692303473,0.809666903984009,0.4579548950010875
1.677506490608235,0.6711197596618401,0.3410403920334159,4.126283588564117,0.3875431070751341,0.13439666599544745
1.3486311319879594,1.127453876058636,0.208286696369273,2.6352155582609473,1.869248894617195,0.16565862807845966
1.756381308457709,1.0820875166599724,1.1632900448735812,3.2855876521475147,1.2949109012963673,2.8546261329810583
1.5766460300442326,2.198109277810477,1.0833158550863333,2.1504754303408053,4.015373128682059,1.1768645142357483
1.5759704326574866,1.090925674244043,1.736076776312857,2.3571076722830644,0.06527280218166717,2.5905768407346628
2.1045808095289433,1.35204022302525,1.653458559385384,3.783543976100559,2.0649072538323923,2.2932144053768555
1.2459101619597863,1.9837977521309649,1.019336253605933,0.5744790310802402,2.8789589172491543,0.2908897816099361
1.1359309054222508,2.0872528414138514,0.6607087293403964,1.3444353323424827,2.849958691249502,0.30837320739364904
1.1555313069362316,2.8764981561551366,1.5536944362097893,0.5000262582122447,4.3444117506858,2.8157880501819386
3.640871924273391,2.5478962297297048,1.8711612749921305,8.791116834810659,2.6115219562813805,2.5550111704297187
3.143578398288379,3.2717571495534066,1.3695180394905946,5.766927574640829,5.256909201591838,0.949729303789029
1.1850308905375722,1.9852204634665076,0.7332156897583937,0.08045020241075818,0.8089010454107635,0.1611672784557532
1.4360034344870405,1.5901647173418776,0.6630559653192155,2.445463126391458,1.3991734067128156,0.02434359680305312
2.218038649605077,0.7622942358694088,0.6464053741964001,5.187167114950511,0.028359444096199577,0.6797956530134581
0.6576803514665588,0.41824981166045283,0.3667149313371836,0.3983056507757,0.013963808341248466,0.018530124053183532
0.7862733600389876,0.378669069273954,0.23609169838677238,1.6784058352918045,0.5492069308786417,0.5229181634077248
1.778974202395248,0.30351349439216013,0.5086693035966532,4.94173052825106,0.2125156076211151,1.087733505944404
0.5350320239208936,0.2951869473527267,0.40094739328131673,0.06907104708842363,0.6027815318604451,0.25888698255084447
0.8825622144436931,0.1496465278105932,0.22447821132251025,2.3908209137857708,0.38970337086823365,0.22024982329247894
0.8065981817298487,-0.04788667874653384,2.0799343535193464,0.7057899294904256,0.057869245331919554,4.5351587261907165
2.451469045632358,2.126254639955969,1.8242128836322886,5.164497342711352,4.800487277036977,1.7612200013654822
3.526226045324456,0.9530638026509176,3.0289294430491345,7.084939845244507,0.01651425566714961,5.450057654233555
2.907134665067116,1.5051661597846318,1.767229015189197,5.774347362481949,2.66423475409177,0.8487643164713432
1.6271015356091074,1.0004481506509681,1.8764531149398955,1.2857228103969165,0.3300981067021239,2.2611035576936107
2.0402953943618134,2.5073641519411,0.9609143564147868,3.9616214134707164,4.866062431344212,0.4580508177005269
2.4194235098563253,3.0606067572511133,1.2568419687173307,3.7228545465981577,4.4660423082054574,1.926451900758783
1.1524936906061813,2.3783246907456075,0.7929134442346465,0.7686810430390687,2.1220616811899453,0.27757201653058594
1.7081798568905724,2.0912877969806027,0.45163506836773504,3.5311950827893064,2.23091159373756,0.004165613426146446
1.1709749788860337,1.2039288739831415,2.2139865086043837,0.07541959053781945,0.010706892251010644,5.362771791335443
1.6691849825238303,3.887277859485759,1.8251439294896967,1.8140172805756138,8.382358534044146,1.618887336141899
1.8020814325654753,3.662198065434656,3.082226545813121,0.5227524823945714,4.204726145765672,5.232966658811873
1.5947741997651592,3.719744477738973,1.9785640419909905,0.2569555349432881,4.5096142290634,0.8124253460366061
1.2423484184713605,2.7262411517507115,1.3105307745104098,0.1601506866087655,2.1531803528031417,0.794357279319508
1.4160187169791005,1.7439547252389118,0.9790520643553143,2.383355899376474,0.8455895929626308,1.0238357793860202
1.3277023921003648,2.717995847720432,1.6026334874160548,0.8306520261371341,4.48201406985863,2.4486298451579356
1.7952565901307005,1.549322576322502,1.4767922517191057,2.5802728744407553,0.6892582261627256,1.6685398140202576
1.4518120457771553,1.5060134306263153,2.976692117833049,0.13517987097894865,1.6543244355219484,5.190020983815938
1.1276008965251048,0.9134072845966259,1.5241417470438303,0.7575207628353564,0.21012328141497144,0.051540233100139804
1.6343461352038604,2.504196243687087,1.7468346918925122,1.550847028800099,5.100955539142599,2.4633454448054715
1.5579982799425975,1.2979273877476305,1.2588405623832695,3.128194666675975,0.30343834481048104,0.8019335496935354
0.7255828408052762,0.643079559628685,0.7708562113873964,0.7676592140803179,0.5095182091934691,0.39747184113866607
1.1745658781650739,0.9180747232439184,0.8693254954879158,1.9664181728043253,1.6334979363089712,1.4283152137856403
2.1542723358723417,1.6653655298595404,1.101091807133383,4.34272331744854,2.888635240642151,1.4066527632909978
1.423876765340502,1.355702479441108,0.7340406431692437,1.9135130181441724,1.9317567840835754,0.2947067349142188
0.4961668692595683,0.940077128618205,0.3677875971014346,0.530431285931699,0.5282798533262424,0.4510328690845333
0.22448797592131114,0.525570331888542,0.5854714113841358,0.04940682748831045,0.0018869749437019187,1.049053665921221
1.758589439621147,1.4456983427512378,0.8094034723916865,4.081963372748363,2.83062739952948,1.0512404266207416
1.347407489355218,4.057827734402838,0.7801642483929171,0.04299772832052263,8.427246429509712,0.7641558836150515
2.2236355579480955,3.3558782125693734,0.5197343263269139,4.154115533208341,3.320548099573922,0.32161761226758867
1.3125163354373448,2.137508342443627,0.13912056898347158,1.5055274409391088,1.2331376777197196,0.008766543230713054
2.990912630942285,3.026748078289968,2.8074265215339267,5.595983685585326,4.681971322217879,7.028848339484699
2.798573142556303,2.0519076857011505,3.68536315076893,3.2067450460462505,1.054749188500104,5.747002014727727
5.15854110103642,1.5623171567622811,2.4930879104576866,12.364388821694652,1.488603429122822,1.321942366408733
2.604566457549904,1.2723087563353515,5.387224485222993,0.8637572336965674,1.2968439338396625,10.617443924229908
2.267422966216814,1.0747938390769731,3.5318667208714962,2.9150505182229156,1.1870521492943749,2.2395962486995016
1.4520308192270486,1.817040750095679,1.7247683733910621,1.0280980052458817,2.9850061998915325,0.1426859851637092
1.189322803737052,1.523435215495245,0.9827228585523831,1.3073746085703826,1.4963428833202999,0.25048754366280856
1.6760443871839836,1.0358529540276875,2.4832490210134006,1.9750658152562308,0.7616926707079176,4.956517842828916
2.1062266204816344,0.7586600582890546,2.113213682820993,4.13782812806478,0.5972384449952722,1.9887867403768924
3.6512262155539497,0.45187473960700947,2.5268685608890213,8.280794073682618,0.0769563970632691,3.705359509378583
2.5095354306729365,0.9920245903429986,2.9544731980607426,2.92439422067845,1.75027436168829,4.57085918020684
1.2181448915636581,0.6869489319152344,1.8038465009982132,1.0817683871822836,0.5226293110421566,1.1882043723959128
0.8429909447099414,0.4359001327004537,0.9847705052685851,1.0941391516380483,0.32065189994597926,0.0994857340044377
1.3455494383027324,1.1386265621186638,0.6181598764649906,2.675635551947331,2.1216503812290255,0.41720051139636355
0.8675039455713673,1.4999517612303093,0.3872857279189439,0.5456582401191886,2.2864407441570798,0.13778278320620757
0.5944199693379486,2.036014394164907,0.33477887382074356,0.23413333916132295,2.789902586989149,0.41833298836725985
0.5366822233191106,1.3974004876667556,0.4176267244547168,0.875838663188233,1.4006533686128986,1.0570728309032746
1.0165718851996295,2.549702182589583,0.37675945494817914,0.677218212835652,4.4896629220698525,0.25157277809698886
1.1761311963748073,3.5527909245174354,0.22863707188540228,0.7028293794646111,5.508484219370235,0.3648029147046623
1.0711830085899585,3.1565488776049917,0.6031923466227243,0.5321223319189935,3.2939778145282825,1.1805379019110929
0.8692671413121943,2.5190506507031025,0.8929406814535483,0.08600956187469465,2.018970453682678,0.8315489865043436
0.6793227859573774,1.540338725370986,0.8417720328168387,0.03607120566389812,0.7240095404997601,1.2609387446559983
3.7816649468272354,3.9103430854609216,0.9759814537813911,8.799955958224604,8.142614534830653,1.1213347785053518
1.764023490346844,2.255121573962918,1.1624238004967848,1.116439493784204,0.640785679728363,2.068336440118921
1.6095134994989144,1.154136717415891,2.98898691662083,0.9700774549106357,0.4529404621409996,5.535267600359654
1.3025339028966747,0.911285366731201,1.4154199816099997,2.2766652972528942,1.1673450886597645,0.2282741420405165
0.5137017930637591,0.385088757959126,0.8163762892804631,0.49245051188186667,0.11703988917224736,0.20907759407589468
2.9578083271809716,3.3092778534541596,1.9612685760924489,5.989912507479552,7.678889839717818,3.832009178224698
2.3475786834685652,2.5477577340592856,1.5292308773548253,3.0867855637511723,1.7755696102212206,1.4120462605268904
1.205516448637364,1.9394329752439825,2.0085178126785928,0.1873272772820139,1.6281547391133593,2.908333066522388
1.1584813465137305,1.7573540263164535,1.2533350045342828,1.0811295480667795,2.1330431746036034,0.48521832501196166
1.9992605088665159,1.2343049052384725,2.0694384741036793,4.225885920281707,1.3744242469222754,3.5305767591179884
2.828060606034061,0.576848856512656,3.1856698499830647,5.791123206241664,0.06517762138328545,5.150011739203671
1.6703081613634194,1.0078992102978641,2.4168244703596,1.2599748862027846,1.8951051043843072,2.018364264077464
1.3989435139050315,1.5313246770649154,1.292831408488639,1.900788345152873,2.518786942244846,0.22382838045535866
1.0883797037729186,1.3074814532104377,2.4710604920358272,0.3655247785135971,1.078275514986089,4.513213263658537
4.002076387022668,1.7813134323431505,2.5851139127298626,9.458889372185626,2.8318218439254914,3.1451295917118345
1.6956274161954445,1.0932979532015004,2.4172834046618217,0.5270763300353666,0.5149558225992947,2.7796232911539485
2.529039239390006,0.7703381902581236,1.3599371805606004,5.720018662987776,0.5001987105896646,0.07483930499866188
1.7210538666933441,0.6830911038487579,1.9265312563574408,2.09762611893712,0.35208340330048393,3.2085278935870267
1.3617422570923665,0.7014455993100936,1.0897910162052575,1.871644445744388,0.9304135365279552,0.2968863550600913
1.182868946093886,1.6743521167139301,0.6854952991735815,1.4377035051848823,3.7547920467150413,0.5030504969386967
1.0940686730696236,2.404106672471994,1.1503096343432895,0.5244700561039253,3.519499332491404,1.7214038186126612
0.8020918477221932,1.6400874846855473,0.8258004802175759,0.38845154004673454,0.9652027629948868,0.6157172416293821
0.9817724322012923,1.5230643684785385,1.3307671203491196,0.4981697972410135,1.7789020031064793,2.1655657135030415
0.9696794788848564,1.8632632473879216,1.4870201465724615,0.41266692710910036,2.5517706997960223,1.8733463377202981
1.5717121347688767,1.2008435931657835,1.0276683023319393,3.024481515145593,0.5520519380846891,0.22891374248870583
0.9902564303190844,0.7379885561144494,1.2914646571415542,0.8619512821461487,0.3681848538660325,2.1343120100807047
1.3834327314710186,3.202950553883618,2.628107657205591,0.11916601666553696,7.157969976008256,5.15285764569311
3.0802764449781495,2.1941457582568233,1.4601863559347155,6.954168433053549,1.9223529507979369,0.35135115309899567
3.1515500432057104,4.283335916622676,1.4195366612595997,4.304641940052001,7.9708786311418836,1.8179452540005876
2.841237948642603,2.539202631446274,1.2496844931739368,5.255309107613509,0.8242423829261836,0.8366915333300405
4.4612418846147,2.30050155044268,1.0826753686245891,10.560099538099413,2.4282597595910844,1.230934543052185
1.4210484048629706,1.34195962651233,0.9106895456420208,0.38206739315237065,0.5036098768001235,0.6765482194610466
0.8651599707211033,0.9190294835805276,0.980313588490933,1.0091637097877615,0.6054565249684973,0.8743160381957968
0.9843769999689325,0.8836966503083348,0.6611405636157149,2.8396069509625415,1.4344786441437885,0.05867600916739079
1.8413011983813556,0.8409992688997575,3.6017370448017316,2.381590804842675,0.7702021166078173,7.985570217975291
1.0439604569146206,0.5613871212626174,2.454859597325545,0.3342257695870137,0.3669361808424265,1.9605917083097104
1.5983239497026136,0.6659049278207285,1.729348384134618,3.3838260059726304,0.6100110602712295,1.389118716402711
0.8633115977956556,0.4814795757447454,1.2835216991496412,0.5083413344811726,0.07280603367030922,0.9680926544292304
0.8992544182402642,1.272173662816667,1.386008733434055,0.5067355079392861,2.437656006753503,1.5503401165242423
1.0736182114460773,1.239433956239541,1.1122532785842,1.539945968581674,1.3550069954154806,0.9564135624598952
1.1856071085394715,0.7943087545851272,0.7828538538525133,1.797589048373838,0.19796858829756442,0.8922864993692298
0.883664583105388,0.493014910813953,0.9154419178499327,1.7354116910589348,0.37674523871206606,1.247042774582679
0.2699639012547295,0.19815693448473023,0.7246540310894511,0.19189180594202748,0.2163612838738772,0.6458809054303649
1.6081962199430269,0.7813246884057727,0.5190632980979769,4.198649622582847,1.8965579282055225,0.39702358838705165
0.5970479455299966,0.4091574390342713,0.8942391160361215,0.6174029953340311,0.19789637863411494,1.6265925681083009
0.6976349653270439,1.2458227484491797,1.8418439865053235,0.27740932193880063,2.8071441948428832,3.7000331026757465
1.7498204747252768,0.5247655267159432,1.0206989597889042,4.391916196960067,0.04144837902204617,0.3317034901512023
2.455963200472878,0.40924587666689993,0.5610162780030843,6.231352705506558,0.5737002718696151,0.06656419185441634
2.1157695502330203,1.8640884334084662,0.3711244126712532,3.9628535689499245,4.426708087286613,0.5668801519862033
2.660457298782299,2.0329714444710314,3.372787778927828,3.3163749394672246,2.5354681840446784,7.796303658508344
1.892736806377203,1.0643496329165139,3.0604773611003346,2.12982500239724,0.1515351063720717,3.529355897795429
1.5935211941283245,1.9318913976867995,2.129669171591045,1.6008295631397975,3.442148431489475,1.8120178105999494
1.3559625775693884,1.3631579664928994,3.3069424340563174,0.18200979350470162,1.358627102090597,5.297174820647664
1.465029178977384,2.1002543278468804,2.0243294571138413,1.0500289998205297,3.7518004781940975,1.1785804099184638
1.6816947496788013,1.733062261426388,4.217525253874171,0.9326241572612323,1.8362837606373443,8.182371422320102
1.3798208523050106,1.7209256816015526,2.5683904510994644,0.6015448469525689,2.2903579549908986,0.7028121125025868
2.2647306935287386,4.911559100395559,1.4838752484348845,2.570511159994137,10.07238638355589,0.5496784572831495
1.6259145301759503,2.706696791146882,1.5348512834526653,1.3698649678353072,0.5288051001242732,2.0324884567234704
1.1386881462657732,2.254313565951356,1.2564079804155144,0.16903889447111708,1.9560427961843778,0.9501255075659156
0.9682435650292687,1.321521824858285,1.4227735041538045,0.4973925223608329,1.2335629667576522,1.9689546889659975
1.0200446146789546,0.6683344913189153,0.9633232995162495,2.299340255194498,0.08050255007881713,0.7276739699055842
0.5636997404454248,0.20097023087620358,1.3007170630915312,0.15836968038982463,0.029152724748603358,1.9242414118649682
1.608270908821214,0.15511800882420523,0.9989150630896046,3.8103972460884097,0.25391427879464656,0.6452269583821373
0.8896675955379862,0.9753866790730497,0.466612132588697,1.3669740886241568,2.094460917469617,0.10463409716153169
1.3232420140394694,1.2452077924984457,2.281990308372278,1.310110274871182,1.6747885367599795,4.863927996524692
1.5534505128488147,1.1273303405912267,2.819536137458882,1.7949761531761497,1.6123162667120374,4.29467349233531
2.190110933448747,0.6025615414986464,4.3476173388190675,3.4822958258889534,0.06475046011530385,7.067046381287035
1.5439231943802103,0.93344713900785,3.0698471215448664,0.8548362678904304,1.2671280704332475,2.521278040193317
1.8638815578653578,2.358340958825902,2.329903009652158,2.266507795845702,5.170501347348591,2.295948652384293
1.7591613815627878,1.5690431147540571,1.634789526171451,1.6681866820699471,1.0136402108545157,1.6374347303609094
1.132574498115482,1.5504170127765724,0.7653863717692121,0.6212962912021415,1.9612450543004132,0.2692180406335095
1.9965071810332664,1.97097753121598,0.6254239045978929,4.217822870880717,3.0266077407690193,0.41955483220819334
1.9126243678722679,2.184427989582839,0.4705159103669715,3.193300267505465,3.064262002438511,0.6834873407762075
1.7538813104282513,1.6161728087249,2.1127272314211916,2.148533138769752,1.46494094071239,4.417394804775742
2.2708104522425026,2.3918908150924376,1.1133732549125221,3.802011437083213,3.903179731939843,0.37982746819398644
2.5097543680144887,1.4761731376314662,2.6694947308086787,4.03924127644106,0.9931160940737073,5.1246082550235705
2.116049090663993,2.595563617788711,1.8588478661756005,2.464490641818622,4.390930118519236,1.4795793839906997
2.2132844310749675,1.4955901731609778,1.7832860550876266,3.628173701241865,0.5494715870684888,2.514533639559837
1.4953072873529496,0.959659227147699,1.0094904803617029,2.3911593287439676,0.6576093548310205,0.23361711625902384
1.125563431616184,0.48402150672999544,0.6567049720742822,2.27974858345773,0.10916713797419132,0.6267754292876562
1.6943702684819837,1.4219670641182451,2.971369358427824,1.9278728380443764,3.1751751245660222,6.365020684432379
1.8813343309350388,1.2372805504034194,1.7386755164324132,2.7944407832521283,1.0793256838895138,0.6189011172146697
0.7915021604259205,0.8621076431848117,1.2203093746729436,0.345388350922558,0.5204363341352225,0.70343655532151
1.7573847729568097,0.557438745290196,0.6793835050975142,4.255092636104306,0.5273850141857126,0.4402895663371702
2.219762198140564,2.2189318337757125,0.4575830503814521,4.109006644285871,4.633366842642646,0.2763957625190784
1.0439762599658864,2.5488855175863283,0.3686798888152681,0.05936702308604403,3.590530419856884,0.5312088841361671
1.9438864968830722,1.866066515893201,0.9740698280248041,3.4952947525506275,1.61277010638127,2.0562716314489786
0.9270011631432808,1.7002687854266991,0.9783476486296634,0.2759278148075113,1.9148026215603047,1.215288904864278
0.9690366750794355,1.2640822132657203,1.202206287037909,0.8162939650186172,1.2861464265904303,1.6137780492043168
1.390399984053207,0.9884152802179321,0.753745514894853,2.7213176063214832,0.994064196293572,0.2610485884259555
1.2162007899021563,2.4668557272199334,1.6915009439763358,0.35051686945912636,4.941460373979956,3.240153076561151
1.957817914093733,1.3538045272743748,2.0782609711445628,3.4071348443171448,0.2684637409930087,3.0658307920926067
1.897118338414081,1.0953234133307197,0.9462051730108444,3.5691805940244477,1.0841056119852321,0.04365276614944273
1.2365108066169697,0.9809978719296097,0.8698086120626404,1.416390610619194,0.8449028483118401,0.9674428817582222
0.506065032905489,1.0254005802917203,0.4048630584901035,0.012812697234830334,1.3789108878308873,0.1424992649102423
0.8574471362179279,1.001850398031674,1.458577387396987,0.6766546854237102,1.2236206196742092,3.1414517670366338
1.3764333723923914,1.2093063965911182,1.8163232772305142,1.919058988727477,1.4633167426360654,2.6732543680447662
3.391912407313394,0.6785080815951803,2.6832356432902973,7.946326935948816,0.3014573632911079,4.645332641771919
1.7142447509120213,0.7804914038349393,1.3959740925819677,1.9983314981781268,1.4395635112833842,0.5394327434684684
0.9063638389548702,0.7430489018770143,1.28055932446585,0.6016793940202341,0.5552491419101422,1.218700165806874
0.9214663109694166,0.5417488990523814,0.9095137241367954,2.010275055883101,0.40749414284246116,0.40787798301320505
0.9595657723779133,0.2626088045034719,0.8251472858447936,1.5529940135553426,0.1340629185985907,0.927995193560582
1.381002058770942,1.1540972632454778,1.000928973297203,3.026850460258931,2.8764604291234717,1.4773071410256375
0.5569422322452277,0.7811397648077979,0.5422109306738616,0.22629403459165812,1.1152822008275738,0.10961109941676302
1.5438529638239502,1.0730458661569333,1.2980577000554765,2.8628169614729657,1.9704440853964258,2.5096230053606536
1.3206019814959304,1.4752202520417572,1.3951007215025188,1.558572038139779,2.600918535596214,1.5674280412492785
2.8740496308174377,1.6473202838463723,2.209701344491399,6.593242555535332,2.274602278127506,3.5317041715199813
1.4548967430358406,1.2470260872902155,1.3442407788912725,0.8367121799782223,1.2716469439915332,0.634305533755021
1.6233373359948764,0.9848231153961846,2.601801723242268,2.002727394690046,0.9817144156940993,4.6727203109104325
3.5486197827508072,0.7942663440869329,6.482872713120325,5.377321951137103,0.9430813306115042,13.281960022991099
2.1114084439274787,1.3075711955203984,5.2603857041663495,0.21630599533054923,2.0435736074944884,5.033994705870552
3.0574982044133896,1.000133616228769,3.9652959734038986,5.536507853677537,1.3655794293212293,3.0091873425444273
2.5615710336015147,2.108765463998651,3.4857477195265307,2.328771767115938,3.782703280820505,3.346553920507356
1.4690844086269303,2.6623202935070736,2.424369994996701,0.1404953005822166,4.154120507622715,1.7054314864977111
1.1265076691269815,1.5614701713227614,1.2712209911900703,0.7161048328564796,0.3740099208709319,0.42182200714467705
1.474871871274449,0.9487165325710694,1.5331362897842271,2.463181990242625,0.29290595356130145,2.2604578478055704
0.8755457732961023,1.3658960975574743,1.8607201657067254,0.13945185478952263,1.990672889452807,2.4948256266866586
1.740240521078353,0.802803411768885,4.338297863996588,1.7453634581899276,0.7168550950238902,8.451432955990617
1.1887022664915838,0.2850260270718675,2.8530687575040314,0.8489382630227224,0.03749063916685267,1.5587234938389474
1.512411929084345,1.9219133477779446,1.6807573113401102,1.9399923809496695,4.39002210651168,0.6331757371652856
0.7264239544716597,1.161434245762049,1.643931663148529,0.0936424785559097,0.5146957301625062,2.301954556797353
2.675034566706324,2.6558086220789123,3.90373455907002,4.104225689753825,5.298072151418952,7.762582177909924
3.524528067843497,2.188212005641118,2.051982301731777,7.260388750288683,2.5276894460432042,0.39011804986083887
3.7918464842682185,2.3708393934142955,1.4346908272484125,6.9396713289835015,2.8764682754871407,0.7890441596969796
2.0998101296759377,1.2457035774942087,1.5110114163698996,2.76980531392246,0.44994418363467825,1.5612524047648166
0.8565830952186945,0.8277573739655142,0.9024977110024894,0.27872239766761153,0.5336539216044496,0.3731764157532934
1.2728968597402042,0.8949645907079329,0.7099849874004632,2.83981146232072,1.4732276457610387,0.044942474361156656
0.5858966294426896,0.5369743425309162,0.8481389529269359,0.04978844456502263,0.37772545371358757,0.8219096655444872
0.6978648310094842,0.6087088865036064,2.1317199793464567,0.04474389546894773,0.7289295339123635,4.01046191474042
0.668642958645062,0.5252999874086729,1.1952742289034628,0.7819715404344604,0.7756309995184166,0.08888290565208987
0.9366457297371054,0.19483641059047493,1.0993943430126032,1.3413753498433603,0.347825857018909,1.1204836742858888
1.3122542440440994,0.2964359164857257,1.7290992450666245,2.9428978451677135,0.4592863397809329,2.8726570901013617
1.9403590440497789,1.351379932948691,3.185088937435848,2.299571453781638,3.1075508528397857,6.123000568606273
1.8405784485699148,0.9008918737238749,4.770412024942978,1.180829974791417,0.3659135679294845,8.46382289361228
1.2469156646795951,0.49890135344230113,2.8013664147873323,0.639382325116814,0.05774030602820748,1.0962568739750207
4.495990301580324,1.10594999996684,3.7321986282324704,11.703057523313959,1.985020785997013,6.006895699581159
2.2782578877490574,3.5515418460827437,1.8499065783593551,1.1108835802200683,7.457996674454083,0.07212288224971349
1.4933787970005508,2.1734063595262088,1.8383374985173853,1.2007240968490858,0.8045817465219736,2.7401880993357652
0.9956477941889522,1.203052181161767,1.7358640385360928,0.3573535849091114,0.2526138542297509,2.0586167250755727
1.6894782666175678,1.2720968208921317,1.21446891374636,3.1676334012746166,1.6897424657765427,0.5740895047298298
1.9391026486769396,2.5919326727992424,1.1679579413344043,2.3662644760731477,4.736471634841372,1.4157847194408713
1.3448413954380265,2.600361716104546,0.7087325566080201,0.49889705890635194,3.0655258598665625,0.27749850748399635
1.2588321842746468,2.041033315056711,2.1321508622987766,0.1719461138047574,1.9484534934138977,4.105165398243348
1.5692941747136349,1.4349747940383268,1.4453591412620042,2.2819916414744807,0.7568378418414503,0.8860164852697413
1.5615647466280878,1.3853842040025595,1.5371410931353495,2.125590188846286,1.5612489973719013,1.9672367872518213
0.8165869228610139,0.7533525247082415,0.9363219672512798,0.6383716973474793,0.19135914691288183,0.34579529042488505
2.3463848189315937,1.333344375454267,0.8291820383030598,6.0263088127702185,2.2722883049725695,0.46175890435038225
1.704019653615833,1.8053647546029707,4.245149200004957,0.3275285663893017,2.582666803827605,9.64574980999098
1.8152067798129878,3.444486373335217,3.093345254706047,1.1324469450068233,6.706622275234839,2.7974335572116735
3.402467113613726,1.8454703593129294,4.032334440739679,5.751136865599309,0.6032844165635045,6.538858248032753
1.501401130361173,0.9013119168227732,2.2921617247980013,1.0885142853871002,0.037257727699950845,0.7015310642352216
1.3105911912638801,0.9079599837143982,1.2756083746967046,2.0351300354602055,1.5775920788985776,0.3596003801120949
1.1263431495151632,1.5018546884467239,1.4036960390150583,1.0136486060182792,2.4537358467972203,1.3986060317058464
0.9908094058309747,1.9488450220522164,1.317692538826444,0.6410034601337625,3.125179989104028,1.3650803969456982
3.0461276902657946,1.0324731932224864,0.9831048827188642,8.267541058263548,0.430695368971014,0.3846141258808948
1.439111521892967,0.665394491742069,1.5792192231049966,1.0530091516908464,0.6069532892664263,2.642658633773034
2.112015095385378,0.9740094940747839,1.1182048505394828,4.490505013696264,1.4373030386176593,0.8981367286280244
0.8484462356073663,0.9791703744562266,0.6997961724602763,0.5226116249677809,0.8027494003993403,0.4124874006327947
1.0886606887941617,2.182896929282575,0.8075389311140733,0.47932016275771583,3.9395460444791435,0.8068844945726535
0.9665548153843261,1.5261884443981448,1.0846395037778855,0.06325809819111,1.2839963773741407,1.6586610857163673
1.5097966347733138,1.967606644202077,1.5459275106046027,2.1091917177519792,3.214666698183895,2.5926947637832405
1.1037019696507595,1.7316000267737761,1.20085021506936,0.9193981083444027,1.7379545554010076,1.315138828456916
2.145226877908943,2.1491398515538065,1.1682317867716727,3.9954761176535873,2.9664048800010554,1.4913877405687002
1.2389608033258537,1.4152373411676697,0.705352738128443,1.2819062294056274,0.8089501562901705,0.2991959687141018
3.2477989835184182,2.131625865487863,2.2787404124295016,6.896164682401602,3.560649652472016,4.922948875017541
1.6098797285008557,1.3645848065436994,3.239712706871168,0.4104243565216768,0.6419877769418513,5.282396783885753
2.2273517181537787,1.2407609476655017,2.4796270863090086,4.059371009459821,1.5797514868026241,2.3004002449699867
1.6907230115876517,0.885630382290519,1.3827626028132414,2.997554609348595,0.48161507286683036,0.03557738747031956
1.6083868201679108,0.9200452942525216,1.3512819560650549,2.9473840877800725,1.2907208359302973,1.5403770625439712
1.7399271125844475,0.8636005641742941,1.3207819209698353,3.725865221629178,0.7659651191650224,1.984287223773896
2.36954239362225,0.5853332073127682,4.840353336867892,2.862784225207454,0.62041012449527,10.462896735459903
3.01934230184621,3.0078553952177183,6.817414600585407,1.9681775008471276,6.821587642783421,11.07668278695714
2.0125777617450367,1.6447814634903895,4.998319680086393,0.28138797185516495,0.34888322370799885,3.8983883657502783
1.1911806186050649,1.90331302469985,2.5000870463014073,0.06613382669997142,3.095988075722161,0.13191850945922087
3.2957040566985625,4.2374985982647315,3.7726960500414606,5.072766603628528,8.29106008061859,6.12701138255673
2.0575859479735126,1.9628663335826586,2.5045397213580993,1.9176153788615604,0.04020437114832048,1.8969112769479335
2.3106283591305083,1.886315023375332,2.6321804448880552,3.184545077863279,2.401472189865586,3.2277632470111994
1.4039446006231822,1.2403018100644745,1.674093154015879,1.3137167205395892,0.583144071934809,1.0457722862791181
0.8687202987892567,0.6263198174537955,1.0219993742070779,0.24955832834801606,0.08266054802875655,0.7703530543854697
0.6327031244607197,0.7743358172615246,1.1877576666106529,0.2674874982326768,1.0313064456417258,1.2444238698800707
1.4886553804576532,2.6082327918781725,0.7513479172987906,2.3139576298894227,5.473449123435202,0.31769725945988947
1.0252364813390604,1.3344069627596764,0.7731390963875588,1.1253114398483806,0.0236697015130841,0.8834268393647546
1.050638103277393,1.3303611742310013,1.8264344116051967,0.44759934978327226,1.7729090426829488,3.8984763583744537
1.0263090727186093,1.251964512540676,0.9410224713991906,1.352952026818662,1.3918880906660624,0.07737872011532168
0.6929922333904495,2.255397439293105,0.4953934529348301,0.13272610158691933,4.133195386274872,0.32710491934074337
0.932803934128452,1.3184550093792264,0.24599913336484064,1.7444108646499012,0.17548157211433285,0.2673283106444518
0.895662560919335,1.7363951001664308,0.4616228627622984,0.6266655932249148,2.2884290675968173,1.0319294215647037
2.4459925166868293,1.822782902289904,4.8374894092593745,3.1946145800639236,2.27955429912863,11.60957225107102
1.5487907605865416,1.843563514086193,2.5017835232792067,0.7431767943603876,2.2117573512318516,0.38076696644369884
1.7034258308092975,3.3063949739230574,1.3842163400532639,1.214747018390625,5.706192233474985,0.3144369437843006
1.3743502011568782,3.08748079349738,2.609706746397798,0.023377172101861805,3.4642003657678564,4.9315197638919335
1.288448515264366,1.5928931528824843,3.0598938741806583,0.15041044461339573,0.08575806388420938,4.274997712125471
1.0747576661298361,1.514392485389311,1.5264196925485087,0.9967849941714344,1.2738469539570494,0.06554307730650716
1.2646393772037745,1.0599622963030808,1.9748782899312565,1.3076176975600253,1.0148397139631462,2.7862831814003903
1.2991942642795582,0.8325003897524571,1.8974674492376722,1.8326842069838267,0.7425541361117205,2.1311232663671635
1.256520490973428,0.9231675229117967,2.1307682792992684,0.6896694301489164,1.200540736731377,2.9198026640147554
1.4557623386635477,0.7938512921566128,1.5239197884854712,2.374768228778372,0.9696472008302864,1.3644241934146666
2.6542035920011484,0.8398990503154196,4.539218140135586,3.9339750088062044,1.132443770025433,9.507159062330937
2.3615205232924406,3.4607794165978456,2.0234523048961224,3.0269012773951416,7.751562064854792,0.08967471292813269
1.1865541263959907,2.0450998224128805,1.1057911701051448,0.08085003279540631,0.18561916226677636,0.5341166533687272
1.528088501884643,3.0577055151054955,1.0521204309994494,1.3098036830042166,5.108021422194246,1.0101708836026666
0.8868531123250865,2.156188030140462,0.8273504364516386,0.22170710161909227,1.3087635785268852,1.1948666792598472
1.2363965868374405,1.910593804646446,2.3949187895704074,0.5542625655694364,1.9549617063268743,5.085937883192949
3.667595881301908,2.2374142435672812,1.8627137760056978,8.634365310458866,3.546067391505226,1.6419809409528479
1.4547318721546096,1.4230670901850924,1.064341160096723,0.30745780434611725,0.8940216950285779,0.09232034186387832
1.2643529171651218,1.1624758397501032,0.864115138605568,1.3818519124180149,1.1257187637142991,1.0480343803715186
1.408573903635517,1.108090020067738,0.7948730949499604,1.925484869922573,1.0536338796374478,1.0773887922928433
1.728728813413417,0.8770019976018999,3.1077676227314655,2.4244466297154763,0.9391467157659037,6.7330666709101745
1.9947506745240746,2.6440502669126578,2.4157724587456286,1.6403648480762212,5.194699620444357,1.8285709426129078
1.3700911915290765,2.838351278393304,2.0123170141373485,0.019637790769126452,3.5313636269606605,2.0192865495753223
1.3827509797310307,1.6239219898152446,1.9171770701781494,0.7904196719957203,0.2308216802683932,2.4983101881757777
1.2844693913447576,0.7995598534136404,2.0324058757460035,1.4584261871453665,0.22885488699021306,2.9396938448376515
0.8650413307880683,0.7331085615166835,1.9182140812887956,0.18393783420810145,1.1167763854631463,2.015995707104234
0.6795481176155588,0.519733049669824,1.1166659451167984,0.8634957821673652,0.2077396473224553,0.54150399969594
0.7242934404428177,1.0162052663579804,2.2929835429644982,0.0675336914110481,1.9304005565120979,4.143675675946703
0.6670594761063772,0.43840505839594024,2.2066330989213356,0.1636753792161745,0.31024939166446336,2.634430829740994
0.7504565936331231,0.6331676420960247,2.2204917159091346,1.0114217070711897,1.4778514770031104,2.708587648540001
1.4015428809833155,0.4550935861638703,5.413378213726965,0.28477701184932275,0.014492273914552286,11.342672719384282
1.6583763216758105,0.6265979434887335,3.9511634133871962,1.6765348078362414,0.7613391921002886,3.2443021148110818
1.9135383199255402,1.2204293915772426,3.4160099072758348,2.338917126316868,2.261387211851374,3.533955026488909
2.4063895822855255,1.2169200034555068,4.156815739222796,3.2247514382215186,1.3234479638121772,6.048490492989918
1.5456603853710158,3.637439025737673,2.1634354624512038,0.4466627485156944,7.658075662024661,0.32770787538816776
1.4853966000217114,3.3556463758305592,1.6609134714422886,0.3666022702701539,4.144594979651445,1.3772244639144888
1.1455214975047847,2.0442042958741466,1.5164955544697372,0.22089763457015135,0.8896724957645568,1.7377030720403057
1.279213461775402,1.0962698209396167,0.9851131200388847,2.023568229408261,0.09310707166861895,0.7987942985952742
1.8282805726781162,1.9500194851398958,1.937165915912901,2.451589879023199,3.7367579868661034,3.6577185978943447
1.3003836899033658,2.923774010019313,2.188727834468627,0.06419149347206422,4.843510162128941,2.8744985551756117
2.9588435002427427,2.830485761295582,2.0625186116769907,5.5043881088978175,3.436580071319831,2.5522489943380555
1.9894220238437754,1.46838929383238,5.561102148077833,0.10674097135801607,0.27381689903756656,11.720479455876623
2.5547311230754297,5.542502832221282,3.0124444842118905,1.558701776191244,12.346101784268942,0.6005389202831924
2.3290980720258103,2.9068471941849987,2.5389758227692454,2.469280008122478,0.598387413058309,2.6595048427363968
2.483936553817114,2.5334599127193425,1.8566779074783037,4.095407104909522,2.576194253439681,1.6032672644305779
2.05457523523483,3.0949677641661637,1.237646558654199,2.5041349457440525,4.772691728823548,0.7508104817555039
1.8549968237405463,1.7859780853163656,0.7885942716505374,3.236231745193452,0.5375560748726703,0.3501045738822433
1.727246993685842,2.658653226452493,2.177154515506519,0.8293654982928672,4.777562070763156,4.5244961037862925
1.9122267614099726,1.690721521514243,1.8813176922841146,3.3729091386958467,0.7406252580022148,1.8099869868576306
1.4563919219421695,3.8095613534420374,2.2751828916013546,0.1670128995163253,7.494137988943194,3.485182611770565
2.6830087046693354,2.314373628269177,1.8571595387778737,4.504100637570432,0.6605112567333605,1.5764327084239695
2.0738256126413255,3.6224582079254932,1.0227369673998001,1.586343365757859,6.133847610268693,0.49686395190659266
1.770903692757795,1.798555499927966,0.8154533589953725,3.3997952193310375,0.11006296837371804,0.8236168079754196
1.2006933496908854,1.8856454319296305,0.9054056374433935,1.2041219438700927,2.4707343939324597,0.9610417804213309
1.8628353730599514,1.5657428346647306,3.36869412460658,2.0632780034401774,1.519048953455122,7.219013942254992
1.434068917839727,1.4649890207146168,1.667156620178969,1.4947956279175392,1.2997044687647872,0.011298410270866286
2.187648660875493,0.99126725431594,4.391608555880169,2.6304756699738414,0.5059026282965295,8.490245095395885
1.880731373843597,1.5712705694715519,5.3327770554150735,0.17030979977791233,2.445603182397474,7.870750632007013
2.031654392111338,0.858462788177489,7.021085393611423,0.12450006263803015,0.4234418063537916,11.119774968538099
1.683264970454241,1.0668825468022525,3.9377141714623196,0.5676543150798328,1.609685646026895,1.2947734079331432
1.6517890283909602,0.6948426762756706,4.654409279871369,0.3476229730303001,0.5840372247685479,6.637887940876938
2.4812242891853655,2.9411985985560394,2.784806319577286,4.1080711140047965,6.229994904244488,1.0070353898553284
1.419718184418107,1.5780543323815985,1.446805504832912,0.4949083163611079,0.0580981236639739,0.05329264304498579
3.056471930641149,1.0878817924072222,0.7802611052275151,7.448205618868187,0.4456079182424238,0.5081005280654082
1.5849194220769014,0.8137854058134021,2.513059993765317,0.8216462486628586,0.5549634965570418,5.811645847198643
0.9084798828115429,0.7855242486880893,1.2349174747122535,0.40207420795770576,1.069102479470043,0.027720610236964073
1.5525967954867728,0.5829706586493101,1.187676692778008,3.118426195188695,0.529833667867688,1.5792903269073613
1.3125196858670665,0.8860784231572274,0.8321323469595212,2.1500324106830373,1.3519866664459266,0.15722423884457695
1.31195738475017,1.9894740436105791,0.6343687473524277,1.3790902174468676,4.118737090242678,0.6748558058468602
1.2120217586517368,2.1058193783303394,0.37561307182904413,1.6209965982312413,2.4900300726459426,0.1844342081637968
1.693221422280675,1.7889176174608739,1.6930788857380659,2.5402378794579326,1.7348200985323814,3.9255030398991124
0.9499869420812251,1.150768337855386,1.4413570000957632,0.5187198913734135,0.18643174036691024,1.7884260442195101
4.285114414123301,1.606885342095158,2.672537472754189,11.217262464095409,2.368288775569542,4.647749551472215
3.596371121067971,0.9189067321332137,2.168737797702216,7.36127995578019,0.3640374876391186,2.331769564466924
2.5915849663667587,1.6742337992718794,4.090186119689237,2.1015061802651136,3.086994992212809,7.08292895912565
1.4080246481982859,1.0937253471988102,2.666936986649385,0.4451435569377867,0.5755155066580877,1.4262004697618642
1.7718705431134345,0.8960747187862041,2.2716423075282832,2.2802955905507374,1.0793033563007517,2.0361518585618015
0.7719187398975533,0.8713937847916337,1.69409918604971,0.14987474366858658,0.8630131320907231,1.7175008758399448
0.7956676444152893,2.0111690899098207,1.34520171711297,0.06226423304723896,3.9153530092697673,1.3243066982770273
0.8643739179890487,0.9751259384929305,2.1508649819821097,0.5959575062777931,0.27059609582774885,3.7410777009682836
1.0985239565853224,1.1576444206300531,1.9526995515979468,1.2421106037468779,1.6677856722146085,2.068601474718259
1.9959580494943623,0.5794075106760331,2.4015942375699657,4.054039850381681,0.3064459759000703,3.2320417136450628
1.925808677100107,1.3272779830037431,2.3850165709801665,2.597805957635778,2.440176162224055,3.086962700032577
2.02904387230192,2.3629782199734373,1.3513015098720438,2.715075809498644,4.709402247145723,0.4240243725885506
1.2921672515916016,1.6492435084663233,1.4940997490144612,1.1084871588148277,1.1404707417964064,2.100578938904033
0.8048125438569117,1.5102392228886339,0.8346299358670812,0.8490970653789652,1.339221732019759,0.4454073441038946
1.3060281706692933,3.001652793701177,1.0122453736471593,0.9273713010945941,5.2462099174748795,1.7508757712297396
3.660940287208181,2.214315391451693,1.3787361411724,8.788127783033008,1.4720734079305966,2.2628992688076557
2.2212448711345725,1.6646312259650797,5.42522650776057,0.08187148408785734,1.3372933213224787,11.781481069942318
2.541492290557598,1.7427370250134437,2.7879969872090924,4.035285983511478,1.7270602668532706,0.06203620799765544
1.6490748735433485,1.682640267277203,1.4541352792344624,1.728703482705325,2.337402683818881,0.1913537611118418
1.023393533793163,1.030199119983077,0.9774803042730738,1.154698162069319,0.22607621525252414,0.16030993675340166
1.415013362131188,1.7622454322513548,0.8982228142939639,2.583843134977741,3.441974274545789,1.0161963142632462
1.2050675311570123,1.289136297012338,1.8429849805331018,1.333668607198428,1.1436476029217644,3.4473236453118696
1.9551037528589201,0.6964224727934704,2.457084922386338,4.133812682535534,0.1501983323815844,3.716520889114994
2.3409239966018833,1.5253166648301852,2.0894466981799535,4.619256959240749,3.0852664457271888,2.671047334008908
1.5729061564495352,1.254058021474911,2.6753081050414527,1.0953974027080495,0.9462569222990247,4.543689741496353
0.8584257015851253,0.692803570666181,1.6230111349509702,0.6482158141702838,0.21153785385950086,0.779754300631985
1.0470280600112256,1.1369464811795797,0.9264310794584011,1.7946942438818185,2.009036821299358,0.18456973870374777
2.1481542909944578,2.142814367406401,0.45038264543478235,4.869111879047198,4.242717495344601,0.11982493539520445
1.47872403900386,2.777825264482724,1.7303806640212527,0.4731217979000491,4.3741160342312995,3.8228803234552817
2.1448620144892643,3.941673554764404,1.9060995871185333,1.9508429153991511,6.324210171641452,2.6219010639602067
2.0745501212204043,3.6844753428656674,1.9718463629835747,1.996956000451087,4.04544895358108,2.3987355542574997
1.9098945480315825,1.9093119113390717,1.2670818265018267,2.641860030253711,0.004286428779103453,0.8300503360472624
0.8415729550325488,1.39855423200828,0.9479851643378711,0.28213125940532086,0.956849709401425,0.9557657821016143
1.8092433689840388,2.0620348981819303,3.060332066277553,2.5163298182542198,3.4134685056608864,6.345584779236095
2.4512050796247693,1.6141286038851959,1.5395036249843788,4.79450641257849,0.9122109345617037,0.13186243505385725
1.4016401818051416,1.3988072574102441,2.1886239933183393,0.3961291215602891,1.8403390211378747,2.9720679578858094
1.0226658664373154,1.445147382914742,1.1373043035795474,0.5424191833743239,1.8644182567527459,0.7410648152527233
2.7790072686785305,1.0059828228101053,0.684311326572328,7.108354077723023,0.9083402595269389,0.0796754132073166
1.3801864676362539,2.3652665310900276,1.374390483825554,0.3992861095103158,4.696712111990537,2.7140157413596486
1.9957795337947144,1.899305069023746,0.8950279204645608,3.853579535513316,1.399249611841616,0.8036790340625425
1.3360483756795323,1.5541918667070462,1.5807777573717445,1.3556418851070982,1.250170520046783,2.5613298981840034
1.8376929093399355,5.6250197440759395,1.8958564491975376,0.5679939399887409,11.99395596591871,2.459637114361263
2.7276719091839086,3.2543984228267466,1.6050210245289915,4.092012003489698,1.3604633481889599,1.5305192919901807
1.7982130676747878,1.7772839493759796,2.0856956940255924,1.1786746511199115,0.39299898545427403,3.0045162681722175
1.3623474758153222,1.3894148191896196,1.5806297457790355,1.4464597382022362,1.439267436284085,1.7399516580914824
1.012279488710121,1.93333798769196,1.2840950733802357,0.8901799183556157,3.364197170461227,0.6755293308704151
1.4452533724814716,2.2572564742145613,1.557363006696867,1.797642685370157,2.999914733620053,2.6493850536414403
1.1648605392651579,2.4480450624754884,1.4743746824948905,0.35711459523526273,3.107833903001898,1.7790046139582953
1.0935989259264334,2.2624103916618306,0.7678491755948664,0.9921418127269471,2.462165864157793,0.025617934741539203
3.120368901845269,1.3900581100513967,2.222623711258473,6.974316083642288,0.5866434349709505,4.63832707363502
1.5993904226816773,1.9778603406165043,1.6631736549817704,0.5971717608480124,3.962222194434459,1.5777468144264972
2.0579276443114742,2.8001972610346826,2.548131774811436,2.1385147690342055,4.478159186283532,4.059433388613855
1.6439184091631676,1.6228057761287151,2.9323026023667724,0.7866484087778541,0.43172200864470395,4.286669260937679
1.6863724009730343,1.1723564608225523,1.9427826065936467,2.96978338141433,0.2795718493936706,1.1774541781710302
1.5082190668945408,3.4394435726754176,1.554556060015396,0.2805335592202735,7.426751596239682,1.4171714740823451
3.1901585292167645,3.2082581465714797,1.0490775396192054,7.0012209088488,4.054821286263852,1.0748676310393135
1.8149108125820248,3.334290627833594,1.0285727706650982,1.2095018443294756,4.474271733535041,1.1936269596748887
1.8099127691533994,3.3828124279882563,2.3003552805442933,0.5385070869954405,4.349727824944024,4.510394851760882
1.5661580104633543,2.2831105705969947,2.460247589291759,0.15267544511187414,1.5604050764533273,3.1036970926317884
1.1032748032075543,1.8763341674598544,1.387511147804859,0.37207588020918786,2.0791877192317796,0.2705530891834468
1.1557499553037451,1.5000091361454688,1.5012252562799775,1.466996690859163,1.576511310804191,1.884796069727541
1.8084545201665516,0.756033544999828,5.157969916885964,0.8219701596103333,0.1051278851442428,10.996778449354329
2.420729876321386,1.4087124980981776,3.3772836555014325,3.530819768244315,2.736933132517304,1.8104577866248965
1.5553482475628788,1.1280706171784662,3.0482982927516407,1.1273543813711848,1.4077370317983562,3.0823591268211255
1.2969812671695933,1.4022338675136006,2.695515262575364,0.571938473951702,2.0865959053346597,2.9312074448187424
1.451673550234979,1.2272635230330482,1.6616971428410348,1.9201978331469356,1.3968815538036248,0.8625430735803012
1.754924498216121,1.1070584786350626,1.3162229687472011,2.4536452139186897,1.3538049752184527,0.9299503549069161
1.067202495832311,0.8372447689385275,1.884285701668585,0.36554389537169363,0.3769749166574701,2.575262684302382
0.7099430656865441,0.6509861712723206,1.6974330569309237,0.3669305402615214,0.6534383082574942,1.3862284886240395
0.5437746731074593,0.36358958623586585,1.4723578684297536,0.07472145601896547,0.34597695227178427,1.6905963647617255
1.335627767598479,0.3760716095639559,1.7645178690423762,2.666660241579668,0.4354820814447807,2.495889721036812
2.052896199718508,3.250532986861983,2.098106734871239,2.180125050294198,7.222162002987539,3.0063308688322232
1.2696194493134754,1.777296312410486,1.3947365747665432,1.2873083392705855,0.3323770632770389,0.6335808191761038
1.714313524381771,1.3478986153590036,0.6429832228235381,3.7179849813523003,0.6274236503322729,0.3175079562180442
1.7705777810810683,1.4129455070791546,0.5358334212713988,3.2763966423387028,1.7860746881548193,0.6900423606870572
1.5403561363190799,1.6375678328334418,0.902273835444154,1.7606620272718432,1.88413306501466,1.4166772776875334
1.8367639818028882,1.0494216460344494,0.7050557061793028,4.054021253058005,0.3344106806888742,0.8375302773027699
0.874134892406411,1.6781185669428957,1.0109127890902552,0.4609437007411471,3.157016661302018,1.6803395261092036
0.842857920391396,1.9739101062491433,0.5462586998445539,0.23738604278056916,3.0761225359720497,0.10989619140663781
0.9039126632049146,1.2345450531162616,0.8152940483748752,0.6287356114562158,0.5418274452417565,1.425681307011526
0.5228381183226171,0.817301686971924,0.626191108963434,0.11756221345992542,0.6812272481719047,0.917684007385518
1.3857293551832792,2.74334074936694,0.9563492152047085,1.5150280856678877,5.560850389384363,1.5300029478516635
2.710604844062713,2.7994616567490813,0.9271516466800628,5.516762410803933,3.493627037514715,1.0982091912615863
1.1761584350849883,2.341418409756856,0.5841170633786793,0.08027683281876447,2.393312822794528,0.6687811912650584
0.8585845129537537,1.146922440529556,2.2135390054693196,0.2604677599662335,0.17162394914385995,4.689063469753673
0.9409637202341741,1.2035887765582638,1.2467393231173942,1.2036864966038618,1.0834773629608412,0.40855769908635575
2.436767715718993,1.415784476667771,1.6557311569484403,5.432417307751989,1.638790310210317,2.2874216766356557
1.485570354394417,0.9251983440744432,2.82831373295854,0.760051222113574,0.4150603734368378,5.171082369874163
1.331020127744473,0.8724131228453538,1.947159724095893,1.4154450075426903,1.1892355836132742,1.5472831390891337
1.06047913916413,1.1390145173366455,2.7395426341804026,0.08492346600210339,1.8377174401137686,4.181546828289003
0.7610739065226416,0.8695144174703293,1.543324508617434,0.32114330267283786,0.7931396180485003,0.2667233361903123
3.570554349090954,1.572234036511115,1.2407691697092482,8.629502169066757,3.036863225283384,1.3616024934331348
3.592044293523344,2.3909390937100676,1.0893184325964373,6.711608615639818,3.670790608258219,1.2213850343743038
1.147212600635886,1.5451002571468284,0.5328225425712583,0.009904445947655232,0.781969323620794,0.016303888055888893
2.58400115664936,2.076731789679939,0.5737147634423947,6.065281597357631,3.6484474058283523,1.1713043180565832
1.4902209321443,1.3149978448111859,0.6127632879027608,2.038419227137002,0.21868479032964339,0.9209931501060576
2.394378394646766,2.0646502705091927,1.3879168593463371,4.048669133953021,3.636976219292884,2.216105789220361
1.6305199379536666,1.2212623072218916,2.9733641589904707,1.212984538184019,0.3315199559754388,5.571908199056419
1.2395804636997498,0.8491571919424573,1.6161307295393812,1.4496721373955421,0.173136737558466,0.17939233000944252
1.2751142672614948,1.2211784440004416,1.0915001275774838,1.34217099901772,2.053190254788054,0.7934361108611375
1.4193397562506282,1.2661895225256221,1.10096792502714,2.1984104741311667,1.2770807536957236,1.1742068513457231
1.2058493647371338,2.5833117911185965,1.040263646481802,0.30083490841891436,4.769556564871806,1.2146193707261224
0.9915355924103002,1.7895497378214944,1.6880676382000201,0.06086396183994254,0.9025653573162938,2.9816190980447637
0.7571256057705318,1.2539141592868905,1.0721265197451166,0.7361361760275618,0.6769748691640596,1.1718012861203106
1.2995960824286414,1.2728033387328836,0.6440101263266695,2.439396695081679,1.3892361481640543,0.05507397596678112
0.8656771389845423,1.233254439190361,1.3669598468992425,0.4509261088732207,1.2174142275988016,2.4764667346205957
1.7331397085005744,1.0707273198848277,2.4918975568683246,2.238236818663958,0.8444944249848592,4.322686668621139
2.9997225735374373,1.522875350531754,1.7124512374979597,7.007260780458419,2.3666502102264086,1.4427012191744195
1.3447584219074087,1.9375743150383047,1.4519481323978707,0.19721278744357393,2.850584656329574,1.7402867885476017
1.6156337630192241,2.467940427705829,0.9827584318677797,2.2331581678090724,3.834427287865244,0.35571054454161455
1.55175168472512,4.033084552399232,0.7119615114435893,1.173075679514347,7.213243059224906,0.49857967318970264
2.22258326972801,2.209759288031642,0.682072226077897,4.052063244387033,0.6202812899003427,0.5362040094471174
1.1765270427009746,1.9574147484303193,0.8525045522517182,0.3899621981172876,2.518220517408479,1.1268429528648507
1.7303373074000765,1.4220414469971792,2.5849867813526726,2.3593797527607077,1.0026030298272275,5.266216307293502
2.136145931030897,1.749927416988439,1.7886421403344515,3.6417417231952913,2.260713542196468,1.4753887379932515
2.571875664444382,1.437693499654952,0.9766317147618716,5.786864774760546,1.2924573063798293,0.4266281515704564
2.214677309359609,4.744401174071492,0.640899885487341,2.299272469969244,10.157754213660649,0.6187315773372932
1.6668430426183802,3.497062083860426,0.6168518892684468,1.3750252252230792,2.61055080149626,0.9690654293080843
1.800806577034672,4.10055404292535,1.2146117517949728,1.923869711101883,6.093684871920327,1.9523945315229003
2.585011784426308,3.6771751324510604,1.0860850698610716,4.0636658187358226,3.60325054701936,1.1597553975966084
2.0479195812344773,3.7374129322148635,1.263229807680153,1.6907781841380116,4.66404863473606,0.9966246328208349
1.3130497214792323,3.258913127964964,1.0815070649853582,0.06171663546781039,3.368529794496698,1.6635710706276834
2.425338715927229,2.1074828249398494,0.7214947984906352,5.345811014598346,1.2292603691581856,0.5537084645460246
1.5304311003209412,1.4947685284717234,0.40850666307480704,2.3393150720223006,0.5801390492230063,0.1643804478067396
1.325185411319464,1.0770291989231628,0.2409585323928093,2.257195087758978,0.9250876075648042,0.049434571175050124
0.39750430744292675,0.5268785742164301,0.3696455305782592,0.4858639960360479,0.04088758017974195,0.5787247359615847
0.9412176047898154,0.8263401163805683,0.2860029475648665,2.1510739873361775,1.4846461415758208,0.1921233993671547
0.8686876583703271,1.1191497086258513,0.35274469582645585,1.0013031297917176,1.4066285829088687,0.8199725419213897
1.420119959952988,1.2702471111078544,1.5054529721613183,2.106702271374473,1.4899358167920829,2.965025061210068
1.3361889598193726,3.740150610485571,1.6463525977539715,0.2254261375653921,7.301720846311143,2.5196359063648908
2.0727231589187056,3.8801520349135803,1.5515274508693035,2.144984636931713,4.848466254020256,1.887979785999535
5.699943847917483,2.0411627618050625,2.364130403428167,14.883445819408811,0.3527889812029539,3.8278575132476487
1.7705560243083134,1.3848605915086083,1.7006223777519913,0.09882599778860138,0.9205265111401509,0.6627597979432354
3.375379881970103,1.158154565748802,2.509588081817677,7.559726225124457,1.103143087718505,4.326581355088891
1.6920259712545094,0.9749460544696947,1.6608181212477802,1.0448113649091946,0.8942402672912627,1.0191167530234277
2.092059297984294,1.7733380942979915,1.180756267596988,4.092066922031506,3.2038917321073304,1.0246311940054698
1.7727718578555867,1.4237553500192397,1.0356759661886163,3.050060113868585,1.4848331325192143,1.0395699907688993
1.2708106708908964,1.4007494155500906,0.4544819523166592,1.6741102118531048,1.6977306556462577,0.20649076656978413
2.1461700024925867,2.281256903470579,3.380244142192142,2.682253571705317,3.8348298689413736,7.417388826786456
2.3651617995493965,2.330121227376047,1.673424634739315,4.215938201916679,3.2790536905182632,0.2981761810296322
1.2584439237815357,1.3072874905039642,1.3580032025391557,1.0355001572974054,0.28361456780825905,0.8337167040614002
0.9203799285438609,1.569204845773545,0.8907228960443936,0.7921184495820129,2.5029297114023876,0.769268138225355
1.0757768315085496,1.2389694825589237,0.639079003560017,2.202792634344614,1.1434035109448153,0.15523008478076264
1.439235918451541,0.7847162995790228,0.6827305872188473,3.2989156859421467,0.6981191805903767,0.33036289491450405
1.2996688687431526,0.4749235978982469,0.5090962207165436,2.873366737641024,0.10262621211957208,0.09179122085932945
1.3450800795470887,0.6751656077252172,0.4081175514619802,3.197130952895551,1.335932049171491,0.6917653342827297
1.1022601863973143,0.708034758270724,1.8166259182587694,1.143924993483773,0.8783644316999625,4.02965990685706
1.6148353839116552,0.4807062566971768,1.2361281041942511,3.4056762127717266,0.5794029927031171,0.8293413161432489
0.786563798089601,1.1731681879840459,0.8517458838063254,0.2561419253071429,2.3727355695260357,0.26407492006375066
1.1669629595260338,1.8723573983366555,1.2642482158903838,1.5726712566885659,2.934882045921734,2.07518792195484
1.5452289050122519,1.2029079517865047,5.324607349350524,0.011550611032507709,0.5615175716866332,11.368496269580296
1.3004987631324167,0.5238172228072884,2.9951373468906257,0.7848583818863757,0.10142363575420389,0.5287744713723295
1.2764964423896548,1.6794343347301437,1.8029263647212441,0.9128691252583723,3.777678074414697,0.6558168370631738
1.5674067494426893,0.8298510923801743,3.7858763292624484,1.0089340703773348,0.020019342460239554,7.140206572409445
1.9433827525591967,2.655083883980449,1.9933305145070719,2.3779530040622885,5.532815533015063,0.39391943777903604
1.398256699042525,2.1681024923451493,1.5078600958486352,0.983870685422813,1.9756802046076187,1.4316613022396647
1.1239284127958262,1.2146500875836082,0.8258127866196113,1.190929171127857,0.7767636297070797,0.547958461415621
1.0544585041019632,0.8616610485404254,2.4455951661635558,0.5424212974639558,0.5659938885214015,5.386871958941083
1.5117005102264747,0.6337345382911959,4.3788412978569635,0.9344208011013524,0.01809292074862293,7.982242231180687
1.2686299379892938,0.5601455838723538,3.613598014807235,0.5156501950660977,0.5369917329819373,3.3715350440263667
0.9385007308968738,0.5444749585233,2.107306846905399,0.15202617651077444,0.29636972505268655,0.7560417863134395
1.1978403039525047,1.0521444366194785,1.6621760991411765,1.8498991906369124,1.8943568701513505,1.0333100812990417
1.2906397535644545,0.5530354180583774,1.0090165561605442,2.206522950142138,0.36435254732124345,0.5549505025648428
1.642240424136378,0.5726751832482744,2.21726814425894,1.9324874602968365,1.5042231721275916,4.428378744465981
1.6615547725545803,0.942184192311494,3.019510554944005,1.2453552300338948,1.7837642330898442,4.919841491658416
1.098383594183375,0.867857705669157,1.8231556800654496,0.9553806895597998,0.7077625521502331,1.0855638691829967
1.9595512603754779,0.6330562166450505,1.6341298518334357,3.98042544378951,0.07138896918164593,2.1373288906509917
1.178559273974326,0.3836660926456016,1.0538540359069284,1.4641161096031872,0.0759310741104973,0.36197252884676573
0.7511919385912501,0.22435464631373378,0.860364098347865,1.3047087830304989,0.053401285666167295,1.141632207173013
0.7452753712712554,1.2282427663361464,1.0899377117730646,0.051953107884028946,2.6874252752711913,1.9966242862635943
0.644719720797334,0.8991119748729469,0.8960629361515945,0.8348157628215953,0.7654797023458197,0.9735774067196714
1.015355092515877,1.7984498936341626,0.8027878850875865,0.9567027297976104,3.182215737397119,0.8850867560074985
0.7926221938224299,1.2895127023351292,0.45671115338072105,1.0177310283959984,1.1303271805937536,0.001998983184586361
1.2263527485063797,1.2085986480626068,1.6128072287669966,1.7358221097305413,1.2066060091834223,3.262278011881357
1.431151458779015,1.2964241312493063,2.524803433487407,1.5254342087057378,1.4385002446835822,4.402542524651194
1.8954869629543427,1.6332338867979812,4.128061784888757,1.8725027165496395,2.4967653466478446,6.977667114231688
2.041785975784941,1.084239925521481,3.2415555940322784,2.8953462575737623,0.6390414813733567,2.5407337189638226
1.9040463338532307,0.5168309282295013,2.118359262843518,3.3531408029703296,0.2592776132311102,1.5916550815122472
1.7557805112182077,0.8495971628092777,1.5026774117612556,2.532569487662782,1.624119716404878,0.6274622299653433
3.606048767471823,0.6234649027923165,6.549207842561173,6.225597450008411,0.7919534012446147,14.527363758852132
1.5542472333931732,0.6935573621235622,3.8593015345603385,0.03680168916540005,1.1685543898094735,1.7819910141337412
1.259614196830558,1.3309673003915392,2.653708203119397,0.4357598214250259,2.0822725311207138,2.286094556468385
0.854658763052167,1.2328331375232469,2.175811822133814,0.015183237062831378,1.3629342817103458,2.293963902839814
1.6155324248883465,1.6867401519126553,2.3135644919151246,2.0852658528155033,1.9366360495709423,3.7319119434629826
2.020379945028105,1.278539528234773,1.105656639389253,4.566164020132954,1.5714023336154717,0.01943924340791803
1.2035743285984657,1.8664962347049774,0.9172999124264514,0.558058688555547,2.69258153926936,0.49755599944083573
2.5137009806644173,2.063413475241296,1.223318291838994,5.235538332447438,2.4479198977277656,2.190440098666874
1.223098276799122,1.6875056089097171,2.481298680918366,0.12431980387744128,1.5279544421118612,4.510367725409289
2.693297155010627,1.7015406564364484,2.0458402190506533,5.449457846000236,2.272024171556065,2.312517434165397
1.5408388065816503,2.4876230835699444,1.311731111489589,0.8665649586130768,4.135968492115348,1.0671355254714425
0.8429662279703669,1.7641679703079816,1.0941159433124583,0.21388092278387372,1.1322231874056075,0.8974410465872649
1.2679303204833348,1.1916215355997226,1.7630964711979733,1.3305650977988233,1.064653833301902,2.678424706482535
1.1894769970139565,1.768175188946014,1.9080100563537663,0.5935171261563438,2.889929564507039,2.7036907764740485
1.15251187176544,1.650417269520392,1.721050365551099,0.6705899851833239,1.7471993880098198,1.86818648325834
0.7533692686727246,0.9305937016783956,1.2145370378988738,0.7342875743225572,0.14730767720921514,0.6891173553406763
1.9942283259734168,2.190239278531494,2.7081152617202355,3.249366039930847,4.453323544857073,5.184667088287499
1.5097745712792685,1.1384566835204604,1.9672289184937914,1.5494142762765208,0.06253371087801106,1.6053881922535087
1.388057904488906,1.803879471087406,2.33961297743882,0.7459213915069051,2.759800543575045,3.1259901091947433
1.6125377824870823,2.049154263217393,1.414469730040783,1.8849295219090247,2.844209060890311,0.48238150905107996
2.205366153997824,3.4671075153614708,1.093259014694113,2.5186234492962027,6.119947982846386,0.8433133394750378
1.311911207357412,1.9235232939821605,2.1528778253464047,0.6366234844160921,0.11130960157647843,4.1521666358588245
0.9980830740057807,1.8321893589164233,1.1989253373817217,1.0673326679182042,1.8169271918816483,0.10281192765843458
0.8272269232975307,1.4343061665892656,1.1878266952643726,0.2599579190428011,1.1166752075166235,1.4361724231700057
0.6178151065504449,1.0519135770213068,1.1574982424477671,0.39970713544427744,0.8028454437225191,1.314423253137211
1.3487127885762809,0.5513316477962388,1.9285354912667576,2.2858673852523403,0.18932161404291328,2.782454527068325
0.6722548522504006,0.7097042319214787,1.1644939931777865,0.4004131229672945,1.6540618175635726,0.6622755381323759
0.8448297642502277,0.9856755967355704,0.6352988810910947,1.4895689994642,1.3041668171309553,0.4945313843242883
1.4842004255234305,0.4747518250697065,2.35062984062061,2.469181998879371,0.22086774490573727,5.2109738349826475
0.9702732435478036,1.0950212673365007,1.7820322127730948,0.22606176704094086,1.8960247041924212,1.695907860247294
1.2227361787918016,1.703919427567846,0.9223013436272994,1.6754777451362937,2.6784637217897336,0.22116953953299204
0.9167026575858844,1.8720257949576076,0.6348815002952175,0.5929419201849683,2.9158239288671925,0.428952844781432
3.825694498101041,2.9556211164248056,5.747506616022401,6.589725943615852,4.715628841815419,13.49477850485748
2.0557759911008846,1.954886267129715,3.2757000143101482,1.3215367426536142,1.0534721930860333,0.4353396099009921
2.6942857024084446,3.5668687664941556,2.3075930306599073,3.2797174348707183,6.11831429126904,1.8856570872834724
1.9007075663600776,3.4029592322426483,1.591564284031448,1.5980224999872223,4.011332696724463,1.0898960513636102
1.4005290664089491,1.8840546159113407,2.6623634463720194,0.08876609855973225,0.703379271168658,4.336092575831903
1.7141060105411776,1.0856430427591035,2.59213430975368,2.0056119671487047,0.3470004484537055,2.8143708742528912
2.786751974196031,1.0269135870027533,2.2077896212780006,6.048401040249465,1.143237964255319,1.8173962389964786
1.4242293293262596,0.8503541269833301,1.105847173558899,1.840656845507649,1.027990309372906,0.02159412168762586
2.0211203274437004,1.0946701029228447,2.292010972420577,3.4206044294154583,1.71472005411527,4.237116773146392
2.3420261999859497,1.2385497313429417,1.467562425635777,4.3118930603080665,1.7511914060005833,1.1763763860268641
1.3377597024426229,1.7299213470809225,2.7675334230859483,0.5177481316730005,2.772484599989991,5.364111594914154
1.0429838363126376,1.516227016385469,1.8006323268511029,0.4766281883603115,1.4262506351930064,1.3685295438386156
1.41221082399406,0.8899445502696038,2.0304467068148058,1.8882541294190607,0.22146682758609498,2.3698081420885
1.1137391636010716,1.9696473276428812,0.965023460391491,1.0587548646671545,3.9079639754813114,0.1436207799339449
1.971713984931779,1.3477910210640156,1.4696368606026966,3.6634299643378476,0.7414451115824038,2.734173260905024
2.716386344451421,3.431704526467132,1.1046991321708959,4.605632707425712,7.101539338144307,0.824967456132007
1.2062704055477989,1.9484768929948182,0.7073824428409282,0.8721209568470294,0.25080925722612074,0.8657517922551147
1.1977317641345864,3.5266347978581707,0.3426909933206107,0.5406552292168861,6.352167811009355,0.2526141753599824
1.6667480099784042,1.7286431438377916,0.2911332577406511,3.0330385915848974,0.19084634751733992,0.3176565523138104
0.7289479165349638,0.9261637160819911,0.14137087438916712,0.6426322454683315,0.5254226080198499,0.41099791406441666
1.2428273171545017,0.6235041441762372,0.2625050662106604,3.45885785103807,0.09539939626912268,0.795607568001289
1.3946723727354724,1.392195123980823,2.067231652522015,1.1023866015108204,2.4423270882888675,4.450691010489134
1.601048278574774,2.223511192686371,1.5897486157458935,2.2025310064107404,3.7982270957159576,0.9185554779739035
0.974743246321987,1.5105184717325952,1.8155090656860493,0.2008240345822516,1.1385735898257647,2.5773388634749166
1.4717469185870276,2.8347821094894563,0.9919378720860694,1.9555841381307484,5.276733237609832,0.17274498890590384
1.4252258337675758,2.1861511641757705,1.1868540688903777,1.20211227592557,1.7846556575266788,1.788563430265172
1.3643995942091172,1.8581727202713736,0.9591907075441739,1.7667202081332096,1.988543117040856,1.3151401610452098
1.5628298966109757,2.41074646923603,3.413185870070243,0.36787982984631584,3.7340767060110323,7.629606296302298
1.975739621202872,1.4947804165486944,3.2561985836078686,2.6702426094970653,0.7042284484187811,3.7443054851116195
2.341161393765604,1.1801966399523398,2.3146280457122432,3.9725885264237553,0.8747343862895819,1.2133143778778106
1.7349060347947436,2.5057185407998523,2.4516288165816658,0.48858065337707873,4.727898259106586,2.9845791700611266
1.3720567276817064,3.102847432370884,1.4030852980589001,0.20122042252560193,4.624533539858848,0.42895923684872694
1.592623254875344,4.702646336650206,1.5202220311200871,0.04784491986314798,7.500044397339582,1.652609068653862
2.063702536827918,4.277838871484224,0.8738120369629606,2.0542853760991746,4.642278655123682,0.15509958886309258
1.731720588456646,2.224257805011748,0.9090570355531137,1.868369946647836,0.2724919441750517,0.8556945578257728
1.6111401270622328,2.5657868276943194,0.6936323182425029,1.5823908267671314,3.471411907346127,0.5120107226470385
1.0882574379666572,1.7963801810692277,1.43678615951917,0.5277933258825777,1.05471802726696,2.5381594384721264
1.7528797113646046,4.718718114616204,1.4070421501242971,0.9915653301304104,9.377398382434944,1.3470447899743603
1.7863475226187087,3.1294951201382193,1.9260968898837214,1.805152095078644,1.2783825326351694,2.7811709403306564
1.6001562068488673,2.478933184122319,1.4620477613753748,1.3734034299838318,1.6141377329240518,1.448431446814606
3.6147622995821966,1.8315630540604437,0.8224747463719746,8.810266326762653,1.5090875904137517,0.18090974455282594
1.3804261467191965,1.1598388366965935,1.735893123065877,0.29338322523065463,0.7764404093492656,2.658827547497152
1.7073503706481412,0.715594253341486,2.2657820470933445,2.3758351248409273,0.1559708432781534,3.582270496042981
1.9858921402187846,2.2424821042403824,3.165813028152392,1.0360992016207988,4.520032873269028,4.67707181518102
1.7875789825412776,2.3361128217584386,2.204321827115913,1.1179306513034315,3.2458145622037944,1.6972265284011447
1.7617065074629046,1.1506806072627056,2.235035849072105,2.528845722838106,0.30054557181253605,2.8014792588862862
1.752126669001196,1.7103514039432821,2.2586880511876446,2.358145150639629,2.999089810256662,2.7890106531046612
3.813414563507182,1.535194025348358,1.2440261801031298,9.47877361572874,1.9661791635322199,0.3386126704047376
1.250830921057993,1.197585575187688,0.5711451501311946,0.2748362482731662,1.052365174292417,0.35878136192228594
0.43465212967509376,0.9425615006403688,0.33533709365720843,0.21987450008131082,0.5861160583485936,0.1470466064161218
1.41447399099315,2.0096192614903083,0.40598798207506803,2.5771655313470845,3.9283549394880324,0.771070963460188
1.3046940810465606,2.182826654848268,0.7380609564743905,1.7273345009359609,2.40920106457218,1.2830405170806112
1.7234066843884057,1.905120500207787,5.161368355303795,0.6408531849000523,1.586995686225867,12.32959191731166
1.1288352086378413,1.6070955083383758,3.1000809638428746,0.16550137469559495,1.881005656091698,1.127726287627682
0.8610917731977943,0.9698841464380353,2.5489724419579076,0.17910174212781588,0.19096599005282855,2.591025848544484
2.063305775893638,1.0750696550033756,2.2778569846299037,4.492237024931178,1.2846030641642818,2.364403227091167
1.0388666112560598,0.8674821180654154,1.2991617567594822,0.42605806371992805,0.4305995208275283,0.4575234832894187
0.640401950902193,0.6622133653510495,0.6716624532963364,0.7812659858951616,0.46735689548237425,0.12057705343549358
0.7718888036728384,1.308554463328823,1.0789391563032487,0.5140636601912666,2.165304435482711,1.5793459045414449
1.0859801079484235,2.4919984797412766,1.5265337654306543,0.8769984696208415,4.8440023389435805,2.4099839290831513
1.8578057715004939,1.6509441277792656,5.804936790885896,0.14390272146325966,1.0342126471943627,12.698325956411804
1.805875204383444,1.030257242955367,3.3500065491983624,1.4640246440510696,0.46575472557456205,0.8882384467339589
1.2949395557015904,1.4598609812145191,3.3941554109523966,0.14001369275488273,2.0924966775224965,4.533751885586639
1.9407092983192658,2.368110962973931,2.2059731847119215,3.222444084318504,4.098787797109173,0.9623150655732473
1.3982253746779674,2.3686837183843985,2.1114319608778453,0.532394615368412,2.759184152368387,2.338574130296851
1.4612804251389846,2.7929525062681164,1.7481360776161914,1.5531093822971893,4.061412937660943,1.8238651375416757
2.047009919226914,2.141892299740326,0.6811422554913229,4.241845632979484,1.5381337069830723,0.10886758498185374
1.7804109651314415,2.323048444098611,0.5914026839660205,2.104664080820528,2.787655285286392,0.16326286315680671
0.977967356953469,1.1214024726157856,0.2474576025931,1.5226712651494634,0.3017959231488457,0.04196538964201317
0.606415610381162,0.6658838590131659,0.4497715530488204,0.7841120849682921,0.8562639899758429,0.9267205611689038
0.6399703247961503,0.5983458484882962,1.3004284105626698,0.8099362024476936,0.9871150403509568,2.739276091973427
1.0406728946463182,0.9075997954916025,0.7798782352347513,2.2142183011394723,1.4319955410410605,0.3793097051787415
4.046200183460833,2.5844056803663893,1.1639893886603518,10.278993349414609,5.292302954554506,1.8620625252133731
2.3509043761843045,2.817928719604956,0.78946580700967,2.1684674539304623,4.1476595975632495,0.6816813126628792
1.623089869249719,1.6251194120116392,1.7333738675681698,1.6319110219359625,0.2889547172577189,3.1890259310439806
1.5571619710545104,1.013382686472718,2.1314449021978024,2.6234910483856226,0.3793925309858992,3.2029012815993276
1.2275108774632513,0.7809996477270769,2.1490571958583238,1.2517458559648178,0.8852144807338879,2.986997729236842
0.7469514936151843,0.698611381671811,1.5818310612597883,0.1240536869664351,0.6870771132079949,1.4881800781941046
1.0304160103721973,1.3598153623282276,1.1980955355599074,1.652428520287922,1.9078343894526646,0.6697338398871889
3.001200774359197,2.559050809542601,1.9400258048775154,6.32240685459067,4.661476351394474,3.315618789251793
1.707197724850167,3.810102340907463,1.0262652142040054,0.38547832588140707,6.555741701751042,0.4118369221544947
1.711850439625283,2.76911406832263,0.6923190218216453,2.342397516936516,2.120339251630494,0.6843035551259156
1.1465213148115931,2.7461407084285296,0.5229467736101109,0.4486226874845159,3.642284303276646,0.4065536809679001
1.4348661826559117,1.9850329152986461,1.0705803438703996,1.534998852052893,1.4897325005467237,2.243005538532508
0.9697523557417638,1.211588923159536,1.4886799630375143,0.20334896740472178,0.4672135681797677,2.3182285152517683
1.0119612735715577,1.3727143913238322,1.449599643560735,1.1970233156917613,1.4875694309294079,2.114038741223261
1.4892186359739448,1.4089415025906287,1.242503608832548,2.8225133170849133,1.6197332705077003,1.0743442182882172
1.2722917481320157,1.8395086465651125,0.8065808514635311,0.8541075229709083,2.7131415465711677,0.21110108342645215
1.5523985232811361,1.1075490760132147,2.3594492375912868,2.186722545752177,0.49662271470729524,4.8420523418134795
1.7274175467697752,0.8894374746246607,1.5723730043234676,3.1738852858327005,0.9187142327329234,1.417459781657354
2.27240147708945,0.6644883519550406,1.2304035142032466,5.239469385408418,0.9051998143273919,1.0450279844644235
1.2984620476066433,2.9637655057788317,1.3838157800869322,0.5348233754311112,6.409925905630149,1.777472209457743
1.119127377431316,1.9267357595075303,0.9338861200480792,1.0193722658290696,1.1737759948256592,0.4283439228482269
0.857220143831698,2.2382295416096487,0.3442483216446692,0.3307306906448056,2.8137613640002392,0.28439199651553326
3.6809470038797443,2.2682710601035487,0.4350397088958,9.78130992409611,2.779090329517694,1.0401539768143404
2.6869846050978627,1.3500670063057918,0.5459836893587688,5.234618194317145,0.617250882957763,0.5155235490439247
1.2941652327223871,1.4134904970764786,0.43278943587775165,1.5528711975982454,1.696655331310772,0.560195928055395
2.125289346384035,2.4977077022883196,1.9113927063754692,3.6907419841239433,4.49435551882018,4.460742600361541
1.556996690770714,1.95736748057013,1.7212208037154535,1.4719339105965725,1.2894673916294566,1.513278321684488
1.7663957204209175,3.334391645337559,1.2504469791155821,1.9541296972434616,5.80512175290572,1.3212401947839296
1.1557163759751379,1.7815864795310772,1.678296130080408,0.1866979590860436,0.48276329103821997,2.339011318174534
1.9311299236890551,0.8848093923754802,3.27229463038147,2.8152028703114778,0.1541057591782063,6.054368016005241
1.2872888336013497,2.2275535993239193,1.819206306743923,0.27327467045781423,4.441160128076599,0.23801433926425722
2.40942963136349,2.7336209376467453,2.2566988916917476,3.4981774698706785,3.7635591454859303,3.5859352027628844
2.950800339239987,5.2783081002698085,1.7889864271654765,3.0467781340373303,9.809816193486839,1.754232250470631
2.177864888799978,3.6096154712295636,0.9075503128150779,2.467110138187218,2.2750814548969527,0.31603545334271327
1.5702225285837388,4.018895797331291,0.9136715935627433,0.07366073610310624,5.51935847212494,0.7052216237001004
1.3463941337996623,3.287930290587568,0.9074854582729098,0.7223080801031003,3.508338150385873,1.3169559908441275
1.4285820020909845,3.0814007111322606,1.420001034848134,0.610640278358255,3.721271835100295,2.3499748997924885
1.1923859140602107,2.006137209443765,0.9113035831112529,0.893000524039034,1.683951425135737,0.555746056170572
0.9152561588026518,1.3523944344649217,0.9797639220013157,0.18344728114475525,0.9637139197767282,1.5309145909010122
2.777280134995041,2.7999215803797357,1.590475717800678,5.527902601784148,5.453184266641389,2.308281460969778
1.587153517277889,1.8239456336129294,1.2164504689412057,1.613986037526363,1.1316803532823043,1.1911001477078274
1.2783686529171836,1.5406507268904315,2.026161961101707,0.7291962438952043,1.5479309692764893,3.975927736676882
1.3008657408106294,1.3517420898487749,2.574835776515002,1.0116148622131982,1.1815938881496204,4.0721374262381556
1.0869147188338109,1.3941146895638987,1.7326433520529008,1.1855272044852605,1.6639833320717519,1.272366615703253
1.8689445441521508,1.1655057938746554,3.844326159192867,1.835555340441584,1.2716634120803558,7.218341449990339
1.287585476108442,0.6860931752922292,2.1138515513256673,1.4500165040908792,0.09831233529796879,0.15718854786579542
2.447534320605264,1.909622596443738,0.9345370400705465,5.036314093035293,4.274958187827868,0.006736087640382995
1.3289792454656837,1.3650455532505619,0.8370798904796698,1.374185025841579,1.1753910862044439,0.958228454161037
3.765294127163487,1.4716167276650391,1.2618317887515789,9.69652653072047,1.7780499312595082,1.8380743065408174
2.3996907054480108,0.8737287353954413,1.4883787960480703,3.8133302266565607,0.2997578400330669,1.984185739824101
1.0402900843397274,0.4395731229221622,1.2839835998945275,0.46767736767886375,0.006787199467992425,1.2942291968884692
2.089963326161737,0.35685252519834487,0.7848384467427262,5.335598921177708,0.5628436671198987,0.26679609043855734
0.8381510386248934,1.2150697098242211,0.5666872754161939,0.2474255590198859,2.438755250833847,0.3738583635172509
1.776199749884682,0.6849667593137748,1.8937523861522914,3.4014591480214516,0.20893189872069978,3.8230867926686964
1.6510579696858572,2.220285668638295,2.5206533122999546,0.9580832373341943,4.791319235978257,4.048560677047149
2.3785679616537454,1.5244013537021635,2.123586686761481,4.207047536486472,0.4842006247704993,2.2410934249649452
2.2358018200505576,1.0273124488811904,1.9373201372392315,4.0507658383112535,0.4578042358855594,2.1825861131076776
2.0667783258652577,0.7634130335519215,1.7893717717616913,3.279025316714895,0.4005832186124324,1.8210255530469346
1.549365520739979,0.2706974936576289,1.0320510230855007,3.121585387128522,0.028160755738606727,0.45361522584878217
1.231247738382969,1.4841153512134373,0.9351061966221926,0.7267637391835735,2.9551136107486187,1.1181093416917927
1.0341066033743618,2.4067710002533413,1.4543242058703556,0.16876265840149893,4.1594356596119075,2.3807621927371523
1.4169303833070228,2.184115245522416,1.4260897278173017,1.0316099294845993,1.9046790154914839,1.5411464746525925
0.9235751785348704,1.371188877480622,0.8418466186596767,0.3811700467333151,0.4170025040200711,0.03751023372610637
1.6454922067152118,0.8806289115289956,2.8718145352437423,2.374566301954948,0.6717232376069106,6.1390507262118925
1.3247849344036529,0.8118500370286544,2.9686565143181824,0.8496008524262127,1.2922474278399654,3.7262882162079403
3.3621099372237135,2.9766395289591947,1.6432085174528281,7.427180604254166,6.173325985845132,0.6036837393821609
2.1001482540466916,1.645643166648102,1.6210731597728105,2.0487102290722485,0.5683135786551556,1.9166171696207441
2.252884129995556,1.9227639542316766,2.6941117496895646,3.4573503508198753,2.630895833058072,5.134127158641544
1.1258015882492685,1.445067579331747,1.376873089960942,0.2843364175331189,1.157667329618645,0.20187620041161178
1.8076068469567217,1.0205922606570939,1.2707428868046142,3.961213086672902,0.7072088922341757,1.3984491442865046
2.3388881087909907,1.00038074517161,1.1063684075987803,5.121602897232266,1.2173030330629293,1.2185057412633855
1.1979254133691675,0.6322446795798321,0.9690003717547955,1.3352002810964987,0.147738162238954,1.0559605380902604
1.3953915527131584,1.5601740735589429,1.9489395904699203,1.8640930996499812,3.2057924215004463,3.610767019575903
1.6912808552543526,1.1238644037099863,1.3731355014878972,2.8947214686636755,0.5575819063355524,0.9581570329492247
0.8870174200592825,1.6773933525784501,0.6574425009968506,0.38435261690915856,2.5849678703539913,0.13156036093595322
0.8943346374783276,0.8584541484240991,0.4546707543453873,1.396585096432789,0.1415926465612253,0.13621026449733295
0.9419970349839649,2.8625500870327825,0.21043368694788056,1.0171996313391356,6.206570656169417,0.08737010859405399
0.7694458969621513,1.6398521511268713,0.5773726074336648,0.31652422209052206,0.42890036032111606,1.0523707051090212
1.2830479603721237,2.4584045071237353,1.3300513181577474,0.916258964913463,4.286758587231575,2.534579895819335
1.0368460201151568,2.4767484769353287,0.946549579481022,0.14121472540822042,3.315924924726298,0.4556149759823033
1.2602733154502281,3.9414856563765652,1.3926001054751571,0.05230175993762529,6.875303113108181,2.079565492994621
1.0340920953940278,2.3396124522418957,1.6791792230593243,0.2904360646571272,1.299756502487609,2.3236695737514177
2.8965428985421218,2.0299664556955523,0.976326034595967,6.599906679954215,2.599479665142885,0.5892848096331529
1.627619400026415,1.4198255928645307,1.023498511673444,1.5949255331162457,0.9263282466840448,1.8353716894865684
2.816977092243039,0.8061098723230434,1.4062014678450985,6.7523556637682125,0.40758459590975654,2.3095295186242577
1.076001363139669,0.9716665209500139,1.2060913996795204,1.1330215820164997,1.1706527463671266,1.2570184142438077
0.7497815591080527,0.6869677337592166,0.8396172922620349,0.7473984566614081,0.3624419622315103,0.8211058500927187
1.5303614794890852,3.5855783786561224,1.2672950669700076,1.4110139495545995,8.03973128538137,1.9307075122982587
1.9584353203340106,2.1062535892848007,3.6512477240007657,1.1578937812530967,0.20239724592295155,7.619572587062781
1.3311377573237455,1.7727150555374254,2.320448634275398,0.22334900119678386,1.7793546788754586,1.1131856561637323
1.4767903069797876,1.7160326011471374,1.640623624928855,2.0478984087949854,1.9694810120199346,0.994289590009663
1.2425051269774772,1.5005271821062023,1.4980582446114965,0.4867899239966613,1.5447251468930794,1.248238388436545
1.4518298873628825,1.5939058498474725,0.8311675444489396,1.9330005690115275,2.1705189850173117,0.15855918363864496
1.200417554005693,0.9090973754759168,1.090152092037104,2.1007936786492394,0.2470054677531291,1.6111240600121433
0.6908311169862894,1.0529957495303377,0.929926031269064,0.32980790310889285,1.6194452502199252,0.7970705118423232
0.2947614418470552,0.84125888962893,0.5194687125563078,0.12662441790106277,0.6771440784855774,0.2589014536557325
1.547474492654609,2.7717368790209007,0.7409220974033,3.0351909864478603,5.632698837738745,1.2556806884943168
1.2109791188099401,2.471357069893436,0.3904607249603124,1.2316332441827726,2.871571431025173,0.006779450413009841
1.2982524794179953,3.9459064462045137,0.7717899626782659,0.11984780020763171,7.1881920740307415,1.0276109353977974
3.7873165067743817,1.9508103996217425,0.4275048958663079,10.54386395347333,0.07655893758513116,0.22350685351224048
1.0681283029911754,1.22479194828686,0.30881652251868946,0.11903416284884737,0.6713180252609764,0.04918527714542989
1.191430068078828,0.7693177349653074,1.5573712018139643,2.3751180270003025,0.43487618349014345,3.47994811908553
3.196143975312603,0.48317676958705214,2.713527037982431,8.230596155313906,0.022434532523915095,4.9598096384329615
1.1016629995006118,0.42091061243557853,1.4339962682020069,0.546717233914294,0.5550034179547626,0.46556634799106733
0.742383062383727,1.0096408539281088,1.3342131366938463,0.3068837224671699,2.271233057195484,1.5500088770175087
0.6911572534209048,0.7799384282868805,0.9228448653120908,0.2588168120480187,0.5255598992550724,0.6513443753127526
0.7621407313418096,1.1478297730587796,0.9795748026782954,0.7227294118822196,1.4226363369768917,1.3607677135189848
0.9400537876132172,2.517172661105555,1.031731730346069,0.21304640710312298,4.375267502758718,1.14764203545317
1.4024787016023958,2.2143802201311122,0.6292425345855545,2.3563589398563667,2.3667587596439286,0.6268233289256838
0.7885343687017851,1.7072189193003844,1.2514065428195011,0.12863292759905418,1.0038278024632665,2.4105711955599225
0.9347531135683997,1.1386070191857076,0.7639393932510516,1.4243425048692737,0.9319242189192196,0.27047359902678814
3.9097466640360787,1.0877763151364637,0.5000803655565201,11.42575977359987,1.2166410279907691,0.10906608852636475
2.3786535875675727,0.7313755233676673,1.3527560618272854,3.363697553353431,0.3896988664601852,2.9192397789387203
1.733593724002865,1.3609533841079822,1.4633666931165736,1.9101641532397473,2.010248084695928,2.1928096411632327
1.182088871468998,1.0735575510471762,1.4207816952790466,0.7312976661739705,0.9055940522505624,1.3804075299074574
1.5226260754334595,2.0003860913551965,1.1140810789258362,1.9557782856380472,3.8260292665411484,1.261433398828439
1.15404295944368,2.115638818162891,1.1370116812871582,1.4974951117590685,2.8257092458376736,1.3759665907546463
1.149190193564598,1.6947542003755849,0.9845731683978856,1.1105423226333915,1.8858504233099145,1.149036831395309
0.9820276048188801,1.1468468268453873,0.8724089847912275,0.28015785172069024,0.9057494526856134,0.9980981336225206
2.115062524992567,0.8675194661365775,1.0940448022301497,4.353742119624095,0.4712720964456949,1.3850571554127813
1.2492562941027567,1.5540942695661009,1.228736262422637,1.1948910595855644,2.993574843612747,1.5037367075981283
0.9233204880701158,1.1041743010994993,1.6527291144688645,0.43288836412282716,1.3326564857349161,2.3546767684553056
1.0188654268569666,0.765627317586141,1.6028886531237942,0.9169703667658705,0.5091395404936017,2.4840913341125166
1.0928678701296222,0.6503285452387677,1.2087611038620174,1.069313869240268,0.43425987637159336,0.9484380595993922
1.6478913121823906,0.750572386610949,1.0169480728147033,3.5151555021810665,0.36160758915919267,1.067303411524739
1.7837864097857148,1.515225219325817,0.977727559027191,2.6456206457185565,3.002613243692123,0.9358425408770085
1.706413445795164,1.112797967660001,1.208255662132551,2.9333166523403835,0.5201005693507315,1.5380521569117316
0.6107383034541606,1.2007618177535175,0.9617484803192773,0.022185120043067726,1.4958077249024408,1.2079060142283264
1.3447723298544112,1.1000109733681684,2.210146146871418,1.0762360528819508,1.2013050520704613,4.407226217684937
1.3260960863850073,1.257218886526522,2.090461264447268,1.3130294420763213,1.7331491323353339,2.3838333245434113
1.2985486167979865,2.314656883162121,2.742412257975078,0.0387576789328926,4.193662139743898,4.578476790569864
1.3759352066492625,2.657087059103616,2.2622675866630986,0.6017054080436526,4.04608294741348,2.4698057680523284
2.1735748109536113,1.762624440547693,3.9697780872537303,2.856649363428756,1.1995908228350773,7.080377490162279
1.2891866491982906,0.9475873307806554,2.8217190976444018,0.29493543466777855,0.030971070224714993,2.019757072042765
1.6950171527633464,0.97799725743984,4.004015366247518,1.5327700905297164,1.111798724815716,6.623635222032528
1.1915476026129463,1.3381396259037461,2.020840956533713,0.48465751215378755,1.8637914042092154,0.3443541103611714
0.6124024957031239,1.1646952478665686,1.0416152768573774,0.02438966049755524,1.6318266384954203,0.10780957290023692
0.8008431483656546,1.2744309174914719,1.4150000829036256,0.5520379237005987,2.1072937493656427,1.73083968309161
3.203559855323522,0.8031234910249808,3.989053035711546,7.448910046285756,0.3346508833452236,8.207966426237737
2.3226182747884976,1.0649280695951733,2.444429577041395,3.2343063159230945,2.0799421758246273,1.0812135838629051
2.863984654455026,0.6072289959177878,1.3476247716613532,6.416695100382467,0.40337971952995544,0.4766244376040344
1.565306973036597,1.4616995651912015,1.2400003175143444,1.338291248222336,2.7767849668538758,1.47437139005014
0.9797940558475415,0.9413312039975993,1.5841119083580553,0.232474908390385,0.8282679889102526,2.092791001763432
1.0613126880187975,1.4228642211188682,1.0965799917176362,1.587966954003389,2.47502769289257,0.7571946882370099
1.0817325204985369,0.6584489196546525,1.612514808069877,1.211655262173857,0.09809815307151726,2.508914315141932
2.431654195911551,0.846431946893532,3.9538166873909324,3.7203817747996184,1.048024457575682,7.3869405151482015
1.4737186048954423,1.4762068413493252,3.7231425165246583,0.20646463217324765,2.441793908223399,4.545336626379238
1.2823167745767607,1.1180776154506982,2.114003548861366,1.3398034712596925,0.5146174728853088,0.6894514521412461
1.1443107182815215,1.9295206806963439,1.4846169598703103,0.3251523674358489,3.172292999177558,0.7911989175557951
1.009053064517216,1.8143699439722059,0.987196158249671,0.7851251900274089,1.9927237675561644,0.9289696898166078
1.531584943179515,1.4502200000832821,1.0038780726899035,2.6739197560495818,1.7713376701746593,1.0035757695303922
0.9024045621711398,0.8751044469890057,0.6091490188598134,1.2925963865832355,0.8725153016806453,0.21143115557713743
0.9505902285700345,0.8918382782606811,1.2698220708210002,0.9428517928431852,1.3173039623961722,2.870656956756946
0.8288975935018421,1.19060782294016,1.018179349988972,1.0033230803171564,1.8193716893761613,0.9093293925340277
1.2224863797113037,1.1050496190329029,2.3161462971422497,1.2303243218338464,1.2790691884973924,4.237528932491776
2.1411450954214306,1.4120832720841712,3.3452993346923234,3.074388403788928,2.396732593342434,5.232965573066465
2.397545309774352,1.1063855331795787,1.734783680919621,4.452817032647493,1.1372517804171947,0.049469411033293206
3.3737309497606898,0.7238663538834169,4.487644341146211,6.2171161260445995,0.4519781463034252,8.93135045905861
2.3926201214842253,0.6333516763839989,3.2865391312060255,3.0920192609113952,0.4814284886024286,2.4759054871144732
1.0730965655444031,0.38718497536186075,2.343117828927183,0.7578612512081025,0.011641352317007402,1.4695732932087127
1.2938800124014367,0.5982512462350595,1.425887011920108,2.330367869362041,0.7160880916299075,0.9870444180268266
1.1700042854072332,1.518634089353998,1.3140704538719692,1.1510949867297877,2.7639485361763843,1.4617734140804193
1.029703921674197,1.9369795382087627,0.9747514103942954,0.5878580804979554,3.1613385420273405,0.7849735562484396
1.7000570006234492,1.0916877818720034,1.325772810152244,3.676087452381157,0.4524654911697693,1.9493647076460343
1.1144219856885849,3.0927585502555437,1.0035881971373084,0.07836823348751211,6.390513765760925,0.1951821663541588
2.1962366584957382,2.0996713527889286,1.3488868365111129,4.640724186080744,1.395928702959865,1.941085233533081
1.7554180535095902,2.955450513915272,0.9803962895412854,1.2378518696785592,4.977317336070974,0.6441187853014613
1.5674319085726274,2.4314627383982725,0.5538823479405464,2.027815262669115,2.453563809733112,0.03558435048665855
1.825960863747139,2.259683060583047,1.0109009138144587,2.1538224714325245,2.563388915069577,1.6090773193359151
2.136402091267726,1.2497053777689027,1.3100864573997684,4.509833796118041,0.17775777680316726,1.7276231221324665
1.3438097575713204,0.8715001727617266,1.085248555693405,2.0248857840085424,0.4968999671800749,1.1122353434593002
0.9915689153313496,0.345417483215486,0.7319925925602772,1.903491728221744,0.017707827531066846,0.1500640680431991
0.8301567540881855,1.2544756517886293,2.1002757845606186,0.1379544015638108,2.518461160293932,4.47627351692492
1.1000314338176087,1.07385197821917,1.6263674533658146,1.4613160839784363,0.84452567187171,1.8905680453185267
0.9897169669513494,1.697306583872692,0.8047121212044065,0.325435547513243,3.089666125208402,0.24594789434173223
1.3708612683744463,1.1674404442175772,0.9088523544180774,2.67450383828549,0.8278099070473034,1.430501658857913
1.1267238653607432,1.8783314740526325,0.8812965909035996,1.4357894646508567,3.422207770421351,1.375341670094841
1.4871772498292433,1.0613056275652848,0.586078835118503,2.2802926933430165,0.2801299601940227,0.12460603024657946
0.7895726286054813,0.5970883116869482,0.9690193390844873,0.0851322388327087,0.38080380629716953,1.8671774850607366
0.6161822635515334,0.6704961915676718,1.9118764511232142,0.17720786933695706,0.8336888338677386,3.3039226959353925
1.4330013669547306,0.7480955999828085,2.2363053955380483,2.519840759965853,1.0501445504400184,2.7646688580091197
0.6406795470985744,0.714849671211169,1.4139384512390345,0.14962885926925268,0.8575784583628445,0.4537244494454563
0.6176218537969566,1.4332331285588313,2.2970983840619277,0.14784585373802417,2.8848579327758084,3.96524724623138
0.4435300911204921,0.7454261257930621,1.3958778906295775,0.024364760019591942,0.20395779650107881,0.8387492945340668
2.7653928671685737,0.6410938943743996,3.098047791271382,6.270052972439578,0.8653140180268668,5.856460481862974
1.8977729861421255,1.8638516815927515,1.4852535162355662,2.6750720860313217,3.630957105743245,0.14890398559176662
0.9858802754580993,1.110958184822722,1.041224200990137,0.8715952714673983,0.13826521377505846,1.3318762095286527
1.3508746038739026,2.8945402203930173,1.4236069206374735,0.7034759624601976,5.706504844652124,1.8182547858061604
1.727937017439604,4.8918096971055745,1.0439937252986333,0.8606529013337602,8.583179130710398,0.5691075373332231
2.039223087049856,2.5312314826559392,1.8306867593570904,2.9802323994633007,0.1854769613333551,2.9513897357208565
1.8079730627043795,1.329678761392056,1.7626370114143681,2.1656980352570065,0.6885684037564542,1.9717944392990014
1.0379203935223018,1.1573387030008373,1.0299827553874457,0.4096143102199993,0.9317066387312531,0.0365508402093812
0.8039575263444613,1.7662874624224976,1.2565211762978687,0.3825857629100438,2.995715873428453,1.8748683278456453
0.837654099639578,1.5595693213496151,1.3440625220448545,0.20715898238867897,1.8123185186024848,1.3524945218120386
1.1098464148102725,1.4728246022633207,0.8719896541095273,2.1594008200670256,2.0677046493723217,0.4363846619790557
2.406200039708484,1.8244719500849689,4.804888865597702,2.8910075984474317,2.8335881517861483,10.920838441140509
1.8146269732642337,1.0351619205735474,4.328667786996002,0.6158958991071806,0.2510788261934016,4.549204477942068
1.1563355811657035,1.9187607303783636,2.4856895304276065,0.042334836903230255,3.582032973538932,0.6920570517801199
1.141925771315936,1.9460761583427992,1.8924042259479956,0.1714898149138722,2.445766328047521,1.5577191848071132
2.8415871102879415,1.6322569545924273,1.2355375089101135,6.875310005674686,1.7223825748314496,0.7610635072709125
1.781533733882992,2.724716876306671,1.7209846096015902,0.7003771306072507,4.409743511321029,2.9877212966176954
2.1070172687469886,2.4067488569088016,2.870394154997271,2.9326080866080404,2.4099890113955276,5.328012082730702
1.686002767946792,1.3139559957593885,1.8892927799243422,1.959865010976076,0.450541531039388,0.8889169477865111
1.2824415326104714,0.9864454291334784,2.061900514859405,0.9623383116586516,1.1233446360539479,3.2755127346285025
1.0276617661860254,0.9542690919676607,1.5128333007582362,0.46055603791180705,1.3626066610953533,1.3799346541670297
0.5735704667634383,0.6162764763597294,1.3816241099676647,0.2588201781142023,0.11360134173487683,1.010278846153148
1.801707007401322,2.62645085298352,3.0971225588588736,1.909091256958961,6.186139601921233,5.5748964264831775
2.0938467748532386,1.6157316673685735,2.1253799556976825,2.9800571166818353,0.27525614123234693,1.4283522489237712
1.7765469296234224,1.6698069805921123,1.520317665079007,2.065111267127418,2.3910919349645012,1.2600086417752938
1.275891920822598,1.4211275435522863,1.5996764925074225,1.5113312553729448,1.4113751111743318,2.2321338892248863
0.5325683226713805,0.7802064701478946,1.0989834912881693,0.08571317461821808,0.05193295949250885,0.605548648780095
2.9513520397782353,2.515102481966206,0.9668426786028792,6.914823059507108,5.17381166516995,0.7854715541790761
2.6383640878545096,2.802999657765445,2.596690960763124,3.20605889768872,3.818881939134245,5.377843726841744
1.7020533928001036,2.0128537062648997,2.1914088970699748,0.6929458572752945,1.4857588739139806,2.269701142909589
3.5255409572743335,1.0962344791584382,2.605094287808001,7.821081145434436,0.5199842344321849,3.504736938506552
1.7708348368590776,0.6367428867110525,1.6746493750026743,1.84201160893896,0.25935853616767496,0.6324697345596757
1.2617872735961628,0.5946563421333936,1.5145668266179564,1.7465710040897007,0.9032039011132434,1.5696049309657936
2.0089657276239357,0.48370282721818847,3.6757388730591285,2.757233256410029,0.5898921995865919,7.108436089662473
2.2412048935190043,0.921514544925762,2.2753732919289664,3.3401790676877536,1.4132398677965519,0.7675165282860642
2.013777249836226,3.193282116366528,1.2685500431701284,2.137011781496099,6.787011841266851,0.34984156358689134
1.0210139040714696,2.3353043062730543,1.200362992812908,0.2741513239607699,1.7111133766990645,1.430319409317294
1.117373540391112,2.7952271640595727,1.0132565956817823,0.8257877846310165,4.4132966897783374,0.9814614010151907
2.460300741387453,2.2195709554090746,0.7189974545065574,5.2645030128484125,2.1046724930604754,0.34770043890668717
1.3866022779804372,1.736287470245199,2.0927743674673542,0.5087927757418879,1.289653402253865,4.388383251435472
1.7454202335592308,2.4333379761496228,4.59514750827933,0.9309622188253593,3.8566374570647404,9.360630433754912
1.4804124251616648,1.6383446950049854,2.8248442559730083,1.131538453437462,1.274925899575077,1.6813564802164607
1.4805085307319703,2.3387444318386383,2.550092505682385,1.157513081846666,4.059447166723141,2.980438645343774
1.5173241278253307,1.3773286259237099,2.996643867387977,1.8983489611044637,0.6894271616089509,3.9185351001567676
2.5574975923686076,0.686510178431889,2.428031317891638,5.7320707675603915,0.27579742818197367,2.4145030537464383
1.1946834553084764,1.844993416444822,1.3211783955153351,0.5506974485483729,3.8663852227684985,0.09032122108566841
0.8879862398559124,1.7457415359395738,0.8424473126967323,0.2590818760099047,1.770626861640635,0.3430819098583505
0.865412914959512,2.520618090512672,0.23477602342927878,0.43997330378772953,4.398115681956465,0.14726981061488786
2.092779325806644,3.4498517589683404,0.10090105822412855,4.359406162201104,5.55567557276481,0.0198574675897267
1.4784043409484295,1.9698000233031783,0.20211463583418673,2.0758481621524556,0.11023993009426503,0.7305562875746661
0.9234403212373644,1.5415952616515292,0.5638023206308141,0.6734835557580368,1.390175331603898,0.9963320595674475
1.354964937721918,1.034710572417189,0.4963249606479991,3.385062375549441,0.9398938187471695,0.5515853507838019
1.88295914000625,1.3226362755481342,0.3402138199322582,3.951893478399391,1.9662418715310581,0.1335720055844
2.1523822863359623,1.8427841961556062,0.8474280571137932,3.748296255962151,3.155793194141265,1.5094626612086535
2.564762227080064,1.2539355731075847,0.7556312501446729,5.024799086548464,0.6586482951101205,0.6385362551808116
1.3840787114107589,1.3469435617599328,1.8540654480511867,0.5813491448292308,1.6274609963766296,3.179634866820078
1.5925422703220795,1.6018761890454523,1.0416664174805452,2.813336441646111,2.4669994628313074,0.016170438194959457
1.3276491735744194,0.8307851100426297,2.0669766211894176,1.2343714157042285,0.28873656108165197,3.6970031793498834
2.415476519423443,1.6756682480783425,3.525678659099949,3.6903021741469035,3.3647367587905985,6.1912678296290515
2.1724393708248035,1.5914172335821055,2.90075287150521,2.6075176038695136,1.8633651611938764,2.518513456853485
2.454760816140321,3.230846306363603,2.5416123749570163,2.9962175077311857,5.973047093208473,2.6458435282848782
2.1150720901509104,1.8423576689615375,3.47502492201701,2.1351683813684184,0.8296038793470234,5.422981574354493
1.139780383374031,1.059717321263187,1.8580354988060817,0.39064039524789174,0.22890554454751844,0.4690948715128473
1.9886536159411927,1.1639235426490584,5.087582039735092,1.5750340483844092,1.4124697076473405,10.430000620141115
3.673105413222385,0.5502128436951339,3.7027352220381364,8.35585319003389,0.1794353916314649,2.9698547004221942
3.4756745755190694,3.081882249571207,2.742056442006294,5.541598776014865,6.981797181771393,2.5934244438162866
1.4739414070222616,1.5597445341145049,1.6798899914596326,0.08826689223517215,0.07890619347946942,0.8959851716371813
1.2211771569138123,1.8947287092260634,1.5641585201683224,0.36020360230150983,2.800818223235521,1.5783361615170597
1.0303398505292356,1.730811268168433,1.4297075499535845,0.2825022803053705,1.4893121464468744,2.1221578520037734
1.4678079178463068,1.1441483959687875,1.4999234636175816,2.589107708120774,0.9196968248994435,1.9369734003469903
1.8773926153582312,0.6897700293627519,1.7874791021991654,3.4051395613916924,0.13621973256304173,2.4414557020814263
0.923147531423229,1.030542466770807,0.8896689277606946,0.48035401670010575,1.94660555847738,0.17194762524439505
1.1743357915175932,1.219595969480974,0.8734284917225921,1.409843227679058,1.7600156278627115,0.8790215801627433
1.7578880731277013,0.8735123909311927,0.8953569761599756,3.6739701409556074,0.6594631764350111,1.138322460199171
1.6398999058841692,2.230160266838203,0.8111661875312116,2.639527237294353,4.820823993382652,0.6039117142300499
1.2200520518138278,1.721025262011593,0.5258569375824583,1.56280828990759,0.7251273753340622,0.37899996897814087
1.231297110638309,1.400218121484405,0.3704114147764782,1.7848930091400645,1.1946757437445417,0.29915310071576484
0.9551821640758503,1.4443371503276154,0.5672332007210698,1.420019300136812,1.5694833502034682,0.9126224542183875
0.7388405080195838,0.922911823238917,0.7511004453865533,0.706357700003241,0.2112363825428632,1.3602317187507273
1.1227594389829592,2.4817050224590886,0.30134264470400896,1.664919614936311,5.381257260003377,0.13009370627899702
1.7233453196431578,1.6629998669454558,2.4927163989690064,2.335187262193625,0.9385234968580813,5.854581306003024
2.3666093549340137,0.8551764363431289,2.4442226925529624,4.132228150214905,0.16845787884940613,2.898411435361268
1.789658261262645,0.7802193079488603,2.5272897734063156,2.022804309749709,0.9797309074643457,2.6249860441814956
1.8008826755640348,1.1374169788828563,1.4553115262474488,2.8636007591710517,1.833594455706084,0.3795638928231993
1.119389769787958,1.098268927043115,1.5162083485539248,0.3488773409782476,1.4416644866004407,1.8516761663305439
1.4078888320971554,1.459408745032398,1.3818208277425927,1.238149037332752,2.3718858087346915,1.5088750717923813
1.2477819596528537,0.8008648291936589,3.914309668189916,0.018750864328912313,0.11416518133771243,8.087551480085448
1.0868042496634693,0.7131632366923373,3.0457850044443684,0.5665273347157338,0.6696608789777659,2.7540490786113287
1.628879633673074,1.5491725875207174,2.2685151499758915,2.5926273712225716,3.421065930034479,1.714920772753504
3.7235719381564687,0.7155811381815376,2.838872022287746,9.609670881772278,0.166532117733394,3.8051049814573714
1.3302803851305578,2.0792991574642548,1.4311185710351444,0.20889541942218554,3.8687571536345313,0.33706044199472557
0.8672731444557673,0.9709475070122036,0.632244658516821,1.0266385134428386,0.19279294177943695,0.03066697814600978
1.9421983172024655,1.8762040830291675,1.2100690021195795,3.2195856378034966,3.5970149504894224,2.3438719066981064
0.9299832884924374,1.285899054501051,0.5679158638136117,0.4564017225231275,0.8950394773954459,0.2069722362939418
0.978639325889681,1.4494396512983265,0.28406319989144835,1.6197438246952314,1.8945778148078518,0.24531548547964213
1.206801318607717,0.8466569546616693,1.2716548775659808,2.641547365136271,0.3318426354126785,2.7304809275031774
1.1387165800732992,0.6851419099196874,1.0187922513122003,1.9141496743295314,0.13691900263361395,0.6308873531315894
0.9217198157608297,0.6877861793454796,1.212048666051284,0.4165708012669001,0.48653488067016765,1.98111936395461
1.0429480688355413,0.43146361143885664,2.584208354244797,0.8782027410459814,0.2735964582204207,4.987658905945387
1.682053199793207,0.48626448401469424,1.4290423776592138,3.063026749787975,0.7491131654114719,0.7609827236533646
1.1929447852106108,0.7169972206096321,0.8934976904094455,1.615888670392353,1.4446710784737637,0.48961341914223644
0.42142756352292066,1.0627149890384704,0.4701724261364269,0.010486671668489952,1.7771539777511174,0.2253586519527885
1.373903641144486,1.853139328257919,0.2432587237581763,2.8625061336552475,3.1200397706308114,0.27958731702159006
0.6132739841745359,1.7927721603388498,0.09541784181831017,0.07189975462310841,2.1356224579485,0.12848554655875913
1.3838156022084063,1.7635333724067015,0.0427114938072756,2.738746922706088,1.8768596312811148,0.18344647458784366
0.7701664782578643,1.3207265785055615,0.47174201328690885,0.45249813730374433,1.0613153964431012,1.1312838783659513
2.4810268689003845,1.0940850757714342,0.5941202651089442,6.343673439119572,1.284179880910557,0.7738708313703397
1.175147105407199,0.9489966416696023,1.3132846083514675,0.9175442825792067,1.0706493439321005,2.4521697300197856
1.264853029941427,1.9364189865239827,2.374420572780802,0.7918166886067127,3.692423243260481,4.084162936070968
0.9150074307683306,1.2542222396387273,2.3776036598791612,0.3224232166702378,0.5227307037195497,3.072125875465481
0.8844324625134703,0.7387592737896712,1.758364435014406,0.7294263726977145,0.011474717506828118,1.5127587390821815
1.9845333986593334,1.3209368438188407,0.992926023735854,4.185471224353278,2.1072007761757137,0.2161553325021672
4.306735766253351,0.8284098881391736,1.4421149014765704,11.217492461418113,0.4524520536253423,2.4741444172815887
1.8011331450481403,2.172057655603436,1.1755778247237865,0.9187115365375602,4.416644310163359,0.9014335631427782
1.5194455213540532,2.790178114465739,0.6861911053962992,1.190628121020739,3.9186480441557285,0.17908455895255226
1.6930422204751892,1.351086702747145,1.8909274678141461,2.5607787424898194,0.15966143280166115,3.696233111840236
2.0508609405602276,0.9073790995702449,1.2534885399564808,4.346551358926028,0.22496811234081276,0.8256336835459946
1.2790169338831912,0.9434490379915301,0.9490635836587278,1.7981020573572335,1.3670733881487904,0.49243757843181535
1.2415206331045048,1.3802330705167374,2.16383992738874,0.9936011989118629,1.879234702409491,4.102906812445154
1.292518332996943,0.7908639558726535,2.6849669684743165,1.0641728863006745,0.6429144021204335,4.648309477415165
1.5422853263791256,1.3181507790509668,1.5261697382610562,2.3789445375116887,2.5231877093857036,0.8279146417551866
0.6364577541473199,1.344031512684905,0.868705850545999,0.00644690670446925,1.807321755229917,0.8763942649752926
0.9770232299389272,0.9060229475437724,0.9777281538605037,1.9330078377851705,0.7855640878078148,1.7332330009439483
0.8598766449810212,0.5932232676122251,1.5935413179702362,0.8785392234594991,0.051397787930126206,2.644323048101885
1.440469259640609,1.3647076673400422,0.7893430755188258,3.1616749762215917,2.7737913341242986,0.13046248609597808
0.5530695489182649,0.7112046355234158,0.9856268016168184,0.19520501797971207,0.48351561785682123,1.7995736335484334
1.3136853132243393,1.7254605718061025,3.0990417131457018,1.7744459787556734,3.597250893951851,6.107573029065073
1.236932483731839,1.1398710314886948,1.7339661182667443,1.3115983237872229,1.0904554981543146,0.6078773888549852
1.6686178450328653,1.263977036477295,2.77814675490385,2.0562639929492894,1.7211323924093551,4.789997653235446
1.5440928148447755,2.136930567221105,3.7510861624235723,0.13410435702136372,4.126329152841141,5.998209538584055
1.8198917083907535,2.843698332980118,2.2282771565174455,1.7349239341762885,3.984664352475112,0.627104040980225
1.8213637948704813,1.843452202326271,2.2237733220906875,1.6487206412057611,0.9289007948183066,2.8064893459008333
1.2674725218762766,1.1784447182569797,1.2815180497140635,1.644963786201368,0.4686337134970262,0.5456526242979358
1.4042797965799865,1.8801262343670548,1.744086131808263,1.8500962654148234,2.9846086439418196,2.675855519811702
1.736825553943474,1.4895713771096837,2.096824807299039,2.256914115647508,1.1350748756416398,3.1932405339918226
1.7699550320731323,1.0002258084307565,1.3791776316018054,3.2693986202319856,0.42649038807626966,0.567926534802001
1.0987486697665516,2.3920819681435415,1.9161652648094365,0.6289303722524986,4.6956951621320595,2.516643585422661
2.063843414870047,1.325745136421471,2.2673436180448814,3.486503377622462,0.44155319512408225,3.3437390571947327
1.3298763698542426,0.7936863803247517,1.4438085190942318,1.379329232519219,0.05229203133025606,0.8881381039790102
0.4701243115753379,0.3991966051226316,0.7687477426474085,0.16037837492673826,0.0409768713034957,0.3671313231182465
0.41375600518244804,0.9004057821568123,0.4800272387003863,0.12067005215011521,1.9473914157975212,0.1929437567282876
0.9719421662032277,1.3019793547981717,0.8980347560557047,0.8136470167205098,2.16749697296937,1.7131292795113815
2.063058175669335,0.7556060003465298,3.469915071238719,3.0732763787940165,0.7451490792729075,7.642365539703968
1.8223202930722222,0.48845189607359485,3.2208130521598624,2.4598187680415684,0.7713572832000314,3.4626498159007544
1.8445093604903875,0.6284454281067509,2.111920973578531,3.1081479929471953,0.8294978848706169,1.1448334795348702
1.1269782333953804,1.1323078184170892,1.6731108451517054,1.4565916664303762,2.2798597291800804,1.538419551172778
0.9553477276445846,0.5172008159848367,1.3037850081167548,1.1603478237958065,0.1197840863674089,0.655697134306371
0.9470967385811828,2.46569257641501,0.7784156294245914,0.3190527684537657,5.293431032988093,0.35601981233036895
0.7650906726483225,1.1707734248155885,0.9309012901188716,0.7955676306647306,0.5033974035224407,1.3158734502434395
2.021342778934701,7.071796123539804,1.038067258636284,1.1383908344384663,16.052356471562042,1.2453832722923714
1.099399042387485,3.699088659566596,0.9516291830263501,0.18554774320512346,0.376331667811003,1.4759960299508006
1.7160167467064815,3.2066983601759413,2.8037140005902574,0.498492443961226,2.952844807192781,6.106917085777146
1.5008651246370521,1.8363596239133166,2.1914433034513796,1.8237275609175219,0.5056920309430505,1.8521534181993409
1.5710342360548861,0.9561049276558055,1.7663152820030652,2.6610618138194018,0.1686049387393117,1.8616508848557178
4.749074317330643,2.27110152921854,0.957728710113023,12.810945761268286,4.157816557390019,0.27398850650569223
3.9790233748226007,2.7752901521745295,4.966223450696289,5.409511208808631,3.9144656472422112,11.303632534238632
2.4810647297656625,1.7273080601465838,3.5847892111746353,2.057604619605745,1.0335881070875084,2.964244859275939
1.8053748023896263,1.8019135505093606,3.435678795378562,1.0937626198971955,2.4239840284269554,4.194450991351527
1.6643585333242585,1.6133385494815173,2.0387149868917134,2.022177591559709,1.6286687045144481,1.06989653805977
1.964102121697565,2.229125893950594,1.6391893558585144,3.0803052694861854,3.834048380644875,1.3948249109948014
1.1023525866610335,1.404510764167792,1.388132291015603,0.25188892897206805,0.7568363021852907,1.4766397896775558
1.0132269357029284,1.3702491473087997,0.8236462867557752,1.0549431023394578,1.48329885235954,0.43157767551802395
1.868783039374072,1.121444046587456,1.3367670463342238,3.662693023676061,1.3286233814567705,2.3390729099115775
1.3289119177100714,0.9080419901069853,2.4419932696826008,0.9684743405698264,0.8736200120724631,4.665608733117134
1.3995487005671932,2.1915618549025884,1.3433069890740064,1.6966673924200901,4.441182080369067,0.3575496712360854
1.1551287739368286,1.3812618119582134,0.5821782416921439,1.772344565063478,0.36275102805721016,0.18054597723037147
0.8943882738091238,0.8067609878772475,1.3504752247661156,0.40784947590070186,0.32388205072883697,2.6804932835794766
0.879317614086859,1.1075006425506015,1.1238422046562373,0.8995721890978609,1.7203385166327734,0.6382129253035389
0.7424823512966817,1.2665648960639992,1.2318158988886958,0.8144672081772699,2.1429335493249373,1.9556012431912957
0.6894308175120398,0.597349078210395,1.4882698155390575,0.05309191042933922,0.43288027477426716,2.379865905117641
0.6169410053282216,0.6698890067149622,1.0972256382221197,0.048978382541060635,0.9909462976956067,0.7769527651331215
1.876883207212065,2.5963605293145706,1.7920423051509855,3.563979224278279,5.858535328733862,3.376362734450632
1.1794889097267858,1.4436918235548317,1.6122430919390143,0.6378524128600701,0.5663642188211844,1.5969664246537507
1.5258316639675205,1.7418968696021153,2.532421935098424,1.4599491874370412,2.207414705686893,4.065106872678622
1.5496301539308655,1.858682133598246,2.4573823303451143,0.7097119801597861,2.695296808503886,2.8818690479219167
2.8138097438796366,1.4129218908611416,2.8355351022622197,5.649592072317046,1.188880822188017,4.058647482798997
1.7187106141184039,2.9448240152244662,1.5539863681793207,0.6003104364011886,5.546009193713942,0.04073479301708802
1.4842884711213995,2.5178085961236922,1.035637815459335,1.1230340328371808,2.6685938170826495,0.5581220434294663
1.8909029260974175,1.6526865005171312,0.6278060514064687,4.122892866231186,1.224700271350021,0.1886388105481575
2.1262967626082445,1.5910292179425227,0.7956217818016936,3.6894797419642567,1.6848504436129863,1.1670902079882397
1.3432597148990422,1.7417999390903844,1.985619503637397,0.41183902538112394,2.359298363023128,4.4138248962365765
1.9510451297956766,1.6893961534506616,1.5265750606365451,3.2454851544975876,1.7939086835052462,1.260495988295926
1.7114946547095327,2.4307937432457853,2.180904532982974,1.2256682929649099,4.218937088473819,3.7904175525568395
1.1981791883528952,1.582888559881488,1.5065226692962164,1.3193043951075851,0.8828748324083142,0.7925496509061917
0.7159815312400433,1.1458052485411536,0.9804355940710257,0.2865401137958053,0.7130234575346918,0.8297285023863616
0.7096487994884921,0.8719192540742415,2.309340809718184,0.16807128414664674,0.4811870647212224,4.518318205905855
1.3528233909585698,0.41448454477087504,1.5570920379152304,2.603460202902878,0.07703049767787173,1.1096147466158346
1.1212374638916718,0.09438871026702617,2.1034601540253473,1.3721888291937,0.08793295892866704,3.1190632931013327
1.1321183971601212,1.4942320948336518,1.3546871353716912,1.1484210082822626,4.081290962115555,0.5400603698859905
1.6652064586366593,1.590499701843869,2.933390684974954,2.615027202630076,2.2688508619549905,5.944063903418578
1.9052702324115764,1.6239683913596827,2.2897081471773415,2.9007093979347705,2.1607536329452492,1.7093484820359044
1.128710880169481,1.4706208778156424,2.3171222627796344,0.34610886152079895,1.907169263511315,2.848603711613121
1.4947145999674345,2.4297189702785715,1.38461694677982,1.884372025833694,3.783855571345176,0.1875572460215753
0.8680059470700372,1.7740154637680934,1.341909718886208,0.29087039905574946,1.308879835574997,1.3571644362617
1.8870851628357528,2.6768265536000246,2.4285611664387425,2.783619775654699,4.086772104490711,4.626048740951543
2.128775356731776,1.637613324642887,3.119088541185792,2.139788201231888,0.8908406635851313,4.191770060397336
3.359193796275619,2.9894346644818794,1.567344032223123,6.275265571920649,5.226594107525802,0.09589035273627701
1.3505966956558682,2.395885628782952,1.2122453806447353,0.14290181501706456,2.3990121240532734,0.7239449569126822
0.8037632237142254,1.3057329876327952,1.0666132670026716,0.11749405364967493,0.5945953383617922,1.1715294441385435
0.7082412398023281,1.4253837344661429,0.602476568155749,0.6630925871897281,1.6606156582386344,0.378123999705412
0.8693227983073449,1.4619765173409425,1.1744740386583734,0.6068254627127664,1.5229829312273535,2.618654128821252
0.7737111896647189,0.9591338483839578,0.7533253615960311,0.5673237925914545,0.2967652780471638,0.407937133062093
1.8220051327516005,1.150296124356952,0.6409785521170729,4.734344948432619,1.789268401918973,0.8512530643002495
0.9719206843330692,0.9354261409529289,1.0448484272491552,0.5741543771272133,0.7560470632072847,2.177010891757751
0.8150142753558706,0.6388886081432419,1.124869159877621,0.6347703513083895,0.10753748379295774,1.3159050627519793
1.8288858972944395,2.487016391203939,1.7220546800834007,2.849224507194322,5.938420532373829,2.683185381285161
1.8342513909794516,1.9473271257962839,3.5571159437924806,1.194728197730114,2.0515995095370902,6.4990773857094535
2.2280050348585294,2.693878552468825,1.9296378820898403,2.9985727965169193,4.189824100467086,0.24783366533062332
1.1959843397678735,2.2667613722153366,2.013818079175233,0.13520087752385032,2.2543692662202552,2.4727696655643885
1.0518136271621101,1.5151234964991367,1.2670540486600559,1.3371869842074735,0.8831703858402348,0.5236236388302248
0.609988053169324,1.3860262001224057,1.1997000242369837,0.06838304987589966,1.437701704745083,1.070498696995747
0.5208327638815188,1.5375922675796283,0.5448593635270701,0.12940390302126384,2.252460929232608,0.06682966951448317
2.372439110998317,3.251324106865093,0.4185949562475551,4.738250236290968,6.450407870452763,0.29215063900543964
1.0776412744500248,1.9216631384916756,0.6221458379238703,0.29989159809289007,0.5851733852479251,0.7706700366582342
1.2664479193401348,2.5966432189754625,0.7396406907801625,1.5203725621244197,4.158516055025064,0.8370575507576838
1.64659884049055,3.3925128587589906,2.3275879788886362,1.0589828438371227,5.156092433923396,4.596891672341452
1.730725300439511,2.510551673585946,2.205276391923146,0.8534081111890731,2.219845106457443,2.708141597957464
3.2751794830902554,3.413069307755944,3.968733472298372,4.601839874017654,5.355040849594009,7.164213581479366
1.5706972559782308,2.2220263181682753,2.594008395961544,0.04413009871000306,1.014592344154202,1.827944395182648
2.1174084973182983,3.5261088121513064,1.701361268582293,2.180036761665379,6.115903815171571,0.5533886049750151
3.085606527582465,2.616174981631482,0.9185878000562596,6.615109958936734,2.4265847079110636,0.7939674436925541
1.5346467001222293,1.4025067527395267,0.5645525767284738,1.642725720561704,0.08582704259911393,0.7708424412820827
2.6642788510905997,2.5986889694420943,0.4994006121697568,5.523612905838238,4.747578640146951,0.7905177219787691
1.058668955871583,1.7020477672038643,0.9335437957876506,0.1073456765916481,1.325130460265707,2.235371103474424
1.1088795670288165,1.338596221598507,1.0745387080642494,1.0852977045945922,1.2335837003918233,1.5134861187679418
0.7399872702411223,1.4075907566426111,0.9744488542843003,0.6026366931013775,1.6715729044656291,0.9736459392165895
1.3683083714265996,0.8025172305035634,0.6308657263345078,2.6247571261462808,0.32359025776513034,0.32289728428104914
2.984713667447557,0.8409980344284835,0.3507827568801341,7.958152357683365,1.2666120316207614,0.04477582493772556
1.1780544262042005,1.7612265372860656,0.42929593492101303,0.5928538951673028,3.557219218339679,0.49393694223620305
1.150688414721744,1.015842229099214,0.2724607018759897,2.1236425196600632,0.031207128070568767,0.22739345094079835
0.8268439362133774,0.713565830961315,1.4402600444112683,0.4415368302685593,0.6374297213117907,3.0783786140431397
0.930502112879715,0.3226413220594853,0.9459416777629492,1.6663374842959167,0.004915207759731467,0.23868891316087318
0.9031209332247639,0.514652919757953,1.3671855749680968,1.2469903363446437,1.0747201692980328,2.576363404275957
2.7221256562420377,1.4320149084446003,0.9672725569372355,7.151482261816231,2.6062277020335975,0.9744092508708979
1.638339557315675,2.0173437469489146,0.6232841250189907,1.8756788560754667,3.2066316724336668,0.15241996834662105
1.5472889226143276,3.105714453167836,1.800421720740946,0.8600475535058212,5.807756523465342,3.3504082343373374
0.9811545447420343,2.1069404228165443,1.4854699144312846,0.24229288715124034,1.8755630928648246,1.7332427192933897
0.8194025429555727,1.2160317671722665,0.9595590167866799,0.32797372744287256,0.5877406717115972,0.5377507651768262
1.2645779537196637,2.6387184762295686,2.2590053992435766,0.5106025502817646,5.157941070288824,4.5015261891109235
1.066906008857152,2.471958755001158,1.1567048276629106,0.5779435711227396,2.986118425951622,0.09262892163519074
1.8586968587900419,1.8570276864966686,0.8576074239801499,3.802470988526221,1.7086445350874606,0.4508413043777273
1.4765297825153303,1.9120237890132639,1.5873568405959873,1.647526970233589,2.3790895528730105,2.789031551492203
1.744237699857816,3.0747334822322734,1.8577618830915188,1.482117289570887,5.162386384354503,2.4714631709561266
1.132320949788158,2.4936247840990773,1.1589212974608065,0.2438130126825958,2.4923277800877033,0.6829301024329906
1.91953217056298,1.6104524558056108,0.50750293453237,3.9342223283101747,0.9189172715394194,0.12806369978685828
1.993997177649829,1.7658381178684284,1.903371127833388,2.5661352237477213,2.4967426677331708,3.9049563539595016
0.9755135910624566,0.8841877368927995,1.443425609395021,0.14013338543903262,0.08222357871217002,0.7528739750634567
1.2178170847179497,0.7070291082472494,0.6696715078059187,2.4608738012049085,0.976874781547622,0.43559924844371856
1.1317758944572882,0.9745707043571581,0.8148009377109049,1.5685006012347678,1.0428398644032215,1.4515962251494607
0.7897430045966767,0.6304046789988575,2.4323622230500583,0.17051749093933655,0.36505491859084294,4.820946473771983
0.7738323233671942,0.359325286386288,1.199918633237404,1.2260882412134049,0.04671224731055814,0.0890463748246572
0.9918009615343422,0.3653290346830748,1.828356342406843,1.32599763682987,0.2863122364236674,2.903194566538552
0.8090518226641431,1.204634490474847,1.4114053567908358,0.3625031552436329,2.126228699416784,1.6994767357227853
2.5655915804948877,1.9643292002195645,1.4199636357582714,5.826393854798992,3.2418959633673037,1.1083332312893746
2.9893610767586387,4.332197476511283,1.845077700464985,3.79391161646937,8.879903570273404,2.7257842373401218
2.468067293850061,2.2973385086297373,3.8802282179941296,2.211408780520436,0.850407794396084,6.752488110021724
1.8976451553529852,1.967984109669589,2.1378478171558495,1.2408924793377714,1.8294799810960352,0.520668801094843
1.6435463207337033,3.4117106489813405,1.2312705456213267,1.0612593435136881,5.5338485293124835,0.31014606195961353
1.981916650787124,1.8848963177003621,2.613168721056836,2.105214668628117,0.36554359148416593,4.880977665916374
1.5832879503746744,2.0359506036222115,2.1487483776808722,1.5768149486075849,2.5291844222396986,2.2109903074086863
1.0812988196057547,2.079429154502673,1.506906623761075,0.1285930600542531,2.8128205374636206,1.1524571134644492
1.0855922436788281,1.22747636884322,1.4031088117288808,1.4369408438680709,0.1863710558654644,1.7031586869718032
2.03804632180938,2.0580714786523466,1.6235444984606695,3.283959576736265,3.9501541905047315,2.737804215443326
1.609350248436807,2.4105870362571458,1.9011731503448577,1.2295589902644601,3.354417138447254,2.965891588615363
1.4827043364391423,1.2093958516513312,3.052536403523656,0.10670994701689866,0.06794726008604846,5.048813557189755
1.7393625610493917,0.6495793516023461,2.1613560913192518,3.086160213622474,0.19100610954312439,1.1131904699389328
0.8630719483900667,0.2572043055903402,1.6717554482121544,0.44969946737174804,0.10074931480506522,0.6946119686792059
0.6001155456656289,0.4544344799811965,1.6546978879770333,0.5984861814967405,0.8151652924187095,2.0414381797510335
0.7729296113958294,0.6997021510026996,1.3069199679740782,0.3599438868348033,1.4237998003783325,1.0747769575449184
0.6122504533051446,0.9638218823846058,1.2301652648060888,0.8015972209434284,1.5200605353642707,1.8057544626562791
1.1973517025785176,0.6471914432809092,0.8354064140254998,2.8273434956330323,0.6230392447946738,1.089405380641319
1.3997914599846948,2.2602150100561404,0.6971155362609107,1.4653810670480858,4.851696180104689,0.3320992198730433
0.8201207330718444,1.5581414457690936,0.8176169137036189,0.45852766957417684,0.9185635561324753,1.2675945126020778
1.8396172822377876,0.634281856227841,1.268779621167153,4.204684802530975,0.09324036808770896,2.3482961780630087
2.184638435795462,0.6804717701557385,1.945288829773581,4.233570102159669,0.7139988832830818,3.211726694299974
2.2995028188634974,0.9637473272141293,1.7191744338315258,4.089360360204873,1.5147716961712725,1.3597760530633463
1.0518602796439789,0.8107253918839625,0.9716631031583538,0.5457083328138416,1.0492468292675918,0.3612169863562526
0.9357138972576957,0.7445576980060952,0.9054045484191852,1.200185792864586,0.6399767436778793,1.0712194890551057
3.059486000174298,0.5923399983174908,1.6079239073987845,8.398031449859902,0.28156840386685084,3.0863074146705194
2.077506796890824,1.792465111329515,1.2924871756095495,2.956928744365557,3.42033500254546,1.0649814889515168
1.9369367135731022,5.382751904487045,1.7158231413788647,0.05508655727376305,11.11689416354242,2.384950270517146
1.161640007407707,3.0326415092062144,1.3403797058141376,0.13485517563822103,0.7995888343932938,1.4153592605874092
1.1232690562952534,1.6994439723068535,1.0621579182629426,1.2469861955421258,0.9613076246554924,0.5520950345620684
2.5361085609934286,1.687138353545079,1.710206773200809,4.798637099307362,1.9248658146785709,3.1807466837232496
1.4625744415983977,2.153629504857216,0.990972472409002,1.547421172007841,2.534829895973853,0.17594393984961232
1.1871767906219015,1.3856065094074366,0.9607354373090446,1.3775634780977841,0.9952579503509212,1.4884190358935003
0.9794157952599692,2.5001463680458578,0.5651311321186299,0.22292194903320883,4.706273471931605,0.4686391274810814
1.199205648216802,1.793545277558151,0.21418471536803882,2.138767886261925,1.6419792370805808,0.13884084405026423
1.6082050887323,1.4766113962668392,0.6358739212763213,3.453102901260399,1.1970929644140804,1.3980646766905849
1.174706058860622,1.6287611950547298,0.7997264627228353,0.9574269239343685,2.0807212132335233,1.384543751241911
2.1103200194735328,3.304046969347646,1.5245312841633685,2.9887558366767433,6.106885840834515,2.45448901522323
3.3578292052376524,2.8913332052861107,1.9121811124600643,6.675130324104196,3.165127503002856,2.731029074259412
1.506890540952309,1.5676767361156283,1.8196290615421509,0.4557254862268262,0.08167134450909887,2.6023738413499853
1.188111741249816,0.8254022396753676,1.409026546461769,1.4818601554042714,0.8078623026632069,1.053770222634658
1.0000347560765708,1.0715625769953137,1.4179889037286477,0.6769347337781078,1.2718130166890163,1.9976594528388163
1.6273908167018365,0.7946939231293771,1.4206209195849886,3.148666886434948,0.7552648289145568,1.720507316599022
1.2660106647849294,1.35105298888801,1.0554306890095755,1.7235736818792897,2.4091964052297454,1.094846980387229
1.7044478519313375,2.2227196825813262,1.4818416167991888,2.013429035666552,3.5004960312955933,1.8186932669905795
2.358063538932427,2.2492376362847954,2.945610710521836,3.1981254389021325,2.6286552094143176,5.884302510844143
2.0846105590836292,4.7893601716637555,1.766591330075773,1.0082643918435608,9.08125461002166,0.42859990215810095
2.8728777937397414,2.4686821786432334,2.7963052292168467,4.932328425225931,0.6364135549340258,4.72407783636326
1.874659338605785,3.0117659294873587,1.4794360155917403,1.5229756749107624,4.158715010812709,0.10987461778247444
1.3321130201149642,2.50986265832556,1.030622862198641,0.34384322317863675,2.910197345123548,0.7374638559729108
1.5370387098958231,1.6798993663448658,0.8985907157146765,2.380791568992776,0.8993944383134149,0.6797627784801097
1.80414381906294,1.8192304153060275,1.3921312105043142,3.1525996918479096,2.6494545781626653,1.9689523653307406
0.8723702688087931,1.096966259734902,0.9147544239035688,0.7618230895914206,0.21979928477768906,0.28134210006442206
2.1992664676014724,1.9633755476283006,2.1162579159222283,3.8923299610267246,3.114957761632776,4.280041730320326
2.7293892536342206,1.4737780383436916,2.54762256186385,4.731971292062333,1.5199872969561923,3.526943630252296
1.3714755157815943,0.8154837768186969,1.9764506896532261,0.6484279191409288,0.691442235517299,2.111483908245972
3.2546200647053363,1.2355364428612055,1.6222723389658926,8.211394244563477,2.1329329050669346,1.226506192939577
1.6480105886131355,1.419219004057253,3.1441464649402016,0.30330118076101104,2.0523227988452777,5.404813574581546
1.2045719745706096,0.8623087758616292,3.1625553641066895,0.4513326326293516,0.47014438783955953,3.552716022481387
0.8688071824687511,0.3846639704356259,2.2162512355958963,0.40723300053514344,0.06173799485680714,1.3835568278221066
2.0491159861580654,0.6656673863771791,1.9443992757904525,4.488438228368265,1.136989230804287,2.4204737954093107
1.6685352444227453,1.0928277681040595,1.7384862980127007,2.1243247770694067,1.685671053123242,1.6737115816129
1.2598460492108041,2.2129820269998444,1.6179421113826178,0.32999525250060757,4.1847338858076215,1.7731834827454147
1.5160315751143876,2.978878208682955,1.0192861974021166,1.1607923897797439,5.268209505921158,0.8038708976942653
1.6141999319235598,2.078727437627698,1.073102336008834,1.9105726710959237,1.5049674417855305,1.2401079777074608
0.814436524920822,2.0901146379963,0.5284748405303612,0.1743080506673147,2.8032504309769153,0.16268353555149231
1.7754231307381523,1.349621600890441,0.6747220102436992,4.281210880684546,1.1571502240344154,0.8843059811673251
1.859516461557099,1.6509913051406107,1.3184634213765,3.255239768907216,2.7414890307191278,2.3803272848275925
1.5167397372423366,1.0694071505677794,2.8878466865124355,1.4072306561636723,0.4583270826433008,6.124429333839104
3.260388828853126,0.7761828583638395,3.972852535611742,6.830183846100176,0.9274538891895184,6.5971432934241
1.5110041542574137,1.3869254667139184,2.477456103216333,1.0817484540587896,2.0114901745428293,1.6226134852490142
3.2416876340294842,0.718813302025454,1.9400540865793094,8.284170752902348,0.03664968934842324,1.86596987487448
1.9548715192190407,1.3048824401677528,1.1556021751573258,2.204758743269378,2.5635898666241044,0.4109048953458985
1.520907746706682,1.8613672621475015,1.4166767489129652,2.013915418987042,3.610121090496142,2.3769084068632
0.914679391259566,1.3264080580833577,0.8056113103968271,0.36293559141326953,1.0187921624112335,0.14655864614743314
1.7750757101595085,1.074858331219251,0.7210067029523322,4.272917248176111,1.1882058428752311,0.670066465207055
1.449806164226877,2.2504276225380893,1.2049427370424268,1.1154490627004505,3.8114096214469955,2.2074306578289584
1.0885717984467074,2.40494663483151,1.0888506571878729,0.3540314889653688,2.9891372158207092,0.7430264968720219
0.6148260517635539,1.4945351614279603,0.4833948776824102,0.025375338245871248,0.6797746922433271,0.1022642444676005
0.9496398144519039,1.0395791596165647,1.6587488895258855,1.6408508834277513,0.783053716481274,3.566040448046255
1.0334425645742775,1.4234921424350875,1.2526920800232073,1.4990102293170062,2.271869778871342,0.7430841340169976
1.4283890015549423,1.2887828443209866,0.726669753152773,2.541319689494188,1.656550974910239,0.13036860558451205
1.8756904056275712,0.8879640050039633,0.5136865677000757,4.419247211470856,0.35402233444134573,0.15546511268110783
0.5776620074441118,0.6781978510535305,0.44748942422805643,0.16547360036109898,0.7419242114450396,0.5800597829496758
1.3297264068213268,2.160098919897325,0.3788491333945006,2.629782587521185,4.604835751524335,0.39206856925391037
1.0005057775244435,2.0014229223879525,1.2658853849190448,0.4150619883105383,2.3306226791628704,2.9770982340052123
2.6145320169591373,4.497260705642444,0.8293196685104995,3.9063517051371166,8.533730357765817,0.7762841834479091
2.575549799234341,3.3420280345367828,1.8174761431377418,3.419218429222009,2.913541207207914,3.2663937187101744
2.069663276238299,3.8311412853586804,1.2155602303585602,1.556511668598201,5.693743080920096,0.38194815905235835
1.7711324590522188,2.278843857789847,1.0061765936722558,2.477423886624125,0.4871736309184349,1.3580119982684369
1.400224365793708,2.493150610740855,1.657889562131969,0.7547763012227929,2.9523057549543723,2.329742232108649
1.221043161246172,1.2823926055904191,1.60142545780163,1.2741685735789232,0.04084938257725065,2.1110530351167167
1.799115679785063,1.364159678795056,1.4958506328344914,3.4478678119179254,2.22193675364419,1.8382365007305894
1.6180770767783674,1.244064607081134,2.70719048345468,1.229652636848165,1.2670499926027061,5.175782698032646
1.0304649967088764,0.9969184468001709,1.6352246049766246,0.8857055923731125,0.851621585742133,0.5189024071423118
1.265886168373643,2.164484524980618,1.382683445123993,1.3632771081697286,3.966871968040237,1.3613276634387244
2.4834413463276626,2.608483184816222,2.426521057840934,3.523421990534848,3.8519677031322628,4.308201732848592
1.1192859975332285,1.3832008721886158,1.3632912147395806,0.8165622809286673,0.045108296514164196,0.162189680731653
0.7566765164474508,1.4283714351671555,0.7449379479979195,0.3817438378825912,1.8806808549132619,0.115021519878427
1.1716290398410447,0.9722892171290574,0.42865776437575587,2.489686963470567,0.9172009044380912,0.5313253441274005
1.6404041598160597,0.8569113417267094,1.1277254612099854,3.497149546569796,1.0745479753653073,2.0049025030076533
0.9405885997949077,1.8260004914149603,0.9827258813760428,0.21213815219617682,3.568067648670973,0.601884878106073
0.7546136973872314,1.0751149256040893,0.648652244905197,0.5485424366162706,0.7416629863426503,0.42203445605587436
1.0026739572331937,2.8269989650826886,0.7502150393046446,0.3062370681216703,5.731121409961544,1.2279413217761999
1.0976437444301048,1.4401260662421935,1.3300650214738572,0.8552417231121123,0.39600897038868355,1.9017543572949893
1.1398112016791733,1.5257207703461622,0.9805135258329719,1.1969506958404244,2.1736980362574814,0.5715217236966165
1.584904347523781,1.5784129027917464,0.94073065112894,2.7632213889676454,2.2301240963497735,0.7153256827081623
1.495090218176294,1.075114933731826,1.2714669526613518,2.106212651071003,0.581226492101494,1.9015537267572578
1.5671999892327595,0.9030396360202625,2.98351507098231,1.940061230697862,0.7853463762988733,5.827877779566042
1.3013278487242723,1.844357125936582,2.4066664668081508,0.868886742813942,3.6011785862362555,2.2462714548825993
2.303089076012561,2.096857548914658,2.374351809135853,3.6833396900686166,2.869333366816403,3.054832576688668
1.455445798641158,1.2739643379021917,1.425917907312648,1.2746196880878522,0.7982580877933744,0.9139697870924967
3.2197157062383304,1.336473556982109,1.0180167121954329,7.736484833189782,1.5269528045659446,0.6356073731938063
1.6037315455352368,0.6776876577708337,1.0472985035967428,2.0110207540195453,0.12732910499216618,1.2112535913499163
1.0098105437491989,0.8025976099581216,2.0062418088383795,0.2699557143620505,0.4682722032354151,3.291507117368175
1.3909129461411192,1.0060160154190023,1.5441619150954462,2.2551198890215107,1.3303659343504997,1.2187139919878143
1.16246126493501,0.6757293145207786,2.388885749679912,0.7863933938392205,0.1797919438449809,3.7510485047448157
2.2859391513122564,1.6686979205987023,4.754115205145785,2.318809728049773,3.7072572551900658,8.978685802265975
1.2337894728588954,1.7732683711898047,2.458145259081096,0.14436981013908864,2.531740459889659,0.14950456246398186
1.2639813107150786,3.027217190285777,1.3323947253314534,0.384456380918243,5.751766592131427,0.09294702713145035
2.0543383166194324,2.514541528119288,0.880181478387624,3.8722381020362606,2.364859110836842,0.3240726870125197
1.5406073099802446,3.5720708718065364,0.7032401855781893,0.5154170866135698,5.640245459418433,0.970217237079672
2.132889534638096,2.483595228602635,0.40671533890320044,3.6285148242256637,1.6171724316752023,0.28092145397102464
1.4889823741785295,1.9355795269573421,1.873518621129389,0.6549982787574946,1.8336748178595084,4.0906906050840695
1.9441440803315337,3.8547732497997926,0.8817378788556525,2.0593775355004698,7.542006719566058,0.04683666426684811
1.7212620151364304,2.7178010059768223,0.7038482018604157,2.3693247368592774,2.055166206193235,0.7589887219523647
1.3402150866584817,1.5242201914780777,0.46799639992041864,1.437564962577099,0.06254086434245036,0.4083850963640477
1.4250698701119822,1.900434230679378,2.5586927527684864,0.7285811003779642,2.573280182056469,5.36299172298454
1.6121975269039006,2.818524004423289,2.0217907351783304,0.4781505203293716,4.717648398434086,2.2141822949684964
1.4967313342081534,2.8307402897273795,2.9119430872625323,0.06750523842112144,3.175159600096268,4.861524693871581
1.8911287750402197,2.180754150875702,4.05804520632446,0.7246572238024186,1.7533386241127897,7.174719753196271
1.7823408363996274,2.103778564854893,2.574011361034906,2.11779949218444,2.2252409724212505,1.3747208868418266
3.30231833288941,4.772004043338737,1.3620410830717975,5.571098891818748,9.249070825256807,0.5339795723607038
2.473792674822003,2.5259252795994844,0.9889465080144454,4.099058532192799,0.1900770281381494,0.43067019904829706
1.763133796368845,2.20331400875266,0.7175462233759925,2.905422049494756,2.200696561060257,0.504421017903328
1.7542311090675486,1.3346861555336638,1.3408381000670024,3.1065626868274028,0.6664685138778904,2.466070838382019
1.4733265247365337,1.3698968296642586,0.7533258771840171,2.1871593678433463,2.043804761383048,0.08257280493812155
0.7665281324407429,1.541751653337864,0.47479367563380864,0.6029856265945404,1.871067268699093,0.10545406030227664
1.90471183711137,0.9320414537801398,0.8363599396845472,4.754510184390181,0.33318816594326656,1.873716309257744
1.4987913116629754,0.6971606705344269,1.5303505425567834,2.2217684348401376,0.46322524005015936,2.0547638661628445
1.374875878042131,1.0042794394718177,1.6234203989394211,1.6439649757727608,1.9437632218713727,2.1888198080716776
0.7109887472850976,0.6040920241008274,1.1758155778804082,0.2352923957685293,0.27445918176965517,0.9300497025944434
1.0406676188242379,0.37462516639206617,1.9217195071067479,1.1849954467678743,0.6162617973335115,3.2792261629370483
1.3273489978267057,1.6161486287392808,1.486426806828379,1.233699649605991,3.6065981632252755,1.5255287268914928
1.8610984847128587,0.9549416112228308,1.0103198251065395,3.9985063837139285,0.7922918517895737,0.22290390616334677
1.461298662879817,0.8623563258399702,1.808482124679881,1.5821737979715287,1.3390963071192485,3.1900772340250185
1.7036699986520578,2.7166735066031307,3.363108113605573,0.957364112895157,5.665198460284114,6.118101958810537
3.2957677630886906,1.6482944444762109,1.7723739493952024,7.527234320704678,0.5153382388391293,0.12382807063570235
1.233097740027708,1.1754870291351185,1.2320046554714716,0.234687599253517,0.9873668467541237,0.9930281771754396
1.0440621428531207,1.4242792561087525,1.155670765937221,1.09826139730267,1.8651338240731343,1.336971750908555
0.6782356124185573,1.874383365329909,0.5826977054884641,0.08586651661376282,2.8157628238587056,0.31675095698484046
1.9654052134252673,2.7933512817504256,1.9879177217855055,2.6934098993262916,4.6385143400992765,4.0455016853440915
2.733839946468709,3.3875615648122297,1.1599544643063724,5.0039400623277555,4.941368244035087,0.6685682702167463
1.586874693057482,2.8068466285031506,1.6802576914614213,0.6571118298280387,2.9979415847603432,3.055794561539643
2.0443496249626008,1.553688766797444,1.8539429035587003,3.908674591025659,0.5183987312378364,2.223361512814011
1.060858945444647,0.799860264004684,1.669252940506151,0.6912389358365987,0.0502445363454865,1.8228343661928348
2.103979455752337,0.8848659498814444,0.9892001468940917,4.833079569227942,0.9682827731986131,0.42674005806407217
1.7905479454076285,0.44616549887812085,0.7525140667135132,2.804537783224339,0.3052510059735542,0.49872743144773535
1.5795135231809891,1.2661551781637046,0.5201870780029002,3.268555534352877,2.4784239310138925,0.09701205904680349
0.7121466937890799,1.4486771042040083,0.575166304635891,0.036341292828328924,2.164280915380222,0.5507493859025754
2.3802605044570946,0.6361644057437987,0.45854325602983725,6.583449944872794,0.08993540558961374,0.8475950782945503
2.039018652612441,1.8357854655449428,1.762400638194644,2.594158104329366,3.623032051733849,3.5812638566316903
1.1239469937465685,1.1060282951025429,1.2397843650419926,0.726970722795446,0.5720156596667315,0.912651729101603
1.9733208190323068,1.006327349835607,1.825996626807933,3.5368047432098155,1.1320674419774408,2.809909029942273
1.1203238282618442,1.2870723717727632,1.3545498387026935,0.6612381552146382,2.204841475961412,1.157646129200819
2.189367217693341,1.0842129915403997,1.9170760959800823,4.123263594828833,1.122199530954147,3.073009872006947
1.6423012303671953,0.8647090299967697,4.031934369603441,0.23887468496218844,1.1642415827218517,7.482165308852489
1.5621249240341273,0.701761454778607,1.9612081916707118,2.4326710000883733,0.13576125623743096,0.5484567823797712
1.4784741637864502,0.7554666539434723,2.5480314116327945,1.5560967419345106,1.0264688761288323,3.96596022365647
1.2023606590129063,1.5224119771508666,2.0519060348695928,0.20303464305301905,2.8950454226571427,1.9447916229496993
1.4969957322245242,2.639070189137199,2.4424153511397484,0.5538636697766027,4.934361464997105,3.3997568143246673
1.1478977817645122,1.691869905616994,2.1171092323748777,0.02496321695005604,1.0671554590162906,2.1087271412166735
1.133933268900875,1.2645106664936552,1.4840453249818286,1.265112753320564,1.1018576522441705,1.103119922291734
0.9644154780727966,1.549800114705109,0.7063051011836144,0.7169681896743889,2.425536786879354,0.5177356109698503
1.5054517922278225,2.9349510217202694,0.40899828250331344,1.824385700831144,5.7214240183832255,0.14521714050470638
1.209729210182648,1.5938721367284652,0.7881057312857336,0.7054734398904734,0.6213854373362071,1.533666514971041
1.448618109014829,1.3489460515645266,3.999394146880249,0.7131187912493482,1.1601520801793077,9.276646351715394
1.969610792041425,1.8558582371903822,3.084936036157663,2.7188624456540524,3.179008269362341,2.6791406981503902
1.2645960310221707,1.7211166761652008,1.9119070850748292,0.09868058647991072,1.881646257641424,0.7930470313221419
2.385607631357742,1.176347794944479,2.3570339105300073,4.663924724382357,0.23438569362307315,3.5112964025554465
2.293160538987609,1.2428455568679475,2.407409069431394,3.8246550632281524,1.9762864597660772,2.9305366151066723
1.5983527475207964,0.7783697182349983,1.520295374323821,2.204064359026824,0.41342429010595727,0.6615571738913156
1.203704935614663,0.9724120899037684,0.6900269746238606,1.7989732801526803,1.4275813335977676,0.028821657583423716
1.7038962853812154,1.1529541981702862,0.32756809525094577,4.456857780886112,1.5062329218758572,0.25149527481884826
1.3888151344513073,2.4243284305653954,1.8606585591484177,0.40994475216797754,4.178230155244255,4.196126758657941
1.3172054413616612,1.6190742406173868,2.4468215241908733,0.16452352064820483,1.2416317320738939,3.622655800032386
0.9059058545675541,0.9873620805105289,1.640965751770062,0.5475850800686378,0.6554599062284806,0.6997079505359908
1.423914224152518,0.8833922180762686,1.2145453580757093,3.165380471725468,0.5252410999733207,0.6714921942450237
0.8593459920605389,2.0860969486317202,1.7664091717537334,0.07057108699065301,4.1469487880895075,3.1487689242208408
1.436106436946377,1.3116613995748987,3.1062254835556207,1.7484118784391343,0.37509643464010045,5.5527909541445295
4.448261883134866,1.0415711659822082,2.773994511788537,10.779776217720167,1.1097938417357252,3.020427683783045
2.573959343174907,0.8384745922438508,2.074286544394125,3.871667487671538,0.41447425119472064,1.860671186782905
1.5368310497723352,1.6317482923907312,1.3366272305267346,1.4739711440176355,2.96829108608134,0.5559159444906476
0.8125239571628876,1.362713894986141,1.186073775840823,0.13151246430506303,1.286325516647465,1.4920325437071336
1.6675940108623926,1.174664413475788,0.7368091069464563,3.5601383086534786,0.8650879796128632,0.5318721037671464
1.3950854678633127,0.9065777699855285,1.753023959379178,1.827480515087411,0.8960135377721519,3.3006387767880745
1.0683969329140799,2.016605893325314,1.243115795552068,0.24418385460563458,3.823982792706129,0.9786537064939753
1.074525717246602,1.574582148380785,2.053688887201487,0.197116926148923,1.61385925284048,3.5878903161415256
2.057701063107052,1.6555112001525796,1.4146925808229067,4.807615461568678,2.5307594095982124,0.9612693760033233
2.056623872404291,2.563528464083291,2.1276324380687344,2.2124842213761022,4.54680060973693,3.476241075278084
2.326509795400441,3.1512070569622193,1.3106078530495244,3.5355406390448096,4.640310619177682,0.8108836622538766
2.523861730751055,1.989238891750463,1.2945404042456305,4.223580741509883,0.7965094937187228,1.1601109917338448
2.0083886881826247,3.513655583735786,1.41430007643095,1.6962006741298403,6.092000109872666,1.9115627434905695
1.2355541444320228,1.7697239978130417,0.9124131774101074,1.4573263526231575,0.050381031176940184,0.14576000612814938
1.443641621448707,1.4300489892773856,2.624745610174973,1.1257380841891487,0.9458896960360333,5.921002934988283
1.2966334215767217,2.673135027121026,2.0487112708367032,0.7623644402267663,4.522864370632937,1.7047819518626066
1.3007732224130315,1.5698268458700693,1.555624158365457,1.1404293797662677,0.6421657881776486,1.417821611175716
1.6494360404146555,0.9199287237279811,2.1715888074306395,2.973375849333452,0.6378816878610638,3.657601876894998
1.523613392655448,0.6740536323001809,2.807253309271979,1.8422218156342205,0.7208561995412552,4.016292744823643
2.0891578379056805,1.025178642224969,2.058028049137798,4.460962211258672,1.8951159172459207,1.4773789485725455
1.6062770700413869,0.9683851669551793,2.9675605583976306,1.171745047843888,1.1536914637856015,5.241791628003054
1.3369129179558876,1.565086981690768,1.517098414755233,1.8683472575305777,2.594625319580678,0.13385664985364998
1.6914251383849763,2.8102924965115084,0.7001507623163662,1.995584919381853,4.50588853509175,0.24032977258890104
1.5299234429864361,2.236349512610976,1.1536072673229147,1.7914922613190258,2.2429393285716643,1.8165867424371993
1.545714559601349,1.4326034452803633,0.9262820888584667,2.4255816251059557,0.457485194008057,0.8741154672759235
1.3256812549122423,2.858197163955066,1.0149654584349168,0.5421310394332255,5.396652337066586,1.2480825846922585
1.1287519443296632,1.679256894814684,0.8558068673072828,1.4363711938048278,0.6143900989064569,0.7952296583667426
0.6264005552207146,0.8615908400630932,0.8315321142693012,0.22013158695666166,0.3247891575843667,1.0374646370645575
0.8082710303632824,0.2657633598285489,1.8083447938202215,0.9706774749981193,0.18854944564408405,3.459219002222702
1.0971146870157653,0.8457060882727001,1.5066746186610869,1.3375612173375064,1.6574011895168903,1.8002256055285886
2.1182455881625657,0.574371463466204,5.455616029405463,2.1123948618385766,0.241540526544156,11.862281754603627
3.055325336897946,0.5601348382458442,3.9415533328887404,6.012820262463886,0.2988010224559411,3.091792255317964
1.660810673778125,0.5429222670803131,2.3737097685260493,1.8358394486662004,0.713436977189279,0.6394913293909064
1.5919055441478385,0.4261642533695727,1.3972953808271174,2.721985652713184,0.6616051065058711,0.613988360361327
1.0401347982401516,1.0935998418845374,0.8658267394745812,1.4115169777113545,1.853892149557171,0.8186398671713753
1.6195191475625443,1.906725049854094,1.9991095740414724,2.010812449434803,3.3937563570144462,3.7063271677989653
1.0010517873445042,2.134847960912356,0.962683948483798,0.14714715699226008,2.86551158987999,0.05533374647699521
0.6741678832720899,1.2147484702746663,0.544831042590765,0.5871094477702782,0.608936225279535,0.5232004379144968
1.0124763141119477,0.9578144256216686,2.0793318876137588,0.898373521418981,0.5628977398649259,4.706040045327553
1.5175943513773142,3.1300558367182707,1.7788896981282594,1.2791876331344174,6.750564015769351,2.0427272227134203
0.7562746319967918,1.464111255347013,1.0664626565512676,0.09344696800468241,0.016540693649594148,0.5145568867191112
0.8770766083976438,2.444939820169529,0.807784631478006,0.3017018210759944,4.235874705398327,0.4947315302148779
1.0266166357488473,1.3961572406542444,1.9921471197481457,0.6481785082066823,0.44560851556755265,3.969981305694082
3.371161867162251,3.0966685333872346,2.8414089555940114,7.117997798463182,5.885684786188299,4.484062279622976
1.654729506102563,1.7329662907215915,1.6442606249687843,0.804980097288224,0.838034909905127,0.5917809144067568
1.235014728149167,1.2697627438361745,1.3353829605882022,1.315718605257502,1.1608937205988712,1.091214981046954
1.1710555529588886,1.7145558784506436,1.896037636732002,0.43655510089128596,2.4559888128083847,3.5987254653753133
1.4693577140064031,1.714675536427548,2.242279951714219,1.887221450279832,1.7718579579212905,2.948131517936164
1.1153994274142411,1.3113775452325522,2.5551905296126325,0.6589068558228242,0.7652733314423307,3.363115333979197
1.0697754209710633,1.2649944034157656,1.8449842462818105,0.46384539709850037,1.6141145728060793,1.461275256650164
1.5362139996809145,1.8636568460578928,2.6233436954996514,1.4537083786488412,2.6239096868169756,4.850614197482885
0.8956187848285552,0.9604104532794767,1.7188439098806185,0.011042023874619545,0.08651438504922332,0.7889065548226953
0.5113813465949701,0.4507269810919791,0.7635997045712763,0.015387104540800603,0.022524979330779436,0.3407989387314551
0.6466302591475394,0.5517696124687049,1.3974831791334232,0.4945364737348612,1.2252255779884778,2.467025230441039
0.3067864810026025,0.29844316407505056,1.236968420934194,0.07482513167639165,0.28275070739510483,1.5502526598840825
1.0133120271516862,1.1338584835011725,2.222889546684934,0.22863603832553245,2.183338642675209,3.8563376850678095
0.9078764363402299,0.8363586394595266,1.0317538996643894,0.8275812868100617,0.4817304539657319,0.16928491374053783
1.591011069770662,0.7801282103754722,1.9425700343441352,3.2449012188512922,1.1342668229666049,3.711858880584353
1.3200165188914048,0.5865154264674524,1.1962628651915648,1.6974914851826255,0.4404729042353031,0.6942829309137971
1.0819104797932342,0.7678308602916316,1.5596993411192028,1.4376182019761252,1.590287103711929,2.1275851868060225
0.6895547810389585,0.40949310095837144,0.9425786350383331,0.6948325140732948,0.24671738518015607,0.08191231761946142
1.835803767825678,0.3387522929727995,1.0531888372836797,5.369264687172432,0.046756002355797494,1.8810710330648042
1.2005596324715095,0.31644601451796445,1.3729284605066217,1.0117260531493366,0.10497040486973583,2.5265377498586092
1.1149687231508119,2.6213351406977026,1.0254460323436265,0.18224202023315117,6.169496036562507,0.9201072764070176
1.176760232276202,1.3961336110285483,0.7357437092646342,1.919787952419908,0.3069696465434083,0.48518977905770677
0.8058296560735954,1.7074735208623848,0.8283051036521392,0.24171188974132582,2.4652813453402214,1.5427826119208008
0.8477736270904146,0.8098299108051065,1.8030916629502889,0.8469215548465312,0.14068657482538258,3.581809322588718
0.9338431793086137,0.5846564639570312,1.2760977944816927,1.4161640594394922,0.22893785928393304,0.7817856773896957
1.8450743630713857,0.7758107466396984,0.8275848607247389,4.146482004597833,1.4221182983065082,0.5819598020213261
1.1337369329909015,0.924893318560392,0.6785131443081395,1.360645849311906,1.250494618269541,0.6540528424504483
1.9459514639583713,2.7681896238859163,2.691305804480467,2.4230610241850203,6.055697436475155,5.9570484859494774
4.398571908105688,3.6294742179842636,1.8145677925256471,9.87203148395622,5.794869593815906,0.8903158425516716
1.6273318280360956,2.903010789467346,0.7967334433738607,0.2819503318319631,3.0247008309196364,0.007221501620395215
1.2733561185418776,2.254556462673236,1.7846465885711622,0.6424267660938033,1.8431183220508005,3.0435978711494647
1.4030857184395118,1.5975656838842947,1.9618576717660434,1.0036527296729498,1.2137933496933027,2.403116745063157
1.1320151783820496,1.2538660706930842,1.3121960686019716,1.095768371042928,0.8806676370607947,0.2752354941983214
1.7725093271652848,2.979733406020704,4.080702601192343,1.0587297548125656,5.878233121864851,8.386683948849301
2.6874291191494226,2.1335790078660217,2.7242106334955007,4.763494765423829,1.8471786610524779,1.873304685801335
2.1263965995372947,1.8712402661619545,2.0972383631459954,2.503755232338851,1.730589469858694,1.3894147578357514
1.5543745028788263,0.957478229630402,1.5151508257864124,1.8725033352635052,0.5276736128500257,0.9632433729206968
1.2047077453748305,0.29302306842526415,2.683057809192165,0.7403099796587977,0.09564668094697884,4.578799911696855
2.154312044012475,2.272596365121364,1.4228540195032562,3.4721619877554226,5.807713416383337,0.5593311979347053
2.8404575029604557,1.3658969531444176,0.8799610648722449,6.204876787596312,0.7529836113054333,0.6730973997046278
1.9100518902290113,1.1324939163927128,0.513918052415655,3.4429556217301323,1.1689049429835305,0.2611533680119317
0.8086634303615108,0.6410222152025407,1.4304810154523258,0.0031326624960834964,0.24352174661312956,2.846905280367549
1.4392579658644227,1.8065258283597418,1.389064999447213,2.0234093701342424,3.627081904426338,1.8104507606558018
0.8055783484469389,0.8875544379773286,1.6356946548102989,0.10497829499008912,0.05604154691206979,1.8784339282956857
0.8338276187197391,1.9767902571549807,1.0389315949179494,0.5957536464449513,3.5914236843371103,0.4930045872977393
0.6226127140918231,0.8585360088773055,1.3723562204773694,0.12273978716393262,0.3023087097633048,2.10633192710222
1.5079844168679712,2.0978677373288894,1.9535488208901102,1.851649336257584,4.353034941312421,2.900245019103723
1.7525042352641007,2.0097869212089714,1.2782785427752286,2.320485530889521,2.616983180794738,0.8859867244213343
1.0554300295171926,1.1781329794956255,1.8275705380727185,0.24317772291362602,0.3598574737620766,3.2323928391741736
0.896901842145475,1.272068184644973,1.1717445268511169,0.9684935922987209,1.6685829230034932,0.8578480237965501
1.0265722580382879,0.8044761941605323,1.7735633481689848,1.2184817715415786,0.7498416832558381,2.8387797431312762
0.8075441500758274,0.6705724304687479,0.8889541816599367,0.9210668962374787,0.39259699891853717,0.0686241838530856
0.921707171932009,1.9589860549730431,1.1808576831709432,0.2579976473282346,3.9205768372242034,1.6021981083244223
1.4434552629130366,1.4949549798318327,3.3499553749007003,1.0858293283677616,1.033428409982056,6.981799630845588
2.3317960935825353,1.1327199105052852,4.683014022988099,2.782035379456148,1.0168028435901455,7.952547208826901
1.001973556326771,0.6268041602879401,2.4455973763303493,0.14730958101447222,0.37238610226834007,0.6618823417689526
0.7564529542070483,0.8670825078177331,1.7673263973030662,0.16715459112951958,0.9659854099312837,1.164639996667488
1.1925879566834845,2.12628206911651,0.9888549706645923,0.8763008774728607,4.105472196544178,0.13009683926558333
2.6068538919620194,1.4021032989703184,2.0821796122848,5.685188611055682,0.9023754022197394,4.132518543369412
2.206119296460555,3.374146588365705,1.7211505278536408,2.208693277681835,6.056658146672162,1.6813099942680356
2.2627345798268834,3.9112299811152313,1.1641415828030577,2.2705730233993657,5.849016024054227,0.9725934603423584
1.201966458699903,2.1472019184321254,0.5918666680004028,0.8985831945796112,0.31307057988650105,0.2393033174917045
1.4788575050899937,1.2902627941814964,2.515729770229996,1.8011339571468923,0.3903546873381289,5.866164274720279
1.19414306694139,2.2833781951254206,1.9047984507276705,0.02036570750508617,3.9707962598751707,1.5109775042219573
1.3132973874661351,1.6093736069729487,1.191647497862251,2.021730619852085,0.9976653843994193,0.6651578522318362
2.061146795255468,0.8788828817019081,0.6953058760711255,4.890301719079625,0.008767152258557362,0.8622278806160331
0.9950144057854848,0.548349142943064,0.5391781084680339,1.8964580877856865,0.6400574457240364,0.6313324870846705
1.862353916336177,1.1673577388262666,1.0114238055719933,4.138168226475087,1.820761426954348,1.8416510412926979
2.2552317460021136,1.865861653863206,2.5965702251353178,2.5745135858143215,3.2115489217491424,5.317479652546188
1.3072972031331684,0.9541050094647929,2.9276928971698926,0.2569362740519941,0.2863292692580724,3.8855434048423008
2.224974762261089,0.465132438838961,1.9906035102167154,4.654848231963548,0.23428455191112255,1.2337834262906875
1.381468753131012,2.123259662426976,2.314780078676694,0.1375083235802742,5.104470049353757,3.503148008206928
1.4106286958868604,2.1742463728480694,1.5892511246080736,1.5269996917856938,2.781796829637127,1.1001916780469054
0.9937291303511356,1.9128164161721848,0.9647247015737112,0.3066220204150312,1.7821214092780973,0.5815260026419458
1.2344404524886878,1.9342557268573173,3.666098588447645,0.02355134522896405,2.9322930205330895,8.198527113296294
1.202987081454932,1.3520235258656204,2.138574474577549,1.0964813712874752,1.1202220856810143,0.7244881828442689
1.1545488871949134,1.8053030720352499,1.3232946684340785,0.6992304383807553,2.8414051634401707,0.7823086875959258
1.72820495662553,1.2807664010081803,4.321540754196487,1.3310659484463183,0.9298029070969758,9.149838350935042
1.572303153357591,0.9536784928500296,2.225864012113075,1.7217115141848147,0.5596780130348662,0.28757329557576417
1.1001297760944775,1.5824444637800583,2.460935025470732,0.08944893251182512,2.611371968790295,2.8586875691189735
1.1490004234399602,1.321846615145,3.336763036461334,0.26250408776936296,1.0883246429595226,5.491901636592467
1.9743745855492398,3.7716227122284005,2.322971080999458,1.6357996794564933,7.966727010112905,1.43403973529146
1.1967680072355322,2.3077928534371592,1.0575303763727126,0.8406520323821158,0.8599824047243778,0.005049893399049675
1.854159959984661,3.1721587818338586,0.9321392765564089,2.6125536771229165,5.095115871344951,0.940195888548456
1.8656017151904316,3.7061564674995497,0.5211278827079311,2.1127824425034203,5.405007678299298,0.23659656961472492
1.9711413343472015,1.973778356320489,0.590890651552187,3.7364737989947363,0.5537558218434543,1.0763513700180165
1.9284307565584446,2.1668160436536383,1.5043184660259588,2.358513728205395,3.2011662796845783,3.121550385554414
1.1292304974162692,1.5147637105350482,1.1807281571606083,1.1239960172080123,1.1350547725196,1.1550406649769733
1.6676667252639292,2.996293998480565,1.2499292963081405,2.23538608221123,4.990513509143875,1.131004080666561
1.3603675460614975,1.9674160420922129,1.3985416066044032,0.6442190399602585,1.1961259530642236,1.6274208008335573
0.9445511262865979,2.0846961856639212,1.4301212258738782,0.731470295761989,2.727529869352687,1.7430677848290952
1.8876608967184587,1.5477383283106425,2.1792014550921124,3.1116536317006345,1.2583454213029694,3.8800035987446035
1.221858955046791,0.9078021503289793,1.2630638328140815,1.1826962578313505,0.5170253476032147,0.7373661916544091
1.8325207636904852,0.6451392813477788,1.8725121255052906,3.202744460538693,0.44466308452733805,3.4482532051789643
1.6898727006932552,0.7994266530362838,1.6424495086627726,3.4566948684437455,1.1082708451144916,1.669116207497363
1.9987542206407138,1.7319480039599497,1.0249788605494932,3.897701664515891,2.8170362352067593,0.7148634596497413
2.3560578028004,1.5481303175244858,0.9187260736119989,4.969059101986354,1.8581010112003478,0.6994725559563638
1.365057306385115,1.7175513265813611,0.8693745649438459,1.1276977413996185,2.333542165549293,0.8961321090062365
0.8434520678858778,1.0105409169395285,1.1326056508705542,0.7679948482862944,0.6634806814893089,1.9493934846783247
1.1422078888947458,1.0076947720192069,0.7230066246984843,1.7454988597001666,1.3133811293879594,0.5248390335236097
1.1175003461286384,0.588635823067316,2.394162963473293,0.9277963659451799,0.09082181701713528,5.059813763803866
1.473345631448848,1.656991058873842,1.769906413920201,1.8379595221505267,3.402365486849047,1.7109208938410798
2.300064416139223,4.397192034653013,2.9816862300600495,2.445535744738922,9.188888280451097,5.051851752414545
1.9813747498080092,2.651866584818676,1.5464819392184086,2.3321021413481744,1.0447139183333292,0.0950311066783357
1.1388188705893865,1.4226298877906862,1.1116269908896517,0.9385770084815598,0.022048393807669382,0.8389598280194206
0.4982124506543761,0.8680824103790853,0.5464068344736307,0.36510765160963277,0.37215955505589765,0.04614355811165699
0.9582905379185278,1.2733212438665387,0.5122538471180039,1.126096027195722,2.1141359260260413,0.6356003809649101
1.0208220873054286,1.4142252568218368,1.8107541541336047,0.30768778997220103,1.8939087772353018,3.9610969908436218
2.29276140130708,2.08511154122374,0.851465940366394,4.4163148810741335,3.1010621853130123,0.07459333957658607
1.296765643427223,1.2229125321290577,0.881212842982963,0.8489211523478801,0.5857484191578142,1.1459237539115839
0.9814597522552672,1.773545193818079,0.6202275036475825,0.3355590070503998,2.8847300182179163,0.25014498719821554
0.7683425144832093,1.7849076050482877,0.8736488252728867,0.05155430879335332,2.329401758837676,1.0785896364854086
1.2697599182522126,1.2071748353302392,1.954847262837933,2.0759135160412145,0.7796200745432756,3.6508590035222346
1.463642978284179,1.098586170176879,1.6641565024893412,2.02616676599364,1.5770625776444553,1.9513970536004985
1.2212520424632052,0.6959883143644479,1.7813832051975953,0.8328625342214832,0.318633555485663,2.669350464163248
0.5656789571741175,0.646261003469921,1.3769930859941413,0.14882625955254905,1.2050212774527373,0.8588111622603222
1.2305428652360118,1.9104613152062677,2.9224693981253025,1.0540078962234924,4.26058295598311,5.779061243865544
1.3475267237178503,1.4631674254665596,2.4484171319403862,0.7456594510565666,1.0935667823044233,2.4706661671256476
1.7400235129623172,2.1682949742808475,1.615027674774406,2.260953046317403,3.659754078947817,1.0956668146964843
1.5736267843158158,1.8789811842302442,1.2414140549517534,1.8616884920116712,1.7844325487006003,1.1118719343711632
1.4396964893497077,0.9242594803949773,2.590608319620074,0.9069813731177835,0.4260812986129986,5.018829336239001
0.8653126802524093,1.193995971579878,1.9138773270192648,0.49152629844849655,1.7402759170234086,1.7179534903841496
3.464903516654978,1.1711729944505582,1.9361799442045011,8.85170061872906,1.4103720314359984,2.450932347583623
1.6642302425533733,0.9293256537739576,1.701172111463703,1.2102785449305875,1.0171274848200547,1.0792570277241322
1.4336327648599638,0.49872973127699705,1.1054748333210094,2.3312628770386494,0.25482700914194206,0.5064138309205505
1.0403137533794933,0.768143986189085,1.5649124578535123,0.3029321641893651,1.0781369969822863,2.571517837215219
1.1046122383424757,0.41639579815068845,1.546371301470228,1.3294681645378412,0.15109081990747766,1.8720879587001542
0.5268979841019669,0.20306712871030907,1.469520210957311,0.055845924845850624,0.20798745893542447,1.3916731090719072
0.8530926903072253,0.5184994699584984,1.5848798955569483,1.408234738941404,1.0754227666120395,1.9564436572354162
2.462265106153707,0.6179126897770952,1.0333530630962582,6.649439977024297,0.728784958067922,0.46710908132061163
1.4969990022553998,2.329340084940099,1.7864766987549525,0.9696878895894839,5.195102617365408,3.1591632266842486
1.1278008869808533,1.5489701222724515,3.211249758786714,0.07955344154956627,0.9422671119620276,5.919294675180141
1.4148852191304981,1.9178532359448215,3.3371068834868725,0.06289008945167307,2.8364629043733047,4.4347082430468285
1.2338700544508596,1.4387758828422044,1.9475150887402162,0.982002725260163,1.5110987497017894,0.7755522061920829
0.9341259594036924,1.7487540270367696,1.3338091571585544,0.3487661477022617,2.435370575274828,1.0417713579936383
0.8556955241818553,1.4845489347361986,1.7177338497303183,0.047258154162401124,0.6025236777450829,3.3047148332724205
1.7627170580070912,2.8646736380152333,1.5911120483904415,2.822925808285821,5.691350419617093,1.808314931236061
1.4891458205607186,2.0701226668902617,1.4214681949564174,1.2269094089076307,1.510421786628703,1.5877676663212494
1.285176483478884,2.3402879023618404,2.8244004805238783,0.6828543456586712,3.5595519730838068,5.224806543284609
2.2121536660576147,1.4801082768469378,2.0165176240537646,4.606834538643087,0.908404481817326,1.5358490468241142
1.0455651448780423,0.6669727639163531,1.669848604194357,0.24691084699573063,0.21119075102720766,1.4469599243922802
2.56976924986965,1.242874268417024,0.7282520306209493,6.243445096281949,2.2399475447512858,0.08585381506379755
1.168749743963267,0.7966610465090396,0.3878878541693152,0.7536582709810525,0.015579822124613509,0.14388792604766984
1.893945325937537,0.9684012385212846,0.22361980734054926,4.385734271136216,1.2898304455193437,0.014895950634815315
1.4448378085666842,0.6992738746721119,2.1219791815574993,1.8473502413695446,0.4283723341290378,4.88931660159669
2.041378475090451,1.0003746605866572,1.3121755727890017,3.505547102752768,1.9743681614388724,1.049803998820058
3.971488223287877,3.5823624895571915,1.1940677342319401,8.271979192000565,7.76685876850749,1.2643351301423478
1.8790735049674843,2.3489905446953725,2.0155518453783174,0.6804939297972233,1.2487461829386457,3.733659438871325
3.0893838086885994,2.501650727595264,1.805520966646475,6.49534733191931,3.4019911054424097,1.8793557346173904
1.5760972981625239,1.7395073549779008,1.572738494232331,0.9868946593832437,1.4176760285157461,1.880662795557644
1.0619603133441595,1.292900146121079,0.9121448040427129,0.9739314464199204,1.3697233253358447,0.7034726874348545
1.3929916554889568,2.7977358779223866,1.8794774404533547,0.8322042752609592,5.330656628590443,3.590431357183474
1.6112068023706114,3.1771135241177255,1.3366881663083712,1.5591869937877605,4.413929354393612,0.3626360634821814
1.1467986879267966,2.9232301004833032,0.7221485917331412,0.3348147598237732,3.0816945854335183,0.10922832510701143
1.1607921564048005,1.7822918665136867,0.5997090891301398,1.6135792845831347,0.7026805495795334,0.4254048934998615
1.1728621386637306,1.6810192297151023,0.5602347954112294,1.5604835761790254,1.5749527125976284,0.6232316773949108
1.1758360581536982,1.0113348411523138,0.4468905208993617,2.8701442766129914,0.5069406725201255,0.6634380640271352
1.6235641996430419,1.1063433927917945,1.125361288211284,3.5873220954169067,1.1736743445933906,2.2204403927157874
1.1733026639033264,1.1813640905139244,0.7741949181262275,1.161213863090131,1.3241230338277463,0.4913525014244515
1.1506601680654018,1.8291774410597619,1.4183140835711756,0.7200274496578933,3.563301947343375,2.2580912682011967
1.144510332793171,2.6256652353139045,0.6350450036558823,0.6004134180842746,4.527274321103177,0.19111120094938755
0.7207729562514384,1.8138615663393836,0.46071370319512095,0.4328916542202438,1.070988353146235,0.3184662229550451
0.6560159436305979,0.9900546113380172,0.9464752174916613,0.11875191561676161,0.03572608696055073,1.4218951371945328
1.271175633880178,2.195258704214374,2.4049901146251504,0.8384627968339795,3.9577281863102587,5.099422958727083
1.306620301267005,1.3133740625607342,2.711795602384636,0.630100213410338,0.38299589112245286,3.9260579302164986
3.615856986582075,1.64035622611309,4.043892770046412,6.7874935648593215,1.9450977345336773,6.931692134074568
2.006992565863686,0.8834488255065784,2.9234033551372804,1.6315736993082308,0.050575925442161565,2.1023836400822433
1.2810866335048563,0.8610078880536342,2.207854436107785,0.8532049910342017,1.0200068412704966,2.252881052852531
1.6679169341230777,3.812262145869298,1.8310385177312516,1.7372290472451453,8.531732797606598,1.9617811707529922
1.330443585364506,2.083218886619861,1.5858158827534758,0.29977851500428954,0.21226296133620767,1.9500597922508724
1.1934994886237957,1.5007863391351337,0.8258793335919721,1.174131346885806,1.1022300758190235,0.31827365186202794
1.2458449779764451,1.1115713325277354,0.9886702991747399,1.9682524115640225,0.7338833630917675,1.5693803374205733
1.204434372292004,2.311385738293475,1.0036721466355014,1.3423715419589501,4.709612864991173,0.9757419955139915
1.3016747328830245,2.7934395394836655,0.9972776163188624,1.027589389711504,4.070315150867211,1.1687190652670765
3.7120574901741845,1.5207855922738802,1.1494211396973515,10.182082527884921,0.5428269474695523,1.4829972887936802
2.272558727898771,0.7893037530452035,0.6346359860630333,4.2457800004935935,0.16934703194518322,0.27484056754307506
1.5060970502173667,1.2609319674755823,0.8006121697143426,1.9531749676136156,1.9730959156826493,0.8909740138685954
0.9993422786245425,0.9150699963400099,0.47494756381364733,1.6850462407622737,0.8200571454344355,0.13110379873386224
1.6800292632633733,1.2800835068313052,3.2342105950816498,1.9386472866399085,2.2299979842709194,7.79113138811007
0.9085626190129873,0.6831112606332932,1.6025365370287372,0.4495700651715701,0.06529382860994908,0.2523241487654476
0.5519193030213418,0.5722504301348634,1.0008292119996332,1.0055090433803937,0.28635377424263275,0.5982269615989619
0.8015637507065844,0.9785202312813186,2.2373203836682594,0.08051833273152043,2.319096901942087,4.438196830492339
0.8787118418087921,0.5451316348468997,1.7221997283054327,1.2907952580871591,0.4774553490690515,1.3183034453785258
1.1407455592969435,1.838153006404251,0.8078800351147648,1.566251367505949,3.89805747427371,0.29152538533273514
0.6247695624306139,0.9305813156958123,0.7639806529674458,0.5168932109178914,0.12075494110568719,0.9697652711230567
2.257584375332533,0.6866733183242094,0.5936968485973158,6.650075943799553,0.48537148115785117,0.24629779930997306
3.2125085124967696,5.490757573203117,0.40552461001573975,4.803808034797286,13.0865694787194,0.44682716825083013
2.282290350200431,3.1867540041032654,0.31663004135380424,2.56129906704759,1.135060407984904,0.10686452269411958
1.5340096888760897,2.5414319413583146,0.7648460246858102,1.524508526131865,2.4278150718021467,1.1533166112224742
2.30369679486005,1.336804386479297,1.6607318051634221,4.079967246365241,0.4034076884925811,3.2863629710256297
1.2024863296995896,1.5082502404044755,1.4351765405503139,0.28002433815246186,1.882544039055208,1.7636297206862261
1.703248152843944,1.9711411172711653,1.432926603505025,3.1261565828564697,2.590028716756206,1.8645623276305616
0.9419685145247756,1.2387246999134316,0.8875932560750037,0.2666532591040477,0.7551453944297487,0.4477477110509505
1.7959478805590563,1.859025007343938,0.8162993575308367,3.161804534348337,3.5309804381346788,0.8428653576395448
1.2208615960566558,1.5658604269191214,1.9494105258242698,0.6452857995826853,1.8497427736086138,3.7317866869159864
1.932652091797785,1.160134143013648,0.9182828583873626,4.192615251900898,0.9857193302893381,0.1839152174310896
2.5900214394867644,1.1875299488687245,1.9868287022424107,5.766311092700327,1.6312733183729644,3.9028799722803105
1.1468044343380674,1.089173824513481,1.5559768729276324,0.32220685042921915,1.7196357744135349,1.3220959391402656
1.1503229736256242,0.694409264344078,2.0500008333624997,1.2423065589182332,0.3619296575967721,3.6298199482548243
3.155868389599756,0.8457451833418833,1.371522940476891,7.925304426285942,1.0307799487242124,0.7654700675694676
1.5504485989059695,0.7536334747333261,0.8557683104545956,1.3210015849747623,0.8414537209392312,0.8275277503843581
1.9486926909295739,0.7035469588174386,1.5539818343484912,3.983557750530425,1.024662588702267,2.7854690556785564
1.6793214225768425,1.379531301665833,1.9683038854125514,1.7770180938484998,2.863509094925823,3.0741989056742796
1.0757919293075795,1.0833707227607106,1.2513099292677032,0.9410632425607284,1.3176399478475174,0.5218068268347278
1.493862170211473,2.636481204901631,3.4547397884059206,0.6731384381201518,5.637387737434431,7.214327971725702
1.0416727198367413,1.590543073886111,1.6713931964626412,0.45436110581677275,0.6953636169489377,0.17654821159928485
1.5403719256331723,1.1859607167768007,0.7965476179787138,2.869274058433911,1.0746937069896008,0.14192453989246115
1.1960697486520302,1.9301755320492093,1.1580345895302664,0.9772820856047518,3.092520732246547,1.8102279270342598
1.2993320574875875,1.6316655565689147,1.765514897045501,1.4319125312281242,1.5794245054361518,2.565604708030509
1.5979248536115382,1.3245654140788865,3.485075128388374,1.3558294908178181,1.5838505776335274,6.482556247241466
1.3888183667714968,0.7673020186197937,2.2008171895211,1.7220859223471001,0.10963090192622899,1.0382055057606312
1.747486523393098,0.7732257930748127,1.3942910244513178,4.013529635826294,1.0169888952011115,0.05123346734626085
3.193924118986492,0.6998987174910847,1.5573185695636047,7.899381582671365,0.6314327264217765,1.8471158453427396
2.5643798942918807,6.2420106045988115,1.0058170041292847,1.0470930804973337,14.631816485626562,0.6841245211416505
2.0711936086532607,3.268947993937919,0.9769139709383279,3.5149354837947064,0.7373651257990148,1.1346054378491774
2.1371324495374706,3.2626464409914306,1.063191367232805,2.8923247930051725,4.3169094953712035,1.3406960642495063
1.4521169694108753,2.4454190644545566,0.504038012171494,1.7044215916893255,2.2554668559462527,0.1333752271410786
2.6927275298539466,1.633857057151742,0.7169287305450218,6.24927533039587,0.8338098151904499,1.3309931511273285
1.1145719014637834,1.337148568242416,0.6822118418745178,0.4474737434089003,1.5684837807581147,1.1113658972078104
0.9289965054709406,2.241037487890544,1.4437052749311978,0.23141485563952902,3.671872669444809,2.493372793625967
2.1823787602041347,2.661879104907664,1.6507958264687326,3.847776381785572,4.297468310985693,2.075030114532778
1.4529189283952948,1.2629169678929026,1.0379660659942755,1.156602923894953,0.34964479185808917,0.40966377124761005
1.6932260484820372,1.028053999000775,0.8363299856987976,3.7542276220651862,0.8297377945456623,0.4616935860099953
1.8802982377605069,0.9197121396762249,0.642574266282828,4.471539678574234,0.8166078079988379,0.5780490897278562
0.47454312449964897,0.5852578644994715,0.460977155062041,0.1289865773751668,0.08590852420065218,0.39434361261107176
1.683644130760763,0.8466678154890814,1.1202483273934425,4.299123176140646,1.8237896155036588,2.141293196900941
1.9596198199471657,2.0185145027250253,4.6619788214978675,1.1895707973368495,3.859562584271517,10.380784795921889
1.6700485750944574,1.3249971301621422,3.1882355866822367,1.4284658164922115,0.9611567314511318,2.1117283420009705
1.8191636599671681,1.6252452732273717,2.4656924882845135,1.9701699841706042,2.694423814926311,1.8662713604119505
2.4474569710295713,1.5455123949533784,1.6547483377380414,5.217747919129551,1.9761128180762288,1.0550212053582069
0.9037314763785497,1.0757254110852985,1.0125986952916919,0.038602338731171686,0.9420842902110099,0.7496203928314509
1.1725583996981128,0.62948355928038,2.502608696959274,1.2957491278756466,0.3041119493249176,4.839895964244469
2.071873745357724,1.35085597092545,4.021968152165827,2.327723196267317,2.471091055353468,6.947657065046048
2.2289845968346067,2.1896422658560426,2.421663711649994,2.565360835090209,3.8560543784191212,1.3734404578106643
1.8127458528636429,2.0285716223051207,1.353438049943554,2.358771331422216,2.315798000830508,0.6855454737263809
1.0496592626879164,1.1877962642071749,1.7962174251488991,0.28874591119061865,0.03608046987569653,2.9404148979269578
0.8598987101805675,0.7893755421758105,1.162895187450923,0.7116237426195481,0.4872867238694553,0.28417991920510494
0.8954745753691602,0.3956877580102183,1.6842662763025806,0.8885642448186694,0.14402338613022111,2.901352083674543
1.8330107262739108,0.9335372893801418,2.2520813347833997,3.263747525573043,1.689736759289618,3.4179461271718754
1.1707273207152415,1.5161691151422114,1.0991358715558412,0.653566298353264,2.825093345308455,0.26684324216137484
1.2144903785573986,0.8810931217914357,3.36672622610616,0.4732301824724971,0.2343696001744242,7.5325120671714325
3.4898955306235573,1.940005826179369,5.155884981385225,6.314057737900017,3.6444928666914382,8.468909203962273
2.017634004088074,1.5663849042677178,4.715149668846924,0.017805595344570473,1.6216508461943133,5.520355454961194
4.874786887883834,1.7357968171020057,2.675551930130517,12.257645987808173,2.342166051331102,1.3704961591564488
2.552196079979821,3.7458787471303965,1.5828284930389567,2.2590997088735065,7.108826399822641,0.5649224954824311
2.2620247193760825,1.9584089763119719,1.466564443635935,3.52598603287674,0.1747814176668724,1.7445920995412998
1.3281106023198366,2.709036417248142,1.1567526147834666,0.6980355170098412,4.629801702683894,1.089226220692739
0.6912790706092785,1.5177566947961736,0.6250572876196487,0.028837459476023043,0.26958482272031814,0.4612142812582513
1.285418864201373,0.987655904105434,0.748222109618654,2.677825756869401,0.9983172527295917,1.1021719743452523
1.910482082479375,1.8350500638806801,1.3097278042071048,3.5932778729868016,3.813515173213478,2.180632605498774
1.7665218774706664,2.7692318700860667,0.5566715729290684,2.697813207096188,4.7343376140467885,0.14710645994999172
1.0963840635522863,1.9663178278402649,0.6409003645028125,0.3082853634204434,1.4119448411364806,0.811184236685295
1.4171150378206314,1.7383356000032386,0.32940649555910895,2.800201847208508,1.8033197646816972,0.035910245594380164
1.9066842213322819,1.9378489831469574,1.1618195157362312,2.930006695456033,2.4630123491908233,2.7685568326988363
1.7052502742584688,2.4127012323909693,1.470333952816087,2.149052494663762,3.5766348212613432,2.0471465625603655
1.86910589695954,1.3679432163707081,0.901107512426561,2.9058594513848264,0.2591041715288055,0.12944429668955693
2.5729406300131052,2.0991051011292483,3.0110608755029244,3.74058534935761,3.32219210704789,6.689873785784086
1.7654934817839978,1.711042934051087,1.4896327977047314,1.9017856486258609,1.3127672386653813,0.045762699945186856
0.8513186167298683,1.3228644804777037,1.3643288077544489,0.18555714478983149,1.1979422876990025,1.7830042793706213
1.2717149949864759,1.172993728999115,1.8335136552234217,1.3374079675752444,1.102947183515725,2.9955020572118713
0.9930627594610284,1.0808831138364174,2.179422088561594,0.16165959314865067,1.4234843424895331,3.1013600689273657
1.2951994609960882,2.6643037176411357,1.1899603358868114,1.0469540696506705,5.802683338117247,0.06977331952562679
1.5180956242313801,2.063142204812196,2.4710704537659747,1.0454809461012622,1.5890480511266771,4.7377731641562555
1.6891002761107963,3.4324937974129317,3.2892179586227983,0.13657876114710152,6.122784479112323,5.013118903981331
1.46608833965325,1.868802780734306,2.398293871657218,0.8579399945987614,0.3976096383121697,1.6482909884135755
0.868556992884241,1.9578251560144102,1.5719037381723817,0.23531180975614502,2.5756944231999466,1.315881330469948
1.8601851570316716,2.323334749857143,0.7710615149482474,3.3029714201509606,3.345176540193119,0.09181033199470566
2.9000780344413544,2.1084082533830855,0.9459601044249538,5.901059970123997,2.273431160268759,1.6508633532400696
1.1493718937644959,1.6464971756609115,0.8301703789943022,0.15012926746491154,1.8674958528540864,1.053161783383469
2.7620777366427607,1.4069318922241503,1.4814477241678579,6.2073124681373715,1.663957904352616,2.9639055883108405
1.6270627468141292,2.1816220109093787,1.3422692083599292,1.4787030987775223,3.9455626910786297,1.0346385468458301
1.5249583089817829,2.415220830359605,1.547697681993355,0.7121093525572041,3.447976575643645,2.301374935135681
0.9304990686132589,1.2731852869592386,0.8063331363191439,0.15995324947914416,0.26087515808012235,0.21385269572811266
1.0761953246518006,2.2453812993714957,0.5749632014712629,1.3887929935427872,3.775496831492379,0.285322505394402
1.605038811426537,1.4463608893441446,0.35485239952597786,3.1647697803952357,1.069105188565732,0.3009719177698001
1.2682158853237815,0.8973017015352037,0.3372260017583551,2.4557557155672995,0.5852467344532065,0.09318870304255446
0.754136429740669,1.924682183631492,0.7601014301397584,0.10306245899209292,4.0768843304792695,1.5588435894111166
0.8152422782373293,1.32734125940418,1.7211552987645458,0.15139164811650496,1.1313550450823582,3.1594449055457656
1.107073093935639,1.9709994515168103,1.4839065235687954,1.0312518624321754,3.3043222823190175,1.8853269290823447
1.0387280331049271,1.309110478201465,1.3042340846468758,0.699939218760098,0.6114303570688722,1.7111199281021372
0.7917288265996539,0.6360865418715682,1.468271941287871,0.528932183465119,0.007874122975521203,2.282771925470077
0.8069666349170528,0.7256192432895323,0.8846423511461521,0.6598003569110232,1.3682131124828785,0.8299563980375038
1.256735730162891,0.5731192655231585,0.6952844940957625,3.254010062313432,0.21122833263305701,0.8986900204323588
2.242032888320393,1.3785918712456877,0.7153421911402875,5.296585189086856,2.807906373087855,0.7545429159459147
1.291853204508375,0.8223314090575675,1.5394031745007783,1.0387329683550672,0.6461353421664795,2.490346218943096
2.0064027893708563,1.2157029326333777,0.9660970150998004,4.7312841364857805,1.1726997229698906,0.35261615373407246
0.8526183175270934,0.7622886249643821,0.43093871072941164,0.7757289281144991,0.18211232516109463,0.026221706324637883
0.8604771490875588,0.7471323095668375,0.8946256785271502,1.2941957719790484,0.6755921206308247,1.8136535470890485
1.2241929891968237,1.6629268599912759,2.6412543199729877,0.5124417419455772,3.041849224329147,5.707818469368885
1.3608046242908565,0.9269443247450357,2.04141572406807,2.0459489239430892,0.3287776165634997,1.8801830591054345
3.227790306206738,1.2608528516568074,2.315215102943895,7.7246679359526444,2.083478677524318,3.054993888495814
2.0672698646702408,2.6648887699345765,1.9227762592361006,1.850123651620192,4.988117270788222,2.2343105612083467
1.3425816168732894,2.123256936003805,1.3105474657018388,0.8857548572133683,2.277848575002304,1.376067168706739
1.6601411173965168,2.370172665898955,1.6485125045676683,2.0872112369509677,3.332246057335293,2.5344813455211646
1.1804798339781597,1.1899346890213789,2.0669613374739204,0.26231568850462134,0.23075802121701616,3.475726143659319
2.0470271871619157,0.8836891762059174,1.340740316606248,4.390316871332613,0.5773166336520568,0.5090920879599529
1.4758741268657352,2.12929524361498,1.088581473563601,1.3986683644064692,4.498825323153079,0.8193393111348197
1.2087203856393658,1.9588655680242384,0.6348635287150795,1.1933108238122037,2.5112734829831886,0.5064987674949376
1.46956604011873,1.7763779855653163,0.8935433316643353,1.7631255210799208,2.0408252874886275,1.20359130848302
1.5496178511734062,1.6824705372669568,2.198657794962698,1.960506106303654,2.1799002443148745,4.326769241064943
0.9865763966103918,1.2819034128668674,1.5398910681599494,0.14896397451132995,1.0695555816485192,0.8468725556503216
1.1509964500210226,0.7018827387885677,0.8794700203811312,2.29529345904876,0.09115957230110022,0.938302030866202
1.1950981488076042,1.5722916468844819,1.8753505826307577,0.5539635317830209,3.0690462794626012,3.937478815079696
1.6115634781998933,1.718698031793594,1.743800921570428,2.503195722539067,2.270842419047755,1.4487570040326931
1.835235034590769,1.4678092628379713,1.4082973495472701,3.457961427963438,1.2803675268366357,1.5333678610347565
2.3524731554584766,2.603420055449604,2.3438731533241306,3.2588578919909588,4.600368262586641,3.943704351494298
1.4368098224233197,1.5937851016906395,1.5546270414215813,1.608161806149805,0.819427235471175,1.3487558093689882
1.4113461962040879,1.1674831159873595,1.633939550792086,1.4686463600932604,0.6971917474749718,2.2886269255324296
1.1508374632740155,2.1762800968371336,0.9099934522558946,0.3083452699285018,4.123931475217131,0.17907202977690773
1.7565778543672772,2.2501621894731065,0.5540646122185883,2.9863890152748565,3.188976975588601,0.3935673736656475
1.0287236231937085,1.6496753127494648,0.7373225267411965,0.633286538217213,1.4471295227637386,1.036292040937329
1.0468686712461777,0.9572911022885163,0.9591798405672053,1.3731195417994453,0.28021390452150563,1.3657564457785742
1.18238290401692,0.7250001450058218,3.127892795049733,0.6689159933274842,0.48432522359400915,6.7471859023053185
1.4192322991055257,1.1921328795991044,4.339580045151925,0.28734438981459237,2.1355532082988025,7.057036749451734
1.780315320300756,0.9213605686008332,3.549358255573261,1.9861151469518448,0.9724001336456845,3.810265166758566
1.3860977057105204,1.8473105875109068,1.942948852377254,0.11172751945183274,3.6215566734798705,0.7584220703237717
2.3823231277942094,3.2811401943203515,3.5185665944503,2.761779855836161,5.989665729574852,6.650045011859479
1.791880999994185,2.869500142708621,2.6828434934526224,0.7642398651077931,3.2760546996548574,2.3381179915570156
1.0843007008243393,1.9195305505698361,1.6688693284686937,0.0002694041528053474,0.9481692439463576,0.9982557131434291
1.348261473206469,2.2873746327074382,1.7017946021022892,1.4313138256088904,3.1088242625981275,2.4191430089106607
0.9286904570273619,1.4897857384845374,0.7078178841920564,0.09596998472250436,0.8660066771852476,0.03332150508019206
0.6660323690530964,0.7580675150168813,0.2975467119114775,0.6463962198195594,0.36568359482880547,0.31601045676759537
1.1795647297800578,0.46739940596263674,1.5006290505755597,2.4550048511866462,0.06792697932385432,3.5402195864525425
0.6337586321320163,0.7979863574157979,1.5943144829986808,0.12948160931765357,0.974598154739827,2.0745093499249583
1.7948704603824164,2.3380254628782002,1.2618236398069604,3.6569111284295728,4.677654011267731,0.9057257932347241
0.8978125822887885,1.394776781746155,1.2423869527693183,0.007654474392792114,0.5462085935519856,1.3889627012291526
1.033956588123526,0.8474064705251896,2.539145889057966,0.566912346182991,0.4626366602342316,4.710751640070341
1.9426753093765343,3.2987905048077306,2.092539431707142,2.7011136926222084,7.001203689141457,1.997053111685325
1.3199491093914046,1.5541238391391334,1.5815549810089127,0.7603847902394995,0.050644052602973146,1.0154916887655778
0.9378518852321467,1.8815557196459265,0.9012857140400196,0.21493076548758702,3.081523585890574,0.25640928402071295
0.782904114876778,1.3578007383194746,0.6343273673884676,0.893305335129616,0.7753583074518683,0.6955629357199374
1.1831341616376345,0.8628518401075792,3.2335041021190936,0.6304992769775121,0.07641740111053079,7.664597570463494
2.0590016978461714,2.3451834363308466,2.1635677482053888,3.6993522742740583,4.997261760380984,1.1502414614242757
1.296944619146476,1.2922747018194054,1.75998811310351,0.7518550905876795,0.30081416217969215,1.2767099914800952
1.7658592159426623,1.254573843715455,1.49793136984957,3.1111543154627013,1.6049389952683033,1.3806943380949708
2.4845820156940333,0.8802667452305116,2.6324107359751183,4.448881815408057,0.6405598656517928,4.310124479499471
1.1789091916847705,0.6064414168486658,1.8580086572542511,1.1376773450865927,0.1348299530037214,1.8523199681743847
2.142516343063421,0.3832531934115518,1.9764374487741314,4.814628146322393,0.10242340735522942,2.36623059435914
0.9581718006348064,0.2645909834779745,1.37292820467587,0.9474388211190321,0.24559374026983022,0.9866707560239929
2.5380784943867947,0.41233474478307564,0.6894817146175797,6.652833904337432,0.1480833632329486,0.05903810035662344
1.3278792265942423,1.3764917487075945,2.3962455828215226,0.18706048362472302,2.8588890902083195,5.34651260841244
1.9444061018017187,1.1197188427185074,3.5666425133125537,2.3232272893199766,1.3293768100711456,5.956872665506899
2.0056404149565834,0.81239517642224,4.251076583220894,1.3617023364623064,0.8398140589241608,5.957870408932883
1.6669763013865775,0.8945492628542545,4.579203739168918,0.9808986275250262,1.0838377968700281,5.753662806587289
2.240004393795209,2.59093281558365,3.6807092116805866,2.0032173348106554,5.288650960000191,3.3774161987441786
2.60962306945619,3.21093633778634,2.9225218979661562,2.4338262852702486,4.832668338640442,2.3078021622422233
1.8791632101801952,2.582535879060738,2.990850049555602,0.008745632983492825,2.515285069334236,3.722346664932871
1.5511308130675576,2.973846568667121,2.3125400249036234,0.365330644742418,4.320130044581249,1.8353145253095333
1.695713931640452,1.7799531882432094,1.3352311285630176,2.4968670625373326,0.770290016470458,0.2885945348143816
1.4260960305929467,1.1053184522679815,0.9829314521815276,2.1955377703349446,0.959653278067919,0.992590620665727
3.1997404880749363,1.3663092208946896,3.3460132193185177,6.765585882081083,1.9023450890122835,7.101361777512913
2.2550491353306277,1.3683596107372664,1.8849791261508,2.862899715513481,1.954343618161641,0.8650698648640187
2.9586489534937996,1.1657322997882908,2.494748849134998,6.022614176753758,1.3144014825000845,4.047301043200888
1.6694651148358548,0.923083178605541,1.2637236157655773,2.4249544057541748,1.0238452786616972,0.1956920203168939
1.6814531054330513,3.95488046448448,1.0973208142600077,0.7077924980065297,8.56332201711854,0.8134833723009979
1.2691788003211735,3.119300540860092,1.0393948996625784,0.2226787564240718,3.442120720902874,0.8645012922162264
1.6194625267470857,2.1280468352366624,0.5034648714554317,3.0449051522289614,1.1417890009282035,0.10596321253493608
1.3551441724592606,1.9601031541910612,0.24776124449148273,2.06648759490405,2.5987108065950997,0.25360946100034465
0.5092035875560958,1.2569567026358062,0.3870842318988588,0.09877130890308398,0.6282210096353612,0.42927270850071586
0.9757805421931666,0.7778711541647605,1.8640250352428618,0.8927319174155142,0.2110973472442515,3.6380425256431077
2.3262498576160646,0.5725379916909038,1.112916285857852,6.283821025088229,0.8690599336777538,0.13100221375413862
1.1622075353249481,0.6178292475993561,0.9226159255717917,1.3878995879767009,1.0315852113901294,0.7096416173760961
0.6677568121477693,0.19451439634318513,0.4617155949198862,1.133836750145098,0.03335077851624713,0.020454243542800832
1.1706408201231264,1.5192232031465576,1.2739111631875746,1.2238703940999978,3.3725515399829518,2.3790076099811204
0.9411554079951355,1.1562210640507031,1.5126487288892108,0.4686181185051916,0.8900551747679147,1.9367638997908596
0.9252940073044994,1.2102031724888949,1.610127460221263,0.9199709051183403,1.7369933929723482,2.0711750494149896
0.7455774456992339,0.6339716870360184,1.1113172531709277,0.9234781689040747,0.15368258111829466,0.9380331441807154
0.4673005007633224,0.4910698040973606,0.7838674824516147,0.10755068147219563,0.3847360974323158,0.46706420504439844
1.6831082691921089,2.1286968694361237,1.4463625071154989,2.9183119432260995,4.408988934022475,2.548219898245284
1.577602054672982,1.8666060719009165,2.157323895963031,1.0774368453275396,1.8764977534623448,3.3332642475545513
2.312405928164946,3.392111574141179,1.3594833678258755,3.453965679565796,6.002858950482033,0.2983960910142571
3.195757709537768,6.996750571994377,1.2231900576009744,3.7988853754777145,13.369278482199928,1.3342939798592641
1.8844957530903508,3.7740021695790946,0.9305836354915891,0.47649928870812497,0.9299847820666545,0.5719422258998708
1.5611296803013361,2.457182070674141,0.5973605207430698,2.142111846942619,0.7099329914307807,0.3681025707191933
1.4446417341253588,2.756957149070556,1.3840853137443083,1.2783857155214864,3.908877601895817,2.65096540343685
3.08383301820937,6.531506118976827,1.4163428735247026,4.24314107860472,13.158957409703323,1.5448004539116913
1.642696425081694,4.134875625326385,0.9616695515875835,0.48603109393259447,1.9865662118575778,0.4871653598343529
1.753246579440196,3.3486733934728283,0.8358534224268876,2.2652475567668895,3.1708639736700044,0.7421273952788964
2.233580992883885,2.6886676418951567,3.0596846356560135,1.8717225956861803,3.0441902198839568,6.801615194940312
1.6783408002105296,1.5666447442024234,3.1420688413999653,0.699970390780318,0.8780635606816669,3.7767112051856446
1.327678175810067,1.5579640894612663,3.209488046516018,0.2937564849613751,1.7079016593127117,4.239639650527505
1.6812319506135422,2.1822293102439554,2.0613754470880585,2.1090363271708568,3.5802049807227214,1.2324170833521133
1.9654172700120556,2.1130610710806823,1.9527377978430007,2.683387507570942,2.330234291626392,1.9553073419391023
0.9713953263033343,0.9109361466715925,1.4570945321280095,0.7585053813203535,0.04278195663949323,0.9456720420198204
1.1829538177233754,0.8574508881112289,0.8407209130329427,2.0703321253609963,0.8210728979866094,0.16179542683285428
0.7977965067988028,0.4473246137266106,0.6421785075478409,1.005486441162735,0.31208155526192743,1.0252187963480037
1.4351781590827655,0.5576393724951036,1.284820254386284,2.497988341665501,0.5304644978148889,1.802709429220592
0.9462785030572789,2.1993040654330267,0.9471636472804273,0.444326251412142,4.718088202766344,0.6769524446706383
2.223669866714721,1.122406712240956,2.0756037447245372,4.418462790545983,0.07518212444635737,3.7670992894479043
1.0311905933538894,0.7876799141537203,1.1719217658464598,0.6776969854692375,0.4964117888954207,0.3276281454902443
0.7076543174692085,0.7901994119403724,0.9744144010213758,0.9170546303766779,0.740879497772473,0.9149776207896415
0.6514713677307891,1.205220284886277,0.4446522188135331,0.11969524568741217,1.918835302880502,0.2668431523358904
0.5405334018852289,1.0911994308626252,0.8067299994637828,0.23646875271342271,1.5275757754762347,1.0378235709422698
0.8506932608079202,0.6875347168381494,0.28781887382632393,1.4507701759768121,0.4924904101138719,0.08093849884730875
0.5809182290827923,0.449912002779103,0.3971876019441597,0.6228369344514492,0.35883013080601756,0.6364183584670942
1.4255808351090058,0.6004399047870549,0.5287300323134277,3.6094490154940124,0.5404651672732942,1.0241036008057376
0.7203241287246691,0.9174802961257581,0.744509215199734,0.029604811388883413,1.3964385506316739,1.3008090583475254
0.9086825113605436,0.6908036197275889,1.15952958003948,0.9531513113094143,0.6326509057263154,1.5691936210617177
1.049061118984692,2.6433809512865407,0.8471430627535644,0.823003222683286,5.8977928588002895,0.6431427788595617
0.8635630725984879,1.7462168333240473,0.9061335447940264,0.03903370333975423,1.2467393939242213,1.4806508944513617
0.4558109657863353,0.7974635629257252,1.0927941836011648,0.2656196466091774,0.12119077964474124,1.4226411275638697
0.802244783560395,1.3663541518205882,0.7392139390563195,1.067651810951491,2.613239977956101,0.7601154070884455
1.3064476749657015,0.9474098696997724,1.9054020837777264,1.357954438467984,0.7975111991986126,3.546271904871738
1.191142829639083,1.2867140977740377,1.4157753911683078,1.0360017664794439,2.1196810375009556,1.5777358462789532
1.1901843560513683,0.8721383343157436,1.1157049868699498,1.5140392750266451,0.65588170266891,0.8077419151228811
1.6197632497958516,1.0444186610448987,2.994168833770231,1.8083867759270336,1.6914023995456948,5.8877417402114185
1.4401510571307836,1.6444188574153362,3.059490281933691,0.019946780916305435,2.9581575091254235,3.730111341602227
2.062984480565612,2.9415871817353376,4.686676812271836,1.2475973399332378,5.2624211617455465,8.101169664916888
3.3499565800143816,1.6061898069698861,3.2964065201721278,6.620844442019276,0.6052588442732485,2.356830235424885
1.7605846265634935,1.2092787636612508,1.8696823995165535,1.4639102431696511,0.8155063003593386,0.9503472389064985
1.6198707654952373,1.0691535007708732,1.3073423770296304,2.263566426447793,1.2482365885105784,0.6594003047692096
1.5936687150028777,2.641648494730731,1.5284919130428092,0.7475371593797607,5.239387496006051,2.1772318999712756
2.6941227812313935,3.2968107330333205,3.8787455958339674,2.974364261341995,4.6331014563811745,7.9074180895160575
2.1775298596718273,1.5921778216982294,2.67051294118822,2.96491885297936,0.18835386056979106,1.970826581239461
1.7342715570749412,1.0827150408799249,3.15537415460957,1.4733458524055132,0.28296544336778623,4.267625510575024
3.207902037147552,1.1663673679929887,1.9113874923857037,7.460555169071689,1.368411260593444,0.7982805970470157
1.1728687769362909,0.7025398632410897,1.483650105613466,0.2683208145687498,0.2254848854456923,1.0449658890589553
0.5612741266567565,0.5959490367554885,2.565818066189223,0.0341858401169344,0.8480145327056796,4.734785745329755
1.544323104144076,0.4118107539216779,2.5376370606304883,2.9407281679195654,0.32124235266541534,2.828290868854224
2.2616648990892543,0.9504639269743214,4.261766769271481,3.2917426161318923,2.0214245664767936,7.970297421486951
1.7695913307974624,2.897068766747606,3.243892050917039,0.2561377737569413,5.971382972362957,2.9812149375109405
1.981152330807939,5.898045436988698,1.961929969374613,0.6173561286960697,11.44823790901407,1.1902838431951612
1.3701179517719808,3.4746065939118287,1.767855635570539,0.035416465412930004,0.9407790313707908,1.514595105316287
1.4897421474995471,2.481168014196103,2.532471065855845,0.6943224317033132,1.8276507323473425,4.615506700175371
2.1944230194345016,2.866563327521892,1.939666289068762,2.966860904256224,3.8796048279402666,1.604347643604999
1.493456816358726,1.5626485837548723,1.0941128642202198,1.45945855114414,0.24990702819381094,0.5898091820896604
1.0360118980338813,1.7471430124565233,0.9322779908080372,0.8557146861866832,2.3395576842587533,1.1440543274956614
1.0833259782897418,1.1614286041738187,1.246814731498612,0.9296001263187308,1.0513495295806476,1.452646910001176
0.39980469497128696,0.9447043031184628,0.5377040990773916,0.0027090853886956295,0.4617118312747316,0.20344502367653122
0.5785795309342651,0.7217732743381924,1.3771401721390806,0.7127800478224141,1.0308511036216035,2.7233024205036274
1.043083725720232,0.52690305134712,0.8709913204543989,2.079510173121035,0.15800045757769174,0.23161632405599092
2.7832605596722435,1.3189628459972922,0.9248482956878125,7.314330908570359,2.3775586151458374,1.0381111722789724
2.1295555402127206,0.8911876178908285,1.6287851205750625,3.7554299972493825,0.5826913337811545,3.265642790407094
0.8033481668206157,0.7988790109294963,1.357498327998952,0.047755566831033,0.7462058519382236,1.2606090492283033
2.1646717293595823,0.5681036430929511,2.225366799773058,4.576587498444518,0.25812575008268024,3.690516953692345
2.0759204049226563,1.962010918757637,1.406600164028009,3.057545381420305,3.9999172018207596,0.8367400046063486
2.3553388572457585,1.6928810757328032,3.296489165563626,3.031677696697999,1.3602419001128305,6.322926547684913
1.5893829487297593,1.4145753365229303,1.775588111313858,1.224962905712892,1.6979506293911883,0.47009937732947943
0.9200550112109644,1.5484111456703555,0.9547371792693549,1.0150132519903914,1.6853031964421692,0.07803089002220265
1.0424788044098507,1.1708669424175666,2.2156856559143687,0.7216979399646261,1.0569377578111296,4.118125893752618
0.9094101829632288,0.846469989840336,2.147477460021532,0.13590438126854174,0.4276985431075958,2.7902885401980164
0.948737505530991,1.5333371000890053,1.170656127963403,0.518151300866055,2.734024903440825,0.5278890011414527
1.3177198313700171,0.9861599206880696,3.9492295770728156,0.5663276170018666,0.27176835160218255,8.365251151246309
1.2600541231849693,0.5994909299113268,2.307353316262861,1.323595769118734,0.21934803372617087,1.395435737592251
1.8823899249603873,1.4011430633534554,3.598612417090016,2.7522477652134314,2.4767492215025544,6.034542773220375
1.2676843342901651,0.7957067828974915,2.338062391805224,1.2841851772313098,0.4685025800522974,1.4065112842337055
0.8061208653615252,0.7611535252132166,1.6725384946872124,0.11916978012496816,0.7327948268410083,1.2768429968522241
2.578549151446706,0.881861907259271,1.244534549107656,6.330186808793513,1.2895807615175863,1.192543860034065
2.5458447560598403,0.8629805695883863,1.0168047600399674,5.719758324704087,1.193316543203534,0.8155614024503429
1.722796788606621,1.3749385523037074,0.9470973927050624,3.0759984714558355,2.4659735021693763,1.5258585718624458
3.8131505583939274,1.3832823313744678,1.1622497942521106,9.495288966719887,1.9533121772732127,1.2049853229024197
1.691080842696325,1.5404116930739524,0.7928867602683297,1.5726415532925795,2.067875966334799,0.07487810588268844
2.918344358595906,1.7213085972002078,0.5055615897997856,6.5811921595658,2.503906907070273,0.6033868381778223
1.086067351773245,1.140430714711383,0.4796525206235953,0.15723170689833965,0.6923539884134886,0.479366156903689
1.0705032978414262,0.8667078203752342,1.926004700283022,0.9104057992925537,0.7781994444937972,4.041373462814132
0.8377455854248028,0.8382493829858111,1.6169715727303329,0.5107686587971821,1.1524988435863814,1.8269393158298814
0.8272623020044986,0.5883023291312338,2.0182981565981675,0.4358968491046164,0.7347848372683321,2.88516315998908
1.6269959996998171,3.5605154939367796,3.4841770151903795,0.30351397474217,8.391143128044458,6.285035382244006
1.8771491375554836,3.0503291344088312,2.3362960775308035,1.9479119447839621,3.364575637108198,2.06586974060159
2.471163208254018,1.4411136590036278,4.381643999586764,3.0403085822463196,0.3598201852390138,8.103718912703597
1.720981873100987,0.7133150816975518,2.580663170763696,1.7269146453916535,0.011219723546819401,0.7472471033240693
0.7677632908109684,0.23617578303804906,1.4039570902695035,0.3179040313356503,0.08745088641715136,0.41224640131944973
1.3855458642965781,0.20948734797896187,1.1831022834099143,3.3333266916293085,0.5595956725517577,1.032714751441602
1.2183180554743998,0.4869781565059911,1.075949694557292,2.020953976434794,0.24273429497003907,1.2727754823569413
1.1697171759306972,0.6379242267069811,2.153212798006887,0.9825875895555617,1.5243005965955163,4.514488271536546
1.63944928645374,1.8523803282387796,1.9817857529272738,2.242515314134136,3.9037891583634026,1.6416903908104425
0.8989615889227864,1.9140820970008443,1.3104237875775333,0.6019533891974342,2.669303934289913,0.6911337337353418
1.1258012460423235,1.090001026768664,1.8447440781275921,0.8468270689879257,0.4856954777710619,2.7145143635281412
2.2825311239749557,0.9649051450221423,1.410177049177852,4.989570803925409,1.019316797229391,1.40975922286281
1.0860788191511763,1.0730006907197733,0.9536393344902603,0.686402265780928,1.4181231286513993,0.35378928698536743
1.0968364885725705,1.9123694688651132,1.226756010542537,1.2697122742597884,3.323630425164528,1.7199143131987389
2.5475500207706503,2.2069640226709266,2.4250191794046803,4.417117608523501,3.654212996351145,4.84712352390949
2.4402260064674124,3.109358238913231,2.652223530394737,2.4600953036874644,4.809641257600343,3.698217295158742
1.290106749438827,2.112105490370695,1.9329472387658546,0.1284440249481455,1.4236215356688935,1.7676953543139577
1.2806785998534007,2.095636233351246,1.2842250909891273,0.31870212680931154,2.3701368890414263,0.9466845490813907
0.780109853161171,1.1399694832089406,0.8265298095935305,0.01574499544794723,0.23711750817264488,0.18199224981153006
1.3143824098579946,1.097206658876344,1.0919280361667179,1.993493413602983,1.6661474887572583,1.2684321658471802
1.2273379883285667,0.8961667053900313,1.7386497373556555,1.1872315740204675,0.5718786757155232,2.78929379349494
0.8274206836907733,1.1034788511831373,1.2039238728807773,0.288375601180207,1.130271085174612,0.8934297623909087
2.5998038103822427,1.4065451918490408,0.7733001955618015,6.337036686630444,2.0105199118835873,0.5369274029770954
1.6853124643948496,0.9802184808934682,2.5394599257613235,1.5085977092569254,0.5940806165418129,5.3583343009855575
0.9696013437618042,0.4508035981272973,2.5825054086450536,0.5538622606184095,0.10719200885835087,3.44695754768614
0.7613442372629426,0.21128934013245262,2.256552897140554,1.3887101041050312,0.020573164704425252,2.033745473533382
0.9379123528997979,0.1611543777427036,1.2856014120887724,2.2764970525465125,0.04481749306436762,0.29417913897636166
0.2978279745934449,-0.00034388111431743473,0.6847988422677297,0.15860426954010162,0.016769583676059206,0.3130943926416743
0.3354110090526641,0.07848657328122485,0.5508324100414476,0.6423503531701857,0.23386567161266805,0.21788850684306416
1.1722667971708631,0.30778952348369093,1.1539636752536788,3.289772604701704,0.5475286558117698,1.9157711900272387
0.7103390510214135,0.3861138749755052,0.6135624852946738,1.2311314431146945,0.500057261300663,0.24560752896156168
1.6723314758517387,3.666169186649731,1.9890469285589005,1.581860255211607,8.6545609319918,3.698275517673626
2.0230802959945544,2.2180710446444913,4.847715377566589,1.1341430336046225,0.7305842312901393,9.913715694051856
1.2245274021739927,1.102925055687341,2.8268546367253453,0.08978541780031406,0.27260367263134627,0.9125113252822001
0.8708791892030051,1.1508790751073785,1.8334641766508022,0.3624437948503873,1.5773899715280337,1.2090636201911893
1.3340579879500074,2.0876420651438576,2.014206580596197,1.1795271348445522,3.9032573127565016,2.487279661224922
1.5612559122702718,2.111761049991995,3.2112308049665836,0.469383616498048,2.2667825131417576,5.534104356870899
1.209336906193975,1.1789666895001187,3.4808444643923733,0.10254243907225369,0.7021870670168782,4.490402465203213
1.9714335893299226,1.1321185871005996,1.906737540131882,3.7113120927748615,1.6493208097317629,0.11863359088200975
3.4401438250859244,1.473377266152464,0.9950121339294141,7.947002206390479,2.5095217453577616,0.37042378572388013
2.4258769172598895,1.8768726155456055,1.693316595882801,3.151453873135485,2.604674899224787,2.809708661901137
2.3015089706590963,1.7478588197935425,1.766824439142359,3.8453532045389562,2.1964554570278234,2.335237443559772
1.226359557073733,2.688737519235005,0.9786043428616954,0.5540834454184227,4.092948756013605,0.2859369218229761
3.067271297013193,2.8858983236057876,0.9917639410498391,6.469348709717576,4.082064751547059,1.394569786202177
1.5964078682719987,2.165805210911727,1.8955307754891464,0.43861609368275645,1.7299435328154846,3.0356749475757923
2.7575564885587025,1.5761440770885873,1.1544169616479585,6.049490636404103,1.1237339317615278,0.49379870399797954
4.570478345022838,1.6587736478825554,2.2599126109581107,10.52562786397859,2.0520454412760807,4.100350197113623
2.3287539638794725,2.1935190078012496,0.9956696004769706,2.487665563369364,3.409828227113498,0.10885276280855485
3.4329677581588993,1.084205388466212,1.758774020270898,7.941819778852892,0.011336276859956466,3.0483110049512083
2.4505833823995165,4.226970167888803,1.5727093476188334,1.6858007251188125,9.655879868063675,1.9132824448786527
1.2424649862724015,2.2590286343892862,0.9758195135472492,0.600972144984639,0.40397234189065284,0.757255000174457
1.2216244518627124,1.6298283794103918,1.6676520960933725,1.1489366859856192,1.2706963341665503,2.5526035283303496
1.7858649584862616,2.67532748287325,2.1285643028814465,1.8006425275232356,4.111914691018089,3.049879169905405
1.2076540308666794,1.6112786426012604,3.1997969808951257,0.15177940442768775,0.5098887575729159,5.433141939043965
1.5404892912851087,1.5232609669963098,1.971348950034815,1.947539206789902,1.2955647005000954,0.9170188339520308
3.212315646195352,0.8774817406105659,1.9231847156680215,7.9454404157507765,0.284469007691651,2.316831187587123
1.2657363511430655,0.9183905607323353,1.7313237516870268,0.4217078822306674,1.0053059731525549,1.845705816541322
1.7851521786345559,0.6617279736753988,1.212486221625528,3.14616487231249,0.3899273569533895,1.4897487990302418
2.432251371459002,0.5453249175135315,2.337471551926915,4.769734477902515,0.9039431723787312,4.42213645479941
2.794232941812919,0.6996393279074545,1.345656874937394,5.754178071784992,0.9350987804479128,0.00634468138884024
3.525827528743613,4.409741738082971,1.0173482218486352,6.444543388896397,9.973092438903686,0.662882324543417
2.65433185547402,6.411208119844356,1.1554473228945932,1.4740294441139088,10.52321086618662,1.5455813072373847
3.4797033160453323,3.325706342740115,0.70943451950282,7.571477569718712,0.24385234018020346,0.39274342712657545
2.5113346661683225,2.610689230114495,2.3435027260116175,2.831942447448347,2.589026470056142,4.769034065830125
1.0702897546758643,1.2551231383377592,2.0391869765832973,0.35269034896171253,0.10626466280015755,2.08594906068493
1.076110191417841,0.5089775647393444,1.5011796749238,1.2959656642766406,0.061314362072086945,1.2997271360047549
1.4700404141535541,0.4920480959480109,1.9838703912557765,2.5340465578425038,0.22260939301855615,3.3715772776202217
1.322675089325118,2.7410651570714037,1.4774122610359828,0.5682841999595918,6.732760604879662,1.198899114871679
1.8648742099497968,3.502949881293706,1.3850272523476972,2.0467231049227057,5.655815515626378,1.6358477837925778
1.546048646147605,1.902261748844119,0.6549251542901968,2.1968274910379257,0.43116397496700454,0.005509572992726532
0.7593692992144739,1.1168535349018842,0.6445044248028327,0.3551450875970192,0.35269249446234524,0.9104681724338858
0.7878921674659307,0.7256722319532953,0.48906301950289033,1.6652107754173158,0.5502823097488808,0.2988349006570412
1.57857540758911,1.0868896707424403,1.1097880405096177,2.953549264082792,1.4494696947015366,2.3403584590049658
1.1924919377735914,1.3463429542767726,1.1978775201088676,1.381881890319872,1.6865668077213256,1.3041139664853696
0.6711647127565682,0.881160424079154,0.915871071471283,0.024353911775400666,0.5010126166399285,0.7183777946900073
0.6497174027487793,1.5803918092254772,0.9336560613992954,0.01815912770180857,2.8262854536919995,1.2615933754668764
0.7763759195375587,1.1521006750437268,0.7082574282648665,0.8833123836402135,0.7408326208095707,0.4705078939341227
2.899818332992965,2.6408253650971223,2.439666138861417,5.212632354104803,5.105463063750971,5.182845865806007
1.4371279706685942,2.0788180943774566,1.0912203148578277,0.5192955419278339,2.1384334448766893,0.11096756139703072
1.6981230731059709,1.5243431272984889,2.1770481430404325,2.01223225011044,1.1466478127366824,4.011148864319024
1.2806315237383572,1.9544263530258779,1.6828247833142782,0.5022525594610194,3.120457593053889,1.4322535562042145
1.3401217173087774,2.2950791500134824,1.615353494863425,0.7762427370931114,3.406559228473747,1.929630967265945
2.0911582412304726,1.4435513096607648,1.161103496923165,3.7683034035082508,0.6863377137348606,0.7208084091581316
2.375736043329057,1.1540277967378454,3.434935475393402,2.6102506112527943,0.8301660562552073,6.8042526336369775
1.5606915243386517,2.72907123985621,1.967683919746305,0.20052324607333796,5.4963434360472405,0.662156305623439
1.1853349003718252,1.5097391663057795,1.6696707417493106,1.1196887015603572,0.36002693703223054,1.7777305291889653
1.3564448993144214,0.6422204784250708,4.914077248948139,0.059207319604504274,0.086129049564855,10.046439830755427
1.473099314622211,0.7616964604357629,4.159043328784205,1.3112795092716114,1.2104752636630267,4.258850695154276
1.8234333801936935,1.5986356183650852,2.5179240029135013,2.171988533791091,3.231011572035959,1.537163619747109
1.7482610312963294,1.9792383008341994,5.002527958151617,0.25226650687391683,2.9539100688369273,9.286683676376681
1.5801170609673134,2.8256191428924193,3.502216774852703,0.6818420646540689,5.039757300698028,2.4170989341269586
1.4980270767282806,1.9676890748861484,1.9140641461156611,1.0144529685657007,1.5237116036241038,0.46815728452702504
2.2811643590204547,1.2332639688717262,1.3889875789586656,5.03976713659422,0.21086475107166724,1.0403928203088793
4.067991503291726,1.3021287492855487,1.0689363183800025,9.997912151804702,1.7768111944781217,0.8144132493711338
1.2920769822205254,1.9419942794413403,0.851355424086593,0.09190212436336548,3.0137230669599733,0.8432307740224995
1.757221072793414,1.0409725254673923,1.5273724453960285,2.862649760601149,0.19594931734867171,2.858039994164841
0.9706577510979756,0.6388509401934578,1.246129332800189,0.9295516486109779,0.37907280526084874,1.7554045105074467
0.48493588850343744,0.2829153467981851,0.4464370795641538,0.9966685537683462,0.024733631940344277,0.07767441350874343
1.4105125431908578,0.8356638062680064,1.6695312285987498,2.8070029019906837,1.8010935392961154,4.19844759155103
2.3534109225677304,2.185533491446247,1.091957011296878,5.012499985674345,4.356039409306021,0.7042168882335911
3.8821277394051976,1.9779771016071257,5.392599081558771,6.028957573174412,2.2213493917428813,11.668837436414348
3.184690940062107,4.121226060293121,4.994924667753711,1.7213458868909275,8.039226186246863,6.166537627807992
2.065759319526236,2.0053814214438033,4.732642183499068,0.883598001298828,0.13021582508634838,5.644590692975013
2.7083672591737793,2.9342953263529137,3.7729883755488363,3.0980886191541974,4.666110975340316,3.333367291438165
1.6573944371063867,2.7017393077475296,2.036301961722656,0.5780362845575456,3.364751618335133,0.4984959825670746
1.5702988752297586,1.577495072974648,1.495131052512664,1.660565681903547,0.7544595678933557,1.5212798300396897
1.635413802707402,3.7617907227023615,0.7656762042503482,0.8881368237533072,7.263226008812501,0.5079856357678953
1.5015725630803962,2.1923886004327313,0.704997366384027,2.1378996459755877,0.6791798780972553,0.6013332308014688
1.204054691374685,2.6321605036257667,1.0431514433680753,0.5499237377770193,4.401948225039333,1.8881039140486575
1.0588561717237392,2.947493784539063,0.5147041952911274,0.4253791345688852,4.253042433985926,0.08338129619999787
2.9951809110299017,2.5441141587702236,3.0545258875480905,5.007911963579374,2.8348074905934926,6.977342104705152
1.7796360823208817,2.024804345582229,3.6077466907006075,0.21473323740758357,1.657798525899473,5.0185586725383
1.4983373051743933,1.0251009095947876,2.2384165886016905,1.4102691168196353,0.2556729921588238,0.9585491750631816
0.9863406834908515,1.0177333721065807,1.6783502691113223,0.49911053778105025,1.5184531770265484,1.448955588854627
0.745881321647068,1.0942086105372382,1.3120362088256947,0.0794159874277333,0.8825874794046403,1.2551661932375562
1.063413209267745,1.9172419540348473,2.5250019539240784,0.0733670112226542,3.1425223453258884,4.277530256916021
1.0554837522269045,1.9200796041379877,2.1514754926861785,0.3852814869166537,2.838703213101491,2.3333660900428588
2.310960742373256,2.8616463716263465,1.40272047953164,4.031361963741445,4.829549020173557,0.6517684685328231
1.2630416448583297,1.4881276537198265,0.9720209295947739,0.6639054133360989,0.029882457492289752,1.1842205124092189
2.762480253809734,2.1060381368718426,0.7566798229069884,6.009916225071519,3.3120447984406236,1.120612967725567
2.421593889116099,3.2331501790193946,3.108261892924009,1.7427412983477275,5.5762025441731735,6.40478329134142
1.9078768803559054,2.9025709003313245,1.8513089883884355,1.1475812196301753,3.114644179358973,0.3854976498147236
1.3599316862315045,1.6023053520703832,0.997144508380025,1.7354242023882065,0.27897121881910275,0.18769044879909302
1.2575534018607897,0.9123426191790309,2.1824592894310375,1.4542287179901732,0.16954581539050734,4.250867627521002
1.9967782481485556,0.549111132944494,2.8848568337014,2.8440607370986966,0.04213113815074539,4.539964565749891
1.40162301332808,1.264906616585045,2.8804355389220038,0.6639536967974529,1.981733458451091,4.107377428090402
1.4285146341988735,1.543256930114958,2.108984223013176,0.8709737450452532,1.9867358795581538,1.4306911666235886
2.8399063046227235,4.218053721469935,1.8441425347796971,4.490412454761041,8.672380968060589,2.156116524365221
3.1558969701650543,2.6469586014397204,1.5492504444361068,5.854522233888301,1.015139108052098,1.6573064032399818
2.2624614368174853,1.5828393770611942,0.6703521626176969,4.461612458394614,0.8066536464317755,0.14395426720120116
1.2491501221365944,1.6421121761121862,1.0370876534126632,1.087551786994988,1.9585938003119883,1.8118636269328716
1.7093683731101923,2.190742355962176,0.4892066658799877,3.0315809831030545,3.492906992849756,0.027415339092784482
1.75467979586882,3.3849278181066205,0.6106307594239804,1.2938090248233634,5.522077743329988,0.7860478715510851
1.7127039281577598,3.0661888417553893,2.471712527161618,1.3764778998947391,3.250364068260269,5.385118885874052
1.0660173829784827,1.9510933353812068,1.4879144956988646,0.4580217334320902,1.1126015096242987,0.7249413266865221
1.6412874034070914,1.7708965809277715,2.938778449489625,1.7887175271479883,2.0152459625068273,5.621051186942365
1.5416479344421952,2.488694065073243,1.9598612018779797,0.41192375494866157,3.880045601128961,0.5757213958733773
1.1840567934566528,1.7200550077377437,1.4313537826746652,0.8056313391458367,1.349081471365402,0.7553951596306872
1.798582615835763,1.039223198692133,1.4641603857533296,3.86245969058071,0.48844492687973595,1.9799148913086366
1.040129741445921,0.7043606303545483,1.835061452828882,0.4640553198262061,0.37199285713789493,2.8678369821730985
0.7075806313449554,0.3463390383057513,1.4996123533455559,0.14763387400605255,0.00031551404208248276,1.3918531510237202
0.7517032388203952,1.3256787676953574,2.4345431023635804,0.14300831413790926,2.5333850364158,4.27610307074664
2.2031675754663738,0.8058904116567561,1.3158106256298547,5.653144586567092,0.2355347914608541,0.0821449301262224
1.624126958954671,0.6730251752256029,2.6652202169596046,1.4141694690315991,0.5590021887158031,5.107095017075512
0.9979920632562072,0.6822537740180454,1.3324949266821062,1.0532734996033275,0.707291449099546,0.4370778375885367
2.1070342313584445,0.8146747603766186,2.5037567256132944,3.330732083323666,1.6436884868730337,4.3124507121059645
2.004455502951531,0.9562749934626327,1.5730766031600862,3.6136559977619394,1.014853736488389,1.024530584137122
1.453717267171772,1.4029908956336898,2.1353178426067916,0.8075062481257752,2.2458549959105807,3.5766155368669033
1.5234428542333824,0.8174514606990524,1.8033664611255853,2.3658455543326977,0.11449281988376626,2.227445049741664
1.4582190989433117,0.515679088095084,1.114198772587634,2.949139466118524,0.2646395550291493,0.38702783442051963
1.6613786057518465,0.8783611990715252,2.4470801176033166,2.126397744694441,1.3831428595482018,5.0032326411167185
0.9905494987506404,0.8106819753757974,1.5151457236216748,0.3287945020560986,0.8218543597399438,0.5634461001273394
1.5399225012195625,0.4982686815322762,1.1220991995235956,4.173062565483896,0.7014236964625735,0.5597985243394847
1.114048561239356,0.17053382852289778,2.0792210381363576,1.5491247211418475,0.13876034803819648,3.365941755966488
0.9495732353685479,1.7284039773014892,1.1003752811343819,0.6638878038808874,4.5213355522783765,0.22381548313423874
1.0379197272575507,1.782521232334697,0.6562370325676523,1.1075643223755363,2.3541333266341327,0.5021498160318196
0.6183172290078341,0.9555949906456568,0.8541883016320334,0.07659015140540455,0.2593477575450571,1.4010590197279094
0.7125449005838224,0.6919002528642151,1.9513368005081781,0.273626231693328,0.13451580712305014,3.5495336747429165
1.822900326708798,3.3806558063327263,1.2858079330776089,2.9009981470242807,7.367587491061235,0.3191265440779902
1.2487550335020574,2.547083304514738,1.1514546401377364,2.3269646100864647e-05,2.2862104660216054,1.5866787479007487
1.1573380263443345,1.516586515370311,1.5193197366533462,1.077647300426542,1.0807013639089234,2.484322870352579
1.367993010430435,1.6206024143744395,2.137901491778075,1.4784248818677461,2.4195193034574283,3.940747050518607
1.440698116328284,2.0422756475966892,3.277603244458922,0.11236713831299383,2.8238955193719537,5.484214018693539
3.4535388159661045,2.1951313496323657,2.7492242106822613,7.229635072557551,3.0279118801264664,3.070887670743872
1.4292923490599707,1.5905182898909378,2.194740266220609,0.5126906903662256,1.2997053441539608,2.1158721833103202
0.7224275356663931,1.2044957614747802,1.4368888768672847,0.7253823522683404,1.1238265036080963,1.1369803971773604
0.7008604132285009,0.47385144628185727,0.8776349433898095,0.7246460494479172,0.02217868878893524,0.23781518238795438
1.1493381571959254,2.2715542201126473,1.488283899111526,0.5238120604507893,5.2224945032073915,2.473937067423825
1.509180992248249,1.8445568121527793,4.758465071797236,0.002949818460770116,1.8491896229497993,9.850008469372447
2.1272244011165147,1.1271548017220534,3.5567089142041386,2.613819142149375,0.4541875292622436,2.669382749347712
3.140248404230499,2.590052817618188,1.552938889194232,6.813153637805498,5.041567267638038,0.033704598818590906
1.8864118241534438,3.3378509797253844,1.322446572604151,0.507962060888422,4.928606375204254,1.3713899468892785
2.3340229922471925,5.237750174425708,1.3302822358128192,2.1756247869211744,9.053487912733033,1.9071890558861562
2.448044115182665,4.374268969391015,1.5037940631160545,2.708787882561248,4.143844773248089,2.3402651383895843
3.3985670793988447,7.138933024946887,1.78168233094127,3.7733544560740695,12.224453068934908,2.5439739926140947
1.973678014275174,3.787662065619337,1.4624398679527066,1.0985411587744511,0.5612439424393508,1.6333815382491454
1.3767919736916663,3.4709177233557647,0.9442410507855117,0.7217414841186984,3.6934822961647917,0.5055575697437743
1.5797267917162405,3.125796251988874,2.5995057833287087,0.7869598386292708,3.46353099179756,5.701555895200405
1.6622040874043758,1.8050078830185237,2.257265268774115,2.4939090719848465,0.5251735124077915,2.385844624171409
1.8049019798567822,0.8684378625711809,1.4138476727005396,3.394129501260106,0.20725192839361012,0.5405752388690699
1.5382375620854525,3.4857916369484374,0.9522518288881288,0.40084226328327965,7.766921017853191,0.7781655652042546
1.5333242776936502,2.114174096970591,2.548148332410494,0.9270604799335608,0.7020235955025333,5.100239164717158
2.889481166780533,2.7365083988291077,3.083811837505394,4.644355498354066,4.0942087853236675,4.369340784586628
2.4835754768689196,1.3872133007057004,2.0681735245613986,3.2869567374587416,0.008271389766798306,1.038880037230584
3.3448538217962653,0.5966517614737121,1.1613881090830573,8.380619077364752,0.04249795223707739,0.07812047380278567
1.8726466531900658,0.8044703435928116,0.6601720761150462,2.8068668766400817,1.2542369482118794,0.09942565406112686
1.0346520861567965,0.48447412828097836,0.6769565083036978,0.9990962457673288,0.5454941376611726,0.6679219994069682
1.12320842840236,1.119183512440659,1.0823026698672402,1.786310046599916,2.341342247216614,1.983765405659989
1.3121429085829306,1.199850898623156,1.3240393768192176,2.1635944408258485,1.6674147805440127,1.7550760032163484
0.6088995956092873,0.4849782893946648,1.423344995680091,0.16340911090966223,0.1613050149366864,2.00930305753709
1.051195608731835,0.3575619849664252,1.5983611688894346,1.572705772704821,0.35497443329670486,2.5266175647867475
1.3684136935780082,0.6973388473115028,0.8699407331279089,2.4710702467136554,0.9822070126840793,0.038431396474672024
0.5774427713483389,0.5148234623874612,0.4709324569481001,0.36621486062588937,0.4106172466408464,0.22205440468995857
1.3628539488515325,1.3927151760456782,0.3767452175168672,3.0340066119482234,3.1425734963573047,0.8909606432875145
1.1415803530195787,1.1779697492392316,0.3056853507983774,1.7530479342938856,1.0759491394896892,0.33650596388506154
2.2224331620399975,0.7193158208097381,0.0384194998122484,6.082371022221028,0.19617818186092315,0.15661518655758314
0.8356492078677156,0.9961950881224215,0.9010140440038074,0.086696821044225,1.3246265473834835,2.0486674398330504
0.7399101943662327,0.48534324428293585,1.9264417714383069,0.616657205618876,0.19046436402757438,3.378439814345988
1.2142173508835838,0.3162279273868382,2.1235833648686335,1.8403659903244876,0.27608264943972055,2.7937131503398147
1.0824202574573574,0.4166023498641147,2.619879109793122,0.7035451382092704,0.547847197050745,3.396973038435891
1.7028709074472872,1.6084991942908284,2.099965412558729,2.506495320377518,3.9254900000530144,2.192369738818382
2.246544677120085,2.8400471797157327,2.220133254105178,2.8459605298196955,5.170228458190965,2.658658807912484
1.4504380351095847,2.9603210458938345,1.5064366706173302,0.21631989207718816,3.5003645617823302,0.6343007907322071
1.938653790936675,1.6535624638325208,4.740624047194511,1.4424944870901517,0.8131631144647777,9.925987660050279
1.5392478124039901,0.9960022005147517,2.5040916141226948,1.422176549979631,0.6361353243547665,0.4046379283181164
1.1934614488721769,1.2870838287028843,1.636352243776636,0.9217889523745135,1.5932664229483664,0.4828540459166964
2.5589191705634744,1.5943663669906993,1.1688978603185687,5.403883667534351,2.5592122104371726,0.6819458280694194
3.274137180528079,4.9017228797755275,3.3900649568172607,3.5147893602561635,10.033142200428903,7.404531715631236
2.8022379929982573,2.5428380562251203,5.177199854570977,2.3894274834967595,0.2821382300278764,8.894383287094474
2.3688566928694383,1.1527522742689942,3.7468176345029343,2.5058124076510992,0.10109661554706754,3.1684542799941715
1.8483779489837462,1.3084624626036798,2.7873100986820316,1.2387384884585517,2.3706677796263134,1.9834169612197412
2.56358901939296,2.1113254741230305,1.9797338645144487,5.0764761514240755,3.570272305833767,1.468199097092792
2.641885017392196,2.5741437859335248,3.943925421746219,2.372235826668418,3.7461400988883153,7.0549397861812695
2.3216715568523054,2.328274826483057,3.0456385962465276,2.6111331547105663,2.2692887281104186,2.378975133271609
3.2177981558723037,3.566533213236095,3.818444965287759,3.9565285417431437,6.158915018668796,5.79105466988454
1.888915214014395,2.4625031177831205,2.2469937641016116,0.640607753857549,1.430805061909372,0.7612058963033945
2.3807300496494377,3.327334004334349,1.2756729456417877,3.290865070249198,4.902513580968503,0.8122550317121816
1.9124646341481617,4.447578936970947,2.1442131742146753,0.4344238637980665,6.872331645377025,3.8582479742808284
1.675154639426517,3.689327445013073,1.2635907648887539,0.847284488332029,3.7566940364952175,0.3246965247957468
1.6134745921575169,2.0980153995759117,2.972474890523442,0.8177732725404557,0.7414276685472642,5.834872444032825
3.2979621031971105,1.1551934517093703,2.3234514009916,7.681775244505231,0.436848537259957,1.416417495952507
2.7739975879552525,1.1567460992432728,3.1823535315258713,3.883359352744885,1.5886775298533644,5.218597677483435
1.992507697056232,1.0604534535966006,1.9912992531400866,2.415759931969776,1.206666885767738,0.8213356035338604
1.8796700504359258,2.1953976215963906,2.0819030341634654,2.5969828468404286,4.2035107835017795,2.5172726951099778
1.4436755778497925,1.1989818379796942,1.651506529930654,1.651405159368262,0.2107914127032535,1.318941780135052
2.5831039245527116,0.912400434285863,1.5676688928860467,5.878351061018403,0.5961115509609609,1.9713010748042281
1.5888619859765898,1.4484676853627951,1.321696145064237,1.3713850826421117,2.787032307354387,1.4038612572536084
1.195970323319775,0.8296185954439144,3.453144535688856,0.9577423313643417,0.1996111569198931,6.829514852102873
0.9571885078902385,0.7001187284916164,2.6651810463465164,0.35594685588030345,0.7735745027930638,2.355995510534235
1.6513302666945449,0.8132604659209084,1.639567847416023,3.0854814357662397,0.979287745645931,0.5788844909658408
1.8666601743891498,1.0839469486626778,2.847062839056572,2.651858563944405,1.9488664177640194,4.808724559679466
1.202507042895529,0.6174795233155806,1.7095563773738893,0.9701696856981685,0.344265627267583,0.6963643288175568
0.8005263990556746,2.0149287566243546,1.1742272937704112,0.05103240190878215,3.9408799863047212,0.9291729747415906
1.7607479817979765,1.6850967481084926,0.8864903866514624,3.652668632221283,1.1867565855901832,0.21544593704048748
1.4990702715404913,2.793846603465991,2.399662516010026,0.02296733820852711,4.978352588656513,4.6045006939793
1.3213474745672018,1.7730731489116982,1.4518568042425546,2.432764161320476,1.2617345925738783,0.6740584484580465
2.9285054309651044,1.1717541495185475,0.938771843902229,7.030330315879624,0.6432783104854228,0.599286965970032
1.5466557439184223,0.8085294474532012,2.4962616398736928,1.1513019832739178,0.30590339805542155,5.058033036768597
0.830978889642668,0.5126699920890957,2.5243719113943364,0.5356893620974138,0.007504250274091491,3.2749224710265854
1.4762994821542446,0.8240376979476175,1.3851469283953994,2.4406855282395963,1.5192470921466403,0.3041564745198492
1.8802925934362182,0.554352694719052,1.8131435026124694,3.3979392020186507,0.2266883719705846,2.933486669781879
1.4816666525019933,0.6609455085671307,2.7110942879828843,1.581212726377801,0.9942654800874869,4.8844553402242274
2.845489059311836,1.1098397405591207,1.5155882093184088,6.824634472806166,1.7796470054858398,0.16352935161001772
1.1871975332110167,0.9167586491795687,2.0484121817353844,0.10610277608512328,0.6450602732449984,3.4883972052944627
1.0940451387494308,0.45925632400908223,1.4966011147048446,1.4055693378571474,0.38528759829072556,1.5855817010097466
1.5083044398633991,1.6079276383026582,1.5057068223952372,2.534918494699556,2.9808368173443895,2.212467210798417
2.312351756954466,3.1666997852426797,1.2959829519926356,3.970306984861358,5.8670619236883,1.3579140333268611
1.1193663516950978,1.6871193932710677,1.3813499228212196,0.3950871203199098,0.21169997722026296,2.3933528747067467
1.5552163087822226,0.9666205950159955,0.7300830089519895,3.218910642808085,0.3382350090108312,0.06938551194933876
1.6820919720166916,3.0040458412441824,1.671995275028811,1.6090831747996597,6.438384612522242,2.8769168962180256
1.122437408058584,1.5133177669664124,0.6965477261639941,1.0101963870055586,0.07703310363562624,0.067824547312444
1.2163484807714602,3.8384131008141296,0.7859402273857043,0.28247062022898545,7.600277918225935,1.215039630152025
1.895050044671459,1.9541292992926094,0.39366737826296916,4.00934742120851,0.009310604418084902,0.32730972091754
1.2506254507077124,2.5754473466322185,1.596993732101398,0.342224927752622,4.137694213267388,3.4697106520724437
1.179759503526315,1.5584193833540991,1.1153447243178332,0.7415125564448649,0.7343892531055082,0.7527669437795943
1.2612630538572083,3.065841315528589,1.1217915293986815,0.6851088810554417,5.580327994761926,1.2106152900591212
1.9308863371176352,1.7571054195088005,0.8062371274133971,4.10231520740062,0.7623606362656847,1.1198592689042681
1.7789350322915392,1.724978534540579,1.5601110698783445,2.233774491452259,2.1244044368129353,2.961227362001593
1.7558688349275748,1.045143195605448,1.3322737585685884,3.1859621166212815,0.1668340229704203,1.312259168806024
1.0918050009663165,0.7789616969687971,1.9364129341762366,0.5766122643864525,0.5550141909704824,3.111399401187315
1.2379119987335825,1.6585002522766337,1.1574756252459741,1.9609871499531324,2.9716049287937896,0.15270033340960382
1.404978657384499,1.4296371018904543,0.7374573680833465,1.6960775242450719,1.5044608599377922,0.42538166341573325
2.137753187467098,2.7210978044975422,0.9772879381363747,3.577492548385835,5.261319109714832,1.603845930548121
2.762909559304635,1.801116257591449,2.8896475493198506,4.7307742024201485,1.119861604289118,5.878262520723214
1.335444366770587,2.4462211367677362,1.601874000987918,0.024462538817942497,4.0775570584949845,0.1553995768044603
1.4868308209333423,1.809251706049455,0.7839539275348898,2.241838001779072,1.1918791947588203,0.08807978313067387
1.3826358265063534,3.908276078998244,0.421681918655436,0.10645516809244548,7.750252163249482,0.3405109115502953
1.9051643333390158,4.610088194033915,1.13905035355847,1.5919492147397791,6.429487815956114,2.04971904855012
1.3881759969426242,2.514055535882949,1.1276913476792534,0.678323341139772,0.798379793659543,1.018297117219944
1.547110176082217,2.968848433491219,1.916422923972663,0.7328059290589237,4.341774993788168,3.492261501963981
1.3110308143945744,2.9460112487801213,1.0035769221171438,0.8706896993582343,3.7626425449515937,0.14930302749740765
1.1874745561095106,1.738593159966114,0.47809082717147733,1.9419820102765224,0.4731679341212189,0.4373423516600446
1.0791518385874848,1.6236863462104165,0.7102564875460157,0.813081269565668,1.9578775530221473,0.713425333485873
1.4879033366457755,0.945358731621838,0.9625879347853438,2.6387602079855372,0.15091814099192466,1.9709069857015098
1.199527965868906,1.7696610331593827,1.5362351417613485,1.0367997575476584,3.624463861567812,2.3114620273305833
0.7087219790922121,1.0531319943426063,0.931865594726864,0.14160301282717758,0.3836431996962597,0.26524257142645435
2.0160994353273907,0.7404035384870036,2.7330419891678304,3.062731297166667,0.1468941995253284,5.757844630963328
1.1177835046555424,0.8244965735413946,1.7105979627423764,0.6730677859034276,1.022381699368419,0.8341974393938807
1.090332088028544,1.183319153092525,1.9827933297302462,1.1339698253218857,1.7203980947403656,2.4977225211357856
1.8933912600952745,2.035089097968554,1.524345587286042,2.3131855740636516,3.8608980018072003,1.4855478086759588
1.5361146075460927,3.8852002647671737,1.027306907108943,0.8083004173809956,7.3180608459846885,0.5040073377692874
1.3396291123427753,2.496222289809825,2.0920056963440583,0.11649940764779618,1.157825356150812,3.74457278873224
1.2991984541709658,1.3285762827580099,2.36749294838091,0.9365575857042947,0.1247019335291993,3.4101145901846315
2.6695858590641413,1.6778490931776537,1.4935604781964218,5.7808924983360646,2.7655258402156275,1.0086001031245235
1.8364073423505698,1.5605058115946648,1.4769915397338458,2.052961321342224,1.665615234804042,1.7764154813281723
1.5591664198665467,1.1778707976060638,1.126970953928284,2.226309937390083,1.18802082605084,0.5963423045290202
1.4100222196804792,0.8537260746809189,1.5749689418618813,2.000878713472277,0.7400092928260784,2.341408958112177
0.8757481679488994,1.196086698914376,1.0545520221427709,0.4437690358575452,1.3959115580954977,0.7393085172035943
1.0446230045978961,0.9024583943157591,2.0591498073175405,1.0837172910217845,0.8270336863757307,3.7168082134375395
1.6775000267106825,1.6930101998709957,1.0954662660901981,2.780121276197348,2.8294853506014572,0.49022907150398926
0.8004324047650055,1.3844916095568909,0.5295547581842915,0.21377424410872728,1.5700587498194682,0.0298281739579274
0.7911765867861419,2.34550881216538,0.46514294037188103,0.65105249928659,4.188668160625366,0.6253381047735803
0.9113025253721021,1.8238649520010803,0.4238954220291394,0.646809482616204,1.568525564298788,0.42404248444598963
0.7381966187624337,1.096298753934431,0.7647606954263049,1.1313343680919619,0.5443063141356865,1.4197178531874894
3.0760275518460922,2.1609723466431903,0.6747031732824663,7.861264266559312,3.808851645050697,0.4555668268326275
1.1959488933526434,1.6107775416552397,1.35682576215566,0.13977771699224598,1.6293601786061465,2.8809932024186606
0.9317613688442453,1.0198078312499288,0.9959290079417005,1.4625331374118946,0.4634632422453631,0.55248388994301
0.7983050462169308,1.207475638134249,1.520364955335698,0.3953529213510226,1.9537159510659259,2.454948149762064
2.90317523647089,1.0344689446288886,1.5484494944186007,7.0587351704515475,0.8854517929592023,1.7277330387464527
1.8532160011906322,2.0939391173837936,4.201276208513379,0.24050505031108502,3.7210054732068265,8.57341203303125
2.8728233735111037,1.497423912271302,9.451008314642122,1.0336907535594775,1.2077091900497103,18.44031700961491
3.120978231048268,1.7632028796899362,6.2261206041778046,2.6779437647354163,2.5924785346665535,4.073163888719879
2.2257781732102986,0.8289997160552174,4.145445136669653,2.438541297406312,0.20082601100438124,2.8540941269047355
1.4666095618453694,0.8643621683605044,2.7297116907670063,1.0988856460398193,1.0084427806146448,0.9770079450617885
1.7280067453779036,3.7260217408876413,2.4912782252257344,0.8508994578636409,8.177691791956768,2.7989758463535432
1.952142004695679,3.1693706581869328,3.7051477097286334,1.0137083028682519,3.305320252408288,6.278075679966691
1.1930985052505012,1.7594208198306653,1.8318045267260938,0.6138011765400787,0.34856583251041046,0.047310331409740315
0.8514805746996372,1.2153487847632942,1.794501824126704,0.459664085742675,0.6508067843983545,1.5440115466721793
0.9756587900038011,0.8590862176469594,0.8461792572636444,1.3195783837367603,0.800405384447725,0.4917967402758844
0.7994542484850393,1.2591519608958421,1.125069104235291,0.6254084119078702,2.1017342577680593,1.6323312153961451
0.8011526978953496,1.7210554893273207,0.9746790446770481,0.6778431292674276,2.829344539975876,1.2563940748964895
1.3716104180853148,2.101144907754202,1.1334326862521686,2.138627798766368,2.7688051737706485,1.7149523488362235
2.8348765384058283,1.6973891495414186,1.2683230757514177,6.917907138612631,1.4261857859147433,1.6012965108003367
2.112595084877599,2.2876362618278216,3.1270686631516917,1.8508506538853347,3.330118358396083,6.443110781829833
1.3701636808474429,1.8075079939079455,2.200487800341153,0.16020759771989018,1.1492287019429555,1.6067551092159693
1.0556451299507081,1.0936293394891237,2.6066156486083294,0.15718534897710215,0.2645057127050635,3.7446217581604895
2.5560760763580888,1.007089684815424,1.7134495929144942,6.04921931486486,1.6622538955137736,0.7707964632249554
1.5119246101572499,2.953962688259704,1.109236891149727,0.7056242294367189,6.085705817572022,1.1528652133794055
1.1092043872313038,2.80816873425816,1.1992184065487221,0.19316935264161353,3.150011633171352,1.2713174407740644
1.3037402730353305,2.133683338043435,0.8203787929020776,1.8278100955176482,1.7288232947284423,0.6534780382145075
1.3282167427307165,2.0311009445005594,0.7891101739811297,1.9544649426011678,2.0814736725683876,0.9553951404213632
2.0484895129374534,3.1186643578946245,1.079851908499718,2.0911185616462635,5.3346428004731905,1.8251606452619815
1.3562093954667973,2.119911619427425,1.2951083990212173,0.6223163933391319,1.1184315164383212,1.7358954463016034
0.9108831441529303,1.429361594543256,1.5405320890703786,0.030452027769782227,0.8051210777407871,2.0235962574031
3.1328063903903667,3.776722799379573,0.9720584809919202,6.705692882415926,7.565638866184128,0.8671672547589614
1.7398623256440149,3.474086800459907,0.8442157624480078,0.5777470190385317,3.9820282935854125,0.7591020791677453
1.5869708676689722,1.7579461075212737,1.2727136069240688,2.254185804892322,0.7802967743897413,1.891531171462867
1.4163355906113202,1.4014370039316266,0.5646635970327737,2.4526404489001523,1.2464237367669755,0.28511371039888
1.1600436687304438,1.1504645637690027,0.6513005029282941,1.8832551163836395,1.0725539890577538,0.5834646433831169
0.6326840150955052,0.6725765061824269,0.4539400830592219,0.7505723969681785,0.32291117520167456,0.08608169402629096
1.0729917566539422,3.0302198505490776,0.3266381904075191,0.6324271820651319,6.3315861461597915,0.15076401853430652
1.2171977484999748,2.2046359488832405,0.4431309654813593,1.8209567264407178,1.036077925641338,0.5577969343736302
2.1902015902315486,2.782537061949289,0.16187169617415081,4.0212588349879805,4.164155348659236,0.03944499281920474
2.442939145842706,1.7346670438072576,0.21203245705122786,5.864903921885126,0.4198531326907676,0.5631630164840319
0.9604747563461598,1.5197099467213422,0.9452082118534196,0.22388829031485427,1.5875746456271211,2.1282844709998088
0.7011488869492559,0.8589205244381104,0.4609237421171013,0.336431693726194,0.048506257859681934,0.1261076817090289
2.2825973838468694,1.6033704321349884,0.4782072728612448,5.791276519397838,2.889716328425004,1.1480160951307408
1.861786876814481,1.4657516778860733,2.204321965691458,2.6676712276174452,1.7393577734504981,4.886196734246101
2.4781854901106777,1.6347309690454215,2.5098185001085866,4.291057132688894,1.9648054256732868,3.1335695486459887
0.8322482317513441,0.7989065355241032,1.4976564338792027,0.45287954109998413,0.10621278475495101,0.728946262680609
1.4159697009319951,0.6671156588422342,2.8543517542173853,1.771454534529418,0.4740750801247452,5.175353824543857
1.3519763979470567,0.4086869176653269,1.738502304803506,2.4155573711421625,0.15447684348887827,0.7999001778869715
1.2919331318487504,0.46048003137663646,0.8795189834900781,2.2795679726983553,0.6819246884179719,0.1505583845633957
1.6036403660399834,0.9972088448310628,4.677937887790982,1.0490098230078868,1.9747090336001003,10.25073139679108
1.3027989953642174,1.3678650312925942,3.974848926662132,0.031029246928829947,1.6702787440454265,4.080788259225744
1.5798599417786245,1.5752374929449562,2.577795397224678,1.7489835021813425,1.8942723042164962,1.254467147950827
1.2423112125558604,1.482590604744544,2.0970190327185065,0.583652064757029,1.5936904749718515,2.1954844796951787
1.2664786657445113,1.2037609744338271,2.007899745001485,1.1965987466954007,0.6377368222814364,2.2247820287753575
2.551666213307561,0.8328528242370541,1.0577434009519193,6.320318519001087,0.5607708420082451,0.4325400333669679
1.0447238881228598,0.5146777713772082,0.8341520398680844,1.0184382219394243,0.29481949700362853,0.4464086892082495
2.1649833984556017,1.8248361029571756,0.7872265878851612,3.6626845470288836,3.781889845155396,1.2681749189194451
1.3107901170186025,1.7243030155237884,2.3118178042572137,0.4178418623425931,1.9167236714825142,4.851159021787567
1.355970632780424,1.0707134133656806,1.0358156484103231,2.232293228925945,0.4128457792093334,0.02008809570325058
3.046772785208003,0.8524023951754798,1.4998182828585616,7.545126951371329,0.3901070422965687,3.0511646823999556
1.282319529322612,2.0350823582184705,0.8046969186781562,0.21493235284125525,4.1276971175999035,0.11849555559628748
0.9906116615503247,2.1437793319469303,0.9678986858546018,0.016709492250489715,2.7152650386625594,1.3010265781848003
1.1675263996263205,2.134084019826257,1.4260843375041754,1.1368487136501377,2.154087618727381,2.0315196779838494
0.8349866426236121,1.5210256228241081,1.5843266328206944,0.19439999147721998,1.0446634905170393,2.3215665386133213
1.4509185715851747,1.0510584449195943,0.7785689342054585,2.759705105791522,0.6075566883921935,0.12051781258083338
2.7253735968456705,3.6142129596227353,0.9507352725625099,4.919616465792632,7.769862946346745,1.0846450254547357
1.6622813333487252,3.0854563598641325,1.200986525474118,1.1383965114424754,3.1914603388369156,1.7533577890087153
0.9203148443814275,1.896771599527762,0.5608342314867932,0.5987311649906385,0.7184398540002508,0.13665519417496574
1.2052825201688595,2.450022200920478,0.21883330686748093,1.139748065066691,3.7620313337140394,0.2902701840169674
1.686977539035433,2.3343188847106493,0.7016116017663615,2.570711503912119,2.8453520289144034,2.179199980432113
0.6661476281095744,1.4278365298812834,0.7583664950857409,0.01819079921445722,0.7050259478651671,1.4747758438101009
0.8627230353097695,1.1185480501701262,0.4196916264667978,1.780534544578956,1.112179014999216,0.35306547581153963
1.2493378473827061,0.7179410277074253,0.7022019100720563,1.9001691557042915,0.41147544444140643,1.5324654178845967
1.5250892931813533,0.5541974207652807,2.3775292544898536,2.0305004827063358,0.23543407551933115,4.8766349192726
1.0742612428727707,1.3344851767964212,1.1315815448357065,0.5542020460528032,2.565758108755412,0.03142069714675349
1.4995384079083263,0.9357441897236451,1.4718198619512592,2.503895665264673,0.62261625147149,2.057988356888067
0.9193601732134242,1.9239190503314705,1.0434002196086407,0.191681911211672,3.430256584385033,0.15300723029023983
1.6956193882480934,5.199050457724665,0.5194726735610348,0.4444637751787968,10.856265180545185,0.012940660957935175
2.461320265272547,2.671617913865356,0.5507546795243355,4.198799523561042,0.1594284534395306,0.32657842549865945
1.904942079010696,1.8052214221109093,0.7784183114741362,2.6843494172906586,1.2812427673495324,1.0995024180411768
1.0540427686615823,2.2822397923450293,1.7260552052035145,0.027681797717852966,3.239608508654837,3.2424542557169533
1.267690825283607,2.5344985429981133,1.0467857895252686,0.5710388529673616,3.111328909533203,0.6619740066080956
1.2724249836699157,2.6307975741958307,1.451005046987792,0.4826315485169453,2.85420903084522,1.9652521988208804
0.9393924607904981,1.5674683825192575,1.199886915378636,0.6316318285385556,0.8584757138593083,1.0591901390042424
0.5227265316411445,1.235479651515505,0.6147224469449755,0.5688674289142449,1.2097351537316174,0.5340127037165314
0.4152110881014567,1.3796117805380201,0.9931020405562199,0.1291331406466294,1.8075801698130558,1.4441104999934067
1.5509130408724552,3.8044723332912707,1.7550366923610143,1.228452110684271,7.294752201968527,3.1936801032481306
1.775964697365773,2.041144708783151,2.2070623532973923,2.639017793398541,0.7936469226700998,3.5734527537017113
2.0173066963243453,3.0298413136958726,2.656434744275048,1.8665265313898347,5.13164055384193,3.748363927101879
1.624760616560818,1.7519608208094632,1.6159088621123634,2.234805468606294,0.6276603972700036,0.8266653907980902
1.5898248772717734,4.3470318758733315,2.101358632460758,0.16926299365638992,9.033305224610672,3.1544842550890952
3.0903841469275557,3.0987060338497607,1.3425490305135113,6.051999913268028,2.2189239898514397,0.47696736129154965
2.514281950573497,2.0415557085010914,1.9591410479514801,3.6463991463165786,1.2454202315166525,2.6820692335323395
2.3951271668642513,1.7367084021014536,3.324283896878607,3.270437998976395,1.9006799064753064,5.927863671219752
2.1270161226145867,1.1584063616270168,1.681619754021025,3.4630281073094618,0.636368249791686,0.02767831115534078
2.4955570496513726,0.9281760740890312,1.3116211265928992,5.397502386392768,0.6408895319838118,1.1609371672391975
1.1992010515666185,0.4678177648782406,1.449659345542337,1.5716391357000705,0.24107136507794197,2.0869474276732087
0.7013068558437499,0.26087949941653643,1.8387988924811998,0.4469922715986941,0.24219019881537307,2.4198192547909567
1.1749989696892684,0.44436677485186965,1.0325986294066007,1.9183109135951566,0.8544147594924526,0.38738251499674503
2.053494232592194,1.636790164600174,3.349178867640429,2.716436372469671,2.8781710515851864,7.164235658115613
2.1105353761040857,1.656923922323951,2.644453418561701,2.6781910647468012,1.8728397797019796,1.9104028996109006
1.4579530885654541,1.0272740451139928,1.6236388559260018,1.4739850823934304,0.21647276139496816,0.3590683333035066
0.8453839823392093,1.9935116916319207,1.0601676487184268,0.14182954717407414,3.8242848506757157,0.041472049445641736
1.3111304289691916,1.9077556909985323,1.685721688696286,0.9276071815125889,1.8394313154355413,3.0581523462956697
2.5963748177409927,3.310810567381289,0.8567832344340447,5.070714917406533,6.480994626603524,0.1661214500848504
1.529142531090179,2.4933915305206096,0.448701696943007,1.7562994227461635,2.2184496099472755,0.3040912764627794
1.1685458371091229,1.589083298988093,0.747610043334393,1.5458182760697725,0.3851677422367451,1.7105325064019794
0.8167505538798483,1.2860383923530232,1.2551462964557263,0.6262828971717277,1.2840845846091555,1.8501862361565329
1.0279414107430698,1.4403444968001633,1.6074331952075198,0.9191529071062944,2.091077465792362,2.3223830199668907
1.7737634327928462,0.6618884350590616,1.2182661150452618,4.5141929201180115,0.057343675584622035,1.0001473100188132
1.3699500764629358,0.43935401945588426,1.7934237062836302,2.1960032354921304,0.030045079157424725,2.973544025586083
2.0587894637144903,0.48108860174829704,3.842945704773261,3.0965635861499208,0.2771521929135881,7.327094062512204
1.2391929956836591,0.4779885645193657,2.183051723867074,1.211538292842597,0.5798075707129464,0.6324235857521452
1.3921326389375661,0.5891306209043086,1.9634860075311622,1.9898413147100436,1.1226564389418328,2.428238993602407
1.227363786905022,0.9097442750582839,3.1676258378179765,0.5710584063926764,1.336676851905861,5.275238994647803
1.63095268719506,0.6044341496895093,2.6205645466733065,2.4446865612079685,0.2970640755233116,2.3185519341781347
1.1101011571784793,1.1156707659236216,1.8906725999252665,1.1158391226447246,2.2379866305987632,2.285814982122429
0.9661214248182572,1.2926844731939737,1.210691427199462,1.1687488398079504,1.813364392597899,0.5066194413260448
1.1239029232109359,0.7830310971322629,1.2485803000783402,2.0957755621064074,0.697595242889777,1.5319958265796076
2.3509216926178196,0.4565324111935271,1.2146526477534683,5.506533094219477,0.02750807610727281,1.6534615770019798
0.9020974380374973,0.42517467597356606,1.5122492970134733,0.13229316618459816,0.1616565155399371,2.4088095449278315
2.4025244627365594,0.6038696894303489,5.380802567286528,3.4830063304143035,0.9941570180407756,11.50266025671817
1.2538434253726245,0.5097314449849221,2.761709526521161,0.6917048962922712,0.33441120412885783,0.06844559801001188
1.063796715603067,0.8001286285054414,1.4158908092943177,1.1736842584557927,0.9458384907266346,0.13491523247671944
0.5978916112061419,1.3082731022022014,0.8015395118993636,0.044313983978938785,1.9787048351318448,0.16231180452322463
1.0291674350753026,1.3697309721638282,1.4842521006584553,0.7163409171392776,1.5847748285071737,2.7171960172472462
0.8139307798871878,0.8215130488561891,0.6228853842761959,1.3968471229352586,0.5257861046595309,0.2931841582437742
0.610656970178413,0.6555483940073522,1.078305968698706,0.11563130569590999,0.8426478680965113,1.9481144672495319
1.032474991574399,1.1782922041633537,0.87043574415152,1.3509907071279492,1.9039974755606528,0.7851043142431923
2.4133048144538134,2.1333581874859,0.9921147704567225,5.2376249022491566,3.9444778512880636,1.222470741348444
1.1836411669722067,2.0495907146450194,0.6443033609458694,0.22274201418164916,2.798462880747621,0.4858334156237209
1.846243177865382,1.5194077606379355,1.9223140409565633,2.8915854234776024,1.6121839993197173,4.0214220580263955
1.0597586582107998,0.9136245599631201,1.6445641070658612,1.0541507215946502,0.8997526922656005,1.7645049458746351
1.7110751328204628,0.8412323141334732,3.0662311718723916,2.129429018240246,0.9084220707688115,5.785025585513926
1.4127344742325958,2.17323808417718,2.2922657272676292,0.6028497418291304,4.230839079043532,1.7094331206541942
0.9315703272542881,1.1886336570156644,1.424183459216485,0.34749824079036656,0.08006872631771463,0.2645684113071217
1.2875701962527584,4.091536028803953,0.9186536153383712,0.34980854025643787,8.842806751529201,0.37475768789273156
1.8263468365918905,2.8805028784410083,3.8644176805802832,0.14619961320134336,2.1835240757169805,9.033215692165635
1.657706721988798,2.365322159294902,2.98147961544949,0.4107219673553782,2.285991855845592,2.5860831185765956
1.5290761359329614,1.1350035633777826,1.5669498468440681,2.182594527572664,0.07747716038997787,0.10106874389271409
2.097373381144038,1.3300312779766525,1.6432780112379608,4.26890430451639,1.8604206980643319,2.433312500709446
1.8434238622890293,1.1445175927076323,1.339526604176527,3.365369125322815,1.3263150397410972,1.0626453433854306
1.2713851767257949,0.6982397595942915,0.9521009252562024,2.311218223272914,0.2236044533187601,0.7340520549977168
0.693906162798827,0.6201338124447922,0.5577700286233896,0.23403834762126297,0.6512442551957651,0.3346155643191178
1.0314909714616467,2.13969338651667,1.4915985257425004,0.6826930429688594,4.420275399814875,3.6639627196504576
0.8703057474836824,1.6405195604679592,0.7491145081580435,0.7415676594319272,1.596963908058,0.1319406999409004
0.89325100961021,1.1933334364674901,0.7104458483044607,0.5752493385924038,1.0668807583725952,0.6845171853355989
0.8736371856432558,0.6768310493298256,0.7102777553325746,1.4472361152346536,0.15091779645198364,0.7316703818777596
0.9363825571266262,1.4737682769038418,0.6144696478936235,1.533819165879688,2.504376958907744,0.35086337461131484
1.0609907271679844,1.7711639496119531,0.8047669431275579,0.8828664758345155,2.427041976302074,1.4193048243016377
0.8729828630294699,1.572962198699183,0.3817667299424139,0.8732588975696642,1.9040617746611417,0.023543283023904484
1.5036405814682283,1.3616933607778667,0.6250083155151077,3.526992501954175,1.4277720885576528,0.7161390186732559
1.9664839266950478,1.2141457742964195,2.4934638845782358,3.1145720325381565,1.1375607169612518,5.4250035101573495
1.2245171489057427,1.413344503983461,1.670013797828272,0.7357486519134074,1.7992167832087564,0.743662935726908
2.222906543160894,0.7351236358807687,1.1969254230533761,4.901902097005666,0.5315683860184014,0.8940103054379847
2.95649695013894,2.5952608814013134,1.0782053478581874,6.10735918769201,5.669236843471409,1.2817359279963267
1.3583251185331875,1.8956909489499094,1.24464167506999,0.7912549395755805,1.7773245208137962,1.649673112229717
1.19248931106444,1.1834288266290336,1.9402344021008777,0.8752276142483729,0.745586713281414,3.307915186839544
1.1923401909386662,1.2290221043954106,1.0800224185286975,1.4089589115417203,1.1945101616083376,0.42223536353719243
3.001542579574924,1.864633787914749,2.2510962683574243,5.664535208962706,3.2765472777479356,4.107491094637952
2.5684490212923308,1.0019591638317689,2.2152127318989248,4.180106221785574,0.35255824400851526,2.833914247869113
1.3680942586707698,0.6963348630344106,2.1531101705406526,0.21643577162810854,0.69298428010661,2.5649524782428914
1.3141288095553907,1.258886389543237,1.2467593333191727,0.9975660004680953,2.275796069748094,0.1816107455739062
1.3052768050319545,0.9314937905186214,0.7219603080927758,1.6120548629363474,0.7581017318157305,0.043756567510910636
1.2287601793530547,1.7853770572519039,1.1480253497094612,1.3988636655681363,3.1452640894013904,1.8028668057891317
1.1457070350584273,0.9634459913279085,2.169956151565915,0.4310033200163549,0.27956690572094495,3.9775053203530497
1.9951351176102656,1.7690075097679732,1.6265420967063406,3.9153934739117062,2.8767436769938355,1.7562635881628235
1.4071558335554557,0.911622045677614,0.9993393331728316,2.2598392763761135,0.1415998239401259,0.4796510128400314
1.5284141939765734,0.4654301587736764,0.6445538087298569,3.6391870325988815,0.02534514316937574,0.1897643183247296
2.084473630968279,1.9910873917943386,1.2997792981549097,3.9146500136108564,4.569952462685379,2.4052571019305047
1.9282943808542268,1.6470682156711662,1.5236098729251677,2.7594786143395025,1.7413885478061832,2.558616331878983
1.4477752269849924,1.3519184620757285,0.9170250134201232,1.1568196944761544,0.8671949683570778,0.37876896290433915
1.2162208648209965,0.804419545358548,0.4349669003008208,1.8860229188540996,0.5294802252277813,0.05719058305707877
0.778824599997505,1.283334894964653,0.6707864073797106,0.3495769781466068,1.9188442364597038,1.0494553325651141
1.3123060067552703,1.1918514213157856,1.015153186531365,2.2395416244991138,1.4226311966383427,1.7479894187727176
1.452170898422185,4.541282867243298,1.4658121696812478,0.3950813787878043,9.558517580664045,2.448367414967628
2.522515282851385,5.35316410455109,2.182673906995611,2.3680109074049525,8.17465686430261,3.320883646372193
1.4837888046131196,3.3312866676402315,1.8126226875831561,0.5216860622201293,2.015850464324511,1.8859750178692642
0.9173234637792668,2.138177831696654,0.8905788799379308,0.25010924469232565,1.1699151630512599,0.23504750789217416
0.7694461683653454,1.744784427263362,1.2592223329192338,0.361328637886097,1.3511685078069908,2.2950694576684647
1.1859649421304963,1.7012617365619702,4.0145374058253145,0.003988244319421252,2.294423059421274,8.292536265526882
1.8277785164080065,0.9983117061244898,3.8349255765452943,2.536948823692528,0.2142230828077339,4.720101840812315
1.9404822049239858,0.7214966493862102,3.5887216809973337,2.6365317419676026,0.7960419902277596,4.1062834166850415
1.2836661886673881,0.6407013271973478,2.122248982328253,1.4469379492541024,0.15651179877448756,0.7195599573136994
0.83378642026932,0.35003219227901344,2.244674187276332,0.35195417368150983,0.15238191600908874,2.778904094366264
0.7073186945057027,0.26502868057139156,2.753077480513117,0.1745050030480418,0.4359121637946846,3.809006964749839
0.8586892024512279,0.8232569245439556,2.329930163609456,0.03862858463429933,1.3281605115239628,2.268434609577471
0.9452212697130467,1.5789496637642866,1.2550084332161102,0.3624399522301358,3.0721362647230013,0.5768627237125888
2.378179035145359,1.3439873545437928,3.2460240970749474,4.4301658142992695,1.3291034753355182,6.15102214669008
1.2326433363295781,0.9914824810718162,2.267076293022389,0.5529221063236709,0.8173704057885914,1.1986559013701334
1.114766067461008,0.44499339253529013,1.167275769908591,0.8747517492021876,0.17188496674566875,0.27807719303724954
0.7859184316693206,0.7961990687716951,0.8187611045200418,0.22263530282193345,1.5983292602726944,0.2325685825492186
0.6354055340004151,0.6986703715184149,1.2969175878873054,0.5029865293233661,0.6329000925016315,2.0855170457174235
0.8031794455694918,1.1085655765876696,1.0576356114219425,1.4647100020383288,1.908681985716966,1.1514738382322112
1.6808320968169508,3.579097455586246,0.5595359467101779,1.8717254553234797,7.5609142604226705,0.198500388347784
0.9514329178050173,1.9651718776679759,1.2968946848043832,0.5630085598475739,0.2360233469085136,2.6969536651403785
0.8656513510621879,1.0832843119000741,2.050005902705423,0.11893142557536307,0.47683267444315697,3.2121388568898936
1.0950232955528494,1.0752474202582731,2.099634630700641,0.9919819700467516,1.281468271431626,2.584993418575019
1.3435958773549395,3.217779587945702,1.1064446063101758,0.5336772835701117,6.922774924113787,0.4519472987429608
1.110338820464413,2.780620781252007,1.4298516838443402,0.49577925894404595,2.955151366538763,2.3409178164214843
3.022094185547201,3.086387675223536,0.8094077432289823,6.430903523012014,4.570063971528853,0.02156141288579917
1.6919976996693913,1.9694746763504514,0.5896365343431502,1.9157910963019935,0.8120750892647647,0.7280095969825066
1.951324419570921,5.011285162637993,0.6460332761635007,1.6278223038618904,9.666269122294887,1.0177268715915866
1.4472699957477468,2.6833648165514217,1.729481477642465,1.0749385471559503,0.21702610618156043,3.6066151722157813
1.043785157978807,1.5010224663638285,1.0079786137180604,1.120537168926944,0.1088551518110754,0.9898860882462183
1.140015913046496,2.303276466826785,0.5995182914311767,1.5569962540396327,3.870372491167671,0.0226668550837413
1.6186291366708354,3.2073658506254565,0.7080068370640653,2.38428483384761,5.241861590587928,0.8687986234526431
1.5523264748890342,1.5063623590923383,0.801671932585491,2.422304336670092,0.18990827299195717,1.381995378182834
1.11214405480904,0.8460228002922563,2.6881146974414127,0.3767450324524554,0.24078458379143153,5.952047013982966
1.6542739538547462,0.2977109494048822,3.514541220065492,1.3867454202861678,0.06747380168159045,5.661598848656881
1.2322287602545487,0.4194989721218325,1.912031283410553,1.0619141333481446,0.22076300535840426,0.39903481493908
1.788913563546217,0.41583650495802593,1.0876967017350803,4.088565306533237,0.46997638790782187,0.4094939754471118
1.6697465362666015,3.098193723975741,0.8709780636530533,1.99618913544742,7.018230255830966,0.356774109730673
1.5179082788606384,2.511287801184476,1.715072695782965,1.520729257014458,2.20439876263645,3.111054450752414
0.993009377522168,2.5962504850257315,0.9117834791562226,0.24522731358721372,3.015144222032453,0.01208049196051241
1.342336873455372,2.611557900062237,0.49277805874749436,1.8609714582654715,2.9934635175365933,0.2720454398195849
0.9554650244358105,2.0067074444537956,0.7658705994909215,0.24932205761069548,1.5317529752981738,1.5442060286477104
1.1600926496681865,2.393380755367793,0.6199241038338597,0.8225838287374608,3.1939219257400606,0.568873533346978
0.982440690067956,2.1188143040315555,0.3792026031242637,0.3082659445348505,1.8117282189809711,0.19380710522402966
0.9990123993266594,1.258534632814124,0.3480486686234705,2.355789276632577,0.7553480578541607,0.892193030125999
0.5699436177288826,1.166950868262626,0.3979458447866253,0.46197878375889284,1.647013429213926,0.6409825248684137
0.8050757136617526,1.018005059595534,0.8805146314838849,0.9946982593233696,1.5250313285943224,1.4312122360307125
2.618289937994807,1.8880983639304731,3.5521599087305304,4.52048424177426,3.4683369072198014,7.748837371851367
1.959892099674324,4.0649678222747365,1.6590413892829223,0.4571072774603071,8.004685229723174,0.2654740148980831
1.4177440435418547,2.622666084661859,1.0829319507773856,1.417760858989938,1.058802730420177,0.9327459117172311
1.7042233965348417,2.3692311048032537,2.5391837302829194,1.086944413268481,2.8826898604968347,5.376054545338647
1.197951595890944,1.3032340284265518,2.8906112135350286,0.0365805866331303,0.21019444295252665,4.189078578421267
2.0250249759528782,1.9788909054543442,1.8409175045578092,3.1477372689118486,2.999655204950777,1.0026452901583172
1.2422518163952017,1.3333180217291691,1.7665602396904287,0.143090623058744,0.9285741184029083,2.400979517819404
0.7978752991545759,0.5480239738268976,0.9888031130366027,1.2858780291350485,0.08037389842861253,0.18391703568648687
1.0181744391980463,0.7053534495652569,1.5807562720411061,1.6450466418653056,0.9027443273355042,2.493350461665456
1.9469646245070549,1.267222321431657,3.7504715288829944,1.9800169421281837,1.8865159574427586,7.213325937412517
1.7603491833334675,0.7907453599386445,2.6525300536150134,2.333557192114379,0.25396330429133884,1.542166213728177
1.2984478781533586,2.455614702693944,1.838122766201831,0.584109593843989,5.154951778964766,1.3802643686025198
0.5986133364978073,1.4200031808901492,1.0490644325706318,0.020057796729096085,0.16170963678354258,0.41483230480404815
1.674837703042352,2.9205394822129205,1.174099980874575,2.570681451978797,5.3187120783150075,2.0090868428960023
1.4838731087907644,2.43657802517807,1.1086178695221205,1.5342618257453886,2.4561042492641354,1.7853304538516663
1.8410965369025885,1.6068980711651908,1.3554888550141304,3.6172136226257705,0.8000961398200181,2.1107209197555092
1.7813187177746508,1.1787735118762253,0.7001865601442501,3.445082910662892,0.9910543143871839,0.052858977878063595
1.9565320850569912,1.6172750227455948,0.8134146798423351,3.7071782729358422,2.700382889053708,1.591350038959705
1.4527738868888318,1.7292573728222616,1.1837891792005877,1.3275444019965388,1.8399505272705357,1.8074146891240763
1.0450751730242036,1.8826990525602596,0.8240907494325777,0.8118155996739768,2.2273072173027275,0.46520159942235584
1.5456742347430428,1.44761902734502,0.7543295911714331,3.1361908516638586,0.9858555551466964,0.4672285002291468
1.3149331113052882,1.3037561867126224,0.8281725289430949,1.2003854120645412,1.3381328538736115,0.6465305394601231
1.4495788933406955,4.269289606705736,1.439467346222868,0.40531514943085806,9.18401124825122,2.487657140807475
2.315539827734368,2.270075598935549,1.4298232363958798,3.861684754346913,0.48140072446411986,1.8641597718943494
2.492282399416726,1.406465739875348,2.2074242770339763,4.283653329669396,1.0820755191595357,3.738525208227654
1.3677951639926378,0.9324212929423809,1.3966570885984233,1.255879352009015,0.6901229628040197,0.7009841144260165
1.2437627071625816,1.688502695180579,2.6388713382342064,0.1574365793759157,2.89728877992933,4.862384343119711
1.618021104573177,1.8695473363902348,2.445070505136463,0.9814777400702991,2.8879539479423793,2.722861375948632
1.7240573508267378,1.198655202918659,1.4689735705679396,3.2545690344988767,0.6918811310126265,1.0050922208323483
2.027284017793151,0.681083346504661,0.8542085634451616,4.640969246999534,0.16978793141150164,0.200219904987948
0.7646619159295038,0.46059009068000545,0.8165113568598728,0.4549878572401702,0.02299706427490836,0.594074491858767
1.071560084705305,0.8328879850996915,3.0016126159149437,0.13864359120726946,1.1153122849396087,6.282358683233455
1.9987182877131726,0.6799779821166171,1.7844568108715821,4.196848405608286,1.0564101992743076,0.743180903652152
1.7194075506531943,3.8277297252359213,1.2793532444539792,0.9866425748892519,8.91175606051491,0.8006595136969726
1.669441443384537,2.5602398462530913,0.7995587754099482,1.560728637874271,1.2690098001365164,0.42042733514890285
3.1833707082660854,1.5085857364177506,1.8327338764665972,6.8881562410584225,0.59255345402204,3.2885826043288815
1.6394110494852168,2.521614573686026,1.23922384889494,0.13776731471825468,4.437029157788311,0.6449452251965363
1.58446530924671,1.8615507985763677,0.8665005494407554,2.0900558839694994,1.350881535431002,0.8017261724538385
0.9677595112185748,1.7180747706092165,0.8325241568559992,0.15398979618024994,1.8284638813327463,1.070059415219987
0.863028546379326,0.9867345536058615,0.8956705164060781,0.9415083927944033,0.20111902991743744,1.1373624898132175
1.4802795700371991,0.8566700353283304,0.9515135528083225,3.257389738244296,0.9655015636119505,1.059815708631531
1.2410910116226839,2.855826523762565,1.038342985810586,1.13645836855904,5.772811546696421,1.4013254850537737
4.6276200531761456,2.367804239762277,1.7760504262258192,11.743706919921866,1.7807849326311258,3.36953966247902
2.1017810572252267,1.6012751481504148,2.2159890482274633,1.6376896911154144,0.8447196118011184,3.4216685995270595
1.3398520929110251,1.622205557591384,2.1785467940769863,0.7747459817892949,1.9652199718535943,3.2020779029568835
1.2230971155232382,2.7740618451987378,1.1847012697125292,0.49720819000734,4.8250474685479965,0.2132222371526153
1.218736158162677,1.6458128606450704,1.7077176672617276,0.8631681178007634,0.640384634467402,3.215666434041653
0.8265004078187757,1.233735745724029,0.816348522253102,0.9321292705875124,1.406866678215368,0.25623903736165654
1.0021491383839192,2.9663695038775653,0.5894233358631426,0.1423770125252901,6.37333301416077,0.2664315021514198
1.1903485821426143,1.6088110953001826,2.697018066317011,0.9227196279414428,0.3784413460364787,5.907752058891042
1.6457895862084584,1.9000088567150744,2.6380292418634785,1.2481324329329626,2.543532259659799,3.4229174079852367
1.9045611123864403,1.826722636850185,1.8589812889607318,2.565582955705842,1.906329643660675,1.6077573744827973
1.8328112936302186,1.7503114718492678,2.5921694894294554,2.138472936750616,2.2768391659705385,4.158406411813919
2.510197854726382,1.239128744165603,5.113233982610636,2.4672540548133335,0.8653220670491585,9.087142440701195
1.4076946626554152,0.8756560405730088,3.3353777666237674,0.016797707424233577,0.7534036526233766,1.886512442474089
1.307867954410562,1.2955577943487455,2.6427269374339444,0.49095061726068595,2.305353600277127,1.8981363672851785
1.3968079601508245,0.6970382025254656,2.4637432808243416,2.167551522942474,0.4855277674708104,2.8083222846965166
1.2074884516954936,0.8185736277237118,1.397990457528602,1.323255818820049,1.0882641701172175,0.5282929795257144
0.49876300168695764,0.6413326005173512,0.6882011568306263,0.010655284770946407,0.41694008659945403,0.365743083661122
1.6278492016352426,0.38619909961629817,1.4847287603400805,3.26433499098281,0.01667903688584505,2.8507420094287816
1.9911029378223462,2.8642032345745787,1.1111083224148888,2.9639334579677548,7.016943457593333,0.8459494055105967
1.4877131672376136,1.97269481460926,0.756853253224603,1.5900017623244698,1.1302221440757898,0.29021422425627613
1.2512789832864577,3.6376529068032726,0.6299498745501538,0.1375500599528558,6.97022007315093,0.7563159086793981
1.703960466541065,2.0090868720735506,0.5488788302680617,2.9092753118199584,0.3023982925734905,0.8883189473819446
1.8097430545665296,1.7014540402035243,2.914816538753127,1.7527635291834363,1.7703923329129108,6.717866043230497
1.9210189037900298,0.8920484839775322,2.3536826928536985,3.0461532840505616,0.44872366821693843,2.3943897270231145
1.8659389263586086,1.8309296152485768,1.7888215658472364,2.7866137218140863,3.1220015922362636,1.5136923959310067
2.3739943601647915,2.025640070758648,3.7770077000002935,3.249124135703862,3.062205527567508,6.93936824924641
1.7248959328915787,1.0143031313048143,3.726006375624876,1.4596558007017555,0.23893499246615657,4.668971925239141
1.6744891790093157,2.406907723539755,2.6313895221838477,0.30240061536884816,4.862302303807355,1.4348832569748304
1.9934984879293085,1.2057616385267707,3.1050679067639875,2.2243525705882052,0.43290608355048205,4.722116313904802
1.4985301235187092,1.3761850301245244,1.8942890212403016,1.9376632138705687,1.8985440776031424,1.0360518277108324
2.1253985408114633,3.9452215324291298,1.1528621820797704,2.7115550432567925,8.485729060881441,0.5238224641315599
1.4891413749181686,3.7079869613966276,0.7409170200378106,0.37237244452702434,4.280873555358632,0.5296979573669331
1.5513245919211438,4.408270170064195,1.263081168940607,0.43376438892167374,6.2729300878741645,2.171286647504449
2.3719142552337664,2.586715552190816,1.1442408074515882,4.422009488362917,0.8389214971994051,1.3905802328446208
1.772337544070917,1.4223922272782425,1.425372360240204,2.77241111774242,0.22314988659537086,2.1514573368145604
2.3271050715111516,0.8532062267382771,1.782530686924847,4.776906727891121,0.4173644278869552,2.3172084934882546
1.742818150093977,1.047187397462482,0.90487403814249,2.8435556052455615,1.3882749217578283,0.04515159868281068
1.0580065111166763,1.9293864372302572,0.49188827493014514,1.8184083319542306,3.1522933172133225,0.11110912636462407
1.0981747714181025,1.186874522094088,0.9788005086041952,2.123400421117851,0.32539940739965806,1.5214723327310697
2.058164038316085,1.5617002951653292,0.7519287494575033,4.398756420399307,2.156040723905828,0.4240004334592011
1.4677146490350907,1.1618654609221397,1.020954712324158,1.729327070408071,0.7818751039576315,2.00224770490887
1.269638902409085,0.9589168571726189,1.095958089803224,2.001472575862812,0.8346768527823585,1.6067534577980802
0.8294658613028854,1.315680569037078,1.3415652464396417,0.34033554670108573,2.168932022433857,1.762621256215864
0.93383061555601,1.0270612850790142,0.955004005564262,1.2846086116333792,1.258465531522027,0.7203775915285328
1.6214506762332557,1.9377189073948389,1.330684586282045,2.520360601742857,3.3429808447967413,2.042433274410225
1.2928987785422037,1.2396915567323,1.9372635657683865,0.6320058938599711,0.33901247302976045,3.5379535908400093
1.8957109732802744,1.7929727715771577,5.980596521817405,0.4519305084635853,3.120802888314683,12.501770033515333
1.6558161680023529,0.9774661653993498,4.428270691161112,0.7532504339505985,0.13278233497751235,3.6458116750605445
1.2315740038236183,0.7636247812412829,2.7805462014343676,0.5528266162686913,0.4314767752999106,1.6306240231098232
0.9520759995140089,1.2649825825867653,1.4570071657924704,0.4839205539850999,2.1350978658438615,0.4299281682972035
1.3094340474394286,2.296403430644546,1.571868599475622,1.1062517362328723,3.8610179084751617,2.287925769434565
2.6082415792403992,1.3728625863252222,2.9843139942032693,4.768425913537777,0.5825226145262283,5.550104646684187
1.5868294037686632,0.9954126810012445,1.6754089257630869,1.4147341991172642,0.7925893878563021,0.47617567528615656
0.904198948293795,0.988782270016862,0.9324307163547052,0.41631378088851706,1.5405781086893395,0.5914167155547212
0.7371370275004095,0.7722128498442017,0.8368828886623491,0.1601907017768928,0.4754304245514136,0.32270637944158276
1.5275266563915002,1.65586661651279,1.442639016759736,2.382482689707693,3.3336707735611766,2.6690868345003356
1.1976017930943328,1.8852692623840508,1.2341417632815488,0.9651203132196539,2.9712276106397275,1.0436433972974437
1.551613759735761,1.0003436511014463,0.6661669443910814,3.4500448822432115,0.31399010369489583,0.12949444878678068
1.6618723064302559,1.0457830767276597,2.0806236451878384,2.1547435597135283,1.2466070076696352,4.158083107215946
2.0001444293836177,1.628277621137986,1.7265619918052921,3.181639134416646,2.981779376148525,1.6314067504352385
0.927213462559268,1.112145430808504,1.089761444450215,0.6347602237087439,0.8229548853573629,0.8042243469632995
1.2846495388346184,1.3672682348375005,0.8210467744167378,2.3576430164048308,2.0053690867444924,0.8431370784967922
0.7159584651853115,0.8386279909222067,0.5964825084576193,0.6132187642673617,0.1030353158631211,0.6856884056292454
1.9934759788808103,1.0616757058048159,0.7317291879323375,5.596009318702108,1.8765040535347752,1.2157018458670505
1.3164822297726189,0.5255319532674478,0.6724944280630851,2.0232603726475156,0.3312899267925925,0.8220863386750712
1.0836510454524397,1.8389173078507066,0.9743597814127287,0.7846391810717189,3.550788133257923,1.587908619803333
1.0228905369135024,1.0828195319721603,1.6025833157229896,0.6280845730326964,0.8784040957091298,2.9701730118564758
0.9659748795318673,0.7651269471539053,1.5692159354363855,0.42373123658539136,0.6613290835920033,2.2445477590710743
1.6027491659821975,1.8920724676349068,1.1247362289117175,2.372534021514961,3.67630612151115,0.6975748157216306
0.888469111081544,1.1452868043040438,1.254951069743352,0.4936321270750408,0.10288981822793351,1.5046949334923512
1.305406418132414,0.8845565674732123,2.0565033389118623,1.8092345942582926,1.0103790705683977,3.666740548458157
0.7217160798738419,0.6364159236612232,1.0715434130955488,0.614776682018198,0.924082159145436,0.14128754139159247
1.1377921952801993,0.6107836840413545,0.7449093782073968,2.1692350168233645,0.6703871568050859,0.1630650455993143
1.8407467381562275,2.058787027368103,1.0102512831787014,3.374147430579269,4.855261344418024,1.624627652150178
2.0354660750409175,2.0228370126568502,1.4246523267180378,3.0103832228677687,2.7800296952429733,2.038392573441473
1.6796343544430266,1.0662838032198019,0.7321530465015396,2.86133974825304,0.1321154326703597,0.4750251251794711
1.053850632598733,1.7837250804280194,1.4287495496711182,0.41582626466386696,2.5083400619319582,2.7347106971182193
0.7907234979139038,1.511745750249762,1.4878952676243893,0.1850749380101596,1.4985850146256297,2.0784052913916264
1.984054836958636,2.495147432339802,2.653984803793983,2.400950047314362,4.622603836767857,5.135427323408298
1.260857401777464,1.718049275446788,1.4445547448588272,0.918830849439558,0.7506836605667359,0.37014074712342787
1.2462704677854124,1.5930658643187854,1.906773677496965,1.1324871992825711,1.7073925716230107,2.783613173985804
0.7464459137285504,1.1790796599243922,0.9353854267089893,0.06328908292260761,1.389317744143986,0.17469870219274422
0.7370680151668778,0.9685339271892579,1.2539840303801753,0.6010657813564949,1.3449679110062132,1.6661633594266656
0.5809195051898757,1.026603718635051,1.2024825904410437,0.06851303045515957,1.2179996000210034,1.6054560206755775
1.6178238876992683,0.6590267570879702,1.1268612341760795,4.227002447873579,0.4604105421678243,0.9833047047844401
1.2289194602495823,1.4211710525745107,2.005803839241964,0.5578323659898912,2.8187978351160026,3.7231343866875135
1.096476538350886,1.2348104627179208,0.9690541932649254,1.6298938077110077,1.2005382127265696,0.008760447951229482
0.98396654158705,3.0848650816087013,1.042533827772093,0.07951870336109192,6.364908194802483,1.4686859977977398
1.3329822650667191,1.7126781109726446,0.8446052350042599,2.1983092192290163,0.6043963182855522,0.48963741347453005
1.3577989837187707,1.8497757987429921,1.6152600481563841,0.7802487988646608,2.296091509073792,2.721242461648278
2.649733213627278,3.125195188690915,0.8911280872658534,4.5639809893219345,5.650868070720062,0.08804469184310879
2.7192889551753208,2.4183546870501984,1.9286874307376427,4.380624446407483,2.1780665664622694,3.5622882816229726
1.6952360262460022,2.825544698854494,2.438854598532372,0.7869464530842719,4.100121357020819,3.6414568130461973
2.870671976097873,2.8163870781151266,2.8132669783433752,4.624481027622359,3.514495340763391,3.5779189346313274
4.665474467028695,1.697041852733619,1.7468841355098166,11.123354472296745,0.8929420999945359,0.3310906009967022
2.64133328174501,1.6139035464103766,1.5904934603335117,3.4906947078845234,1.833201259472558,1.9907031523390042
1.9783313866235326,1.0636986263039283,0.8858840951124697,3.7270009837040603,0.33982495332426704,0.028943138079205503
1.2196023821166873,1.294076962134052,2.091512474409802,0.5727225198418696,1.5336988878148914,3.7672573569529377
1.30501430815303,0.8071338128264769,2.072016557211809,1.719359597021331,0.523825859385987,2.5672964453680516
0.7161892592317446,1.5705607204534437,1.5216449920427313,0.1392488145146022,2.723100592018216,1.5149606974045837
0.957399021903061,1.3813842161217993,1.740333983403627,0.19945932369610936,1.501800152505085,2.6230524311463252
4.6772623179007535,1.1572494227776833,0.8949015423802952,13.611502439778564,1.0594303690163147,0.19814751902168082
1.6578239910683208,0.8666347163044451,1.1436960488877757,0.7909481188191786,0.6261285750496659,1.5043334691259864
2.4836134605250697,5.647293973924166,0.7922163752188449,2.758112535258224,13.288447762969442,0.6885796057260402
2.736825330459082,2.8862086990567732,3.2256736693867363,3.286662235463189,0.1488233122742333,7.195845709203099
2.6207209683785218,1.5573917597364473,3.293616242654088,3.9041842302866505,0.08907586467265202,3.891471637238118
4.73935309104554,1.1453950889835578,2.58953767572309,12.088294372086468,0.4899027465997235,2.6430794454295037
2.656098809772805,3.4715909457339027,3.4209458494197715,0.5528156927931942,7.08592229802478,5.428568240818328
1.8425291857830384,4.838240966983618,2.0322573450866517,0.08237501191388588,7.749277986723944,0.851876432222963
1.817916910078473,3.1553062211271583,2.8779287018173454,1.0593086121827655,2.1280028389135928,4.622846045151247
1.5511786644849597,3.231217688786822,1.830069875811098,0.27870959114791277,4.242305649773588,0.7867911737214432
1.166042034111924,1.6713246744986983,1.9554806738726678,0.04536234656509583,0.48149959848092233,2.639491121580074
1.5914200109140495,3.6371277971172646,1.912917036734132,0.8939084850506658,7.154110526884942,2.6667732707574667
1.7365769944010765,1.8891684897935774,1.0718576394586146,3.062531608716122,0.3081326837599235,0.037040647564069405
1.1854583230167632,1.008476878103665,0.9105515296889172,1.6702543416064919,0.2132230138238456,0.8958885070089254
0.48431028213739546,0.47909624490602576,0.4926234757837801,0.7501957583088328,0.23804356848376607,0.039247938226342406
1.964344376975865,0.9309834491946243,5.132421368717171,2.124610895899333,1.7025417935136338,11.680591550246138
1.3703924677945911,1.770114940385551,2.5922779965091984,0.5279784367835099,3.0371333285970947,0.2606656255458012
0.8221111578355161,1.1937615038751237,1.6436507723539724,0.02897172274407869,0.913518419333028,1.5653163571935662
2.103590675109425,3.6265764967008858,2.055457040494129,2.8908439926698204,7.623992277594455,3.1266000368764844
1.5172142275461409,2.2394133975996104,1.1333558565727295,1.954966167977932,1.1398075398209258,0.4494486057400042
1.6093345981841112,1.2599496682525908,0.901870820261065,2.873513891818843,0.32609355115205385,1.3273813033893864
0.7049662853736776,1.1062560412062141,1.286905274048833,0.07943274665532946,1.2545943452924895,1.870074514782252
1.6645723999631274,1.373252367157316,0.589165693177184,3.6294785213858005,2.272859885374739,0.34919434418141043
1.544345838141957,2.120143632886633,1.6447942202861996,1.93267592182792,3.570272270077059,3.0151662083917885
1.262569516611585,1.466327457880093,1.018987029595523,1.6574543721485042,1.2278155846080208,0.7114549492573258
1.3000885881077708,1.5734020173475258,0.8111976222106293,1.9596011545043717,1.8008683584795024,0.4740364122834519
1.6946803670657866,0.9558091901915,1.0775849284068566,3.9965822338664396,0.6221599270127091,1.6341977657254556
1.1291227836949091,1.0762339640609628,1.140157864104238,1.7683079213838895,2.076445185061417,1.0563289113863377
1.9803530876769355,3.9531352834226636,2.773167001859668,1.739531881967638,8.533391902312843,5.05861871072896
4.117222140147934,2.094111013054644,3.151482790220805,9.351004421574105,0.10059510184678506,4.2415723154551
2.575189837200335,2.87565825694244,2.050769577737446,2.8271680562393993,4.352445410111365,1.3207818006850023
1.3563366147694271,2.2412555952554607,1.409711092158131,1.1678459766691784,1.6523631203690345,0.8902748235700619
1.302417044544765,1.3791787634984811,0.985778924458967,2.4578770753124357,0.5809684150350047,0.7876205257819441
1.2782705566762171,3.272955165409785,0.6890313626541552,0.9860711900962171,6.197289798115907,0.6227575986247964
1.076674287238536,2.2778791211220963,0.8252547380166271,0.5198107824083489,1.3207958902524444,1.5729292506953134
1.4962261921425117,1.451503192105542,1.713458545559516,1.8169024668376625,0.8060070356382399,3.2692920142541606
2.2370508527974278,0.9505359982971673,1.1839107586022992,5.267243008232469,0.4005579690438555,0.7443216333040459
2.411848166428919,0.7617091639597144,0.5688896369576777,5.294084811731123,0.5606244869757131,0.42167439634300624
1.235677874110314,1.9007165862065771,0.7782118031937428,0.836812807540526,3.5777158646184213,1.2905579537053808
1.1330890995135563,1.8879857114263265,0.4372623614231379,1.5001863849741452,1.9059613487107765,0.14306593989528435
1.2108832498176074,2.7127343958869283,1.1501704591343656,0.47559047637512664,4.889348731236241,2.41649054419534
4.004775287026558,1.5822292740516053,1.088544878935484,10.866492384029632,0.5278489375171797,1.4611094647843295
3.5648097416092943,0.8826441225635261,1.0484315312631547,7.939082624648624,0.25825608630971936,1.3718459083615175
1.712265678362167,0.5982281553786954,0.9276727939437632,2.096840099772192,0.01221227106918614,0.7146228058716587
2.055582826364313,0.951725777122529,2.4713494142492283,3.263510807413153,1.4179923808962744,4.700893564825652
2.477450954849316,5.449985069934938,1.4570651678175863,2.511235207169576,12.762424111165513,0.1896904179090693
2.2881296262806305,3.6447174522090897,2.277536804235546,1.7986618273780364,2.3746592722639166,4.0777359325309055
1.1464294717677717,2.1676304102691004,1.4054466023153436,0.10964745278393492,0.7374794112086125,0.945471363540613
1.7908909331871075,2.7793942535181504,2.3683953347475093,1.2130743575809038,4.1888437051005365,4.2509460972713295
1.8755284642399117,2.599277401669444,2.15676825632414,2.2465455618782633,3.043974035649281,2.6095132354394948
1.5381395922573995,1.2033327293933387,1.094193698377562,2.2635003501952657,0.031070430127660455,0.22001085462491032
1.3210320519965006,2.028376911533744,2.0144556482054865,0.9340086422926958,3.3950140304117298,3.562069805169569
2.620934785834202,1.3114406536376495,1.9750302373078803,5.684031489903096,0.7148554751149387,2.292520263376586
0.9906517214332264,0.8007535519143651,0.8896409429928069,0.3663006776461169,0.3242696879093221,0.06567026772409446
0.9270068297411744,0.6456706023187798,0.569815000864731,1.3877326630362796,0.5132218765846908,0.28705421228526035
1.2993406298387375,0.8069274859688933,0.982769256277077,2.3480771842829475,1.2644044836308466,2.0191602168512084
1.4407015990044478,0.9419305566940992,1.333735225513963,2.388941556419437,1.1063111450086702,2.1729751986573116
1.3834774201845061,0.8276476516412972,1.5697665507582341,2.091881941964144,0.6818487034361955,2.745978005284019
0.7764049279193254,0.5397995066144522,1.6269861852206742,0.6439624779228672,0.3780116670562085,2.5476849828852144
0.7980559290651671,1.4154794794181964,1.7507252284763248,0.33969512794191453,2.872909560313967,2.154797518266431
2.055451533746014,4.446559719541366,2.1192119261590485,2.020874974984779,9.232418533081605,2.906911265561501
1.8664899494693505,3.3423440888921467,1.619740452179687,1.829095084921282,3.0082790211878083,1.711735582634497
1.069184496439544,1.783792229701334,1.1262600303688546,0.39533178729314744,0.701774784549208,0.6043502098814306
1.7110506027932382,1.2200776410265373,2.485867456206983,2.4425034276369773,0.5615690609958212,4.869414700249411
0.9964897358877942,0.7538815091259643,1.3111603154090608,1.2145702305755586,0.49094672246424376,0.03676389697800587
1.250037401784986,0.5722468478049006,0.9883067287227061,2.20379892062243,0.29397463662318823,0.9131854215145622
1.701384370967221,0.8412241260079074,1.495220966728434,3.6325192818455805,1.602937706425782,2.6103158986966264
1.0707645765546991,1.178174082578001,1.1796613610734914,0.3720048744446024,1.8597672560052851,1.1142838449548267
0.597851225484858,1.6284518890226032,0.6222821434371736,0.03866100824128207,2.444970620882222,0.05029596784635093
1.4335978605104454,1.740314821869394,0.3699178879074463,3.020113754141812,2.280202579511015,0.13651678923986774
1.3351092867980745,1.159404917527366,1.0195262262476834,1.8816660154384794,0.6915641495766459,2.0918729049523823
1.8959414554080638,0.6739011688195586,3.305511791719338,2.405544181756002,0.8018837230496166,6.6970921856353005
2.388814984673204,1.2831696202677918,2.1238012510956,3.642232074700217,2.288356884385843,1.6053154171693214
1.9462092194099554,1.0035335189106815,1.6230505840875193,3.2471845775590706,0.8598669870883038,1.4135099684557437
2.649734024789155,0.7292262961446067,1.1848135962561754,6.484296423016382,0.47809670356322953,0.7664051737148051
1.2679329593404736,0.6279231287722273,0.8182858929283526,1.5354616405525263,0.9378840776941131,0.5932860007968676
0.7780034743682016,0.5816715303743215,0.3841723647143771,1.3407983106552035,0.6351396770728405,0.04241659235468625
0.6300952189063467,0.365679637732462,0.4256563918294191,1.027951827748881,0.18491648756621704,0.6375334462021263
0.6076473029602679,1.5836424508444735,0.7172333091344538,0.33374157692127565,3.5455484962658526,1.1924418541229
1.3043633912315251,2.308400025909187,0.5432912285711097,1.7001037184423036,3.836161457616317,0.44116811684731244
0.8522752119765848,1.2155049954407726,0.45984025992392497,0.648726759385217,0.49628256507470336,0.18280123886833552
2.123795465248619,0.526741482131293,1.323601476975857,5.084415163802003,0.13393028499330167,2.5297673272622596
1.6850028516044515,1.2424652217218832,2.551544204277933,1.7502534522228945,2.6851478611102393,4.500369935033436
1.6516097588442373,0.8684057588230542,3.503211407819435,1.7970989874653651,0.4753183548804617,5.522018280246116
1.379408378424736,0.6312234191570416,2.63717144716263,0.876776328331348,0.9998883818801869,1.9246626836783773
0.7390457916060956,0.3064620090237021,1.4169870151309938,0.1067790893983377,0.1325686263986542,0.1084363619267176
0.6018109994056466,0.36995002337898814,1.6840311805170376,0.06451704308120962,0.5130635335693738,2.7007939432793835
0.8649702272884922,1.3606548653779014,0.9589417968974843,1.1009880406268118,3.1491290234998544,0.23328181310766014
0.9114432102852407,1.9129853435852509,1.3784650938138854,0.17671265973351363,3.2633307129823947,2.2157992718751545
1.514479587236604,1.2421238985125003,1.8368194016607327,1.8671126336260515,0.464078060280376,3.0224986289411193
2.1516149739594828,1.0405625346151277,1.9239701140396326,4.2568099364629,0.8186867731546678,2.5882670766874796
2.5035275339225724,0.593026068497219,3.2956511213226087,4.2897070903036285,0.28829143811292834,6.068272959942316
1.747278760477412,0.42073270040040606,2.5411052092676756,2.1520119562188165,0.15413497501811727,2.679938537622697
1.7972341567284855,4.151189507083613,2.3158798650714036,0.4745656616187025,9.700023503765685,2.363182161726626
2.6582359002705798,3.0806280804437027,1.3651272468003326,3.9755024493082414,2.131867886828994,0.6069270194989428
2.7619622237337706,2.2694208562688214,2.718398867630532,4.344753549321048,1.562193671691788,5.174375461840867
1.4952557235184487,2.2563205699894566,1.4587467090442077,0.43793851401442185,2.9005865925122403,0.3957896764946192
2.2459164332568444,2.7496077701876107,2.5041145681827253,2.674445317139281,3.6661276562311476,4.705581357736318
1.5903813468090988,2.6602930547311714,1.6181527278979035,0.6752004821541354,3.2871765905940866,0.7498598081591319
1.711020718411314,1.3875788661795627,0.6289001769825611,3.2454547788359833,0.03335550616181767,0.2789002479097896
4.421907728740147,0.8998450591688217,1.5279350508755063,11.783527968204705,0.4135758195145586,3.505266297265038
1.461709596834679,1.1823945182194857,0.5805931089022155,0.06097203492404702,2.1278728260007074,0.004997144869700496
2.323942984492054,1.0657353245716297,1.6991149104720276,4.553169418958063,0.9424386487801204,3.568634276577916
1.83873429897662,3.87024261436201,1.1323384117387048,1.9490611089151262,8.089127042393168,0.6084681877579106
3.3237253393124906,2.5029284856776224,2.2714381590298007,7.252381723441355,2.1896676280350253,4.320804735821285
2.187332218834754,3.6938212485654063,2.021890395684451,1.2510126440267877,6.272238624065532,2.3519319146701134
2.3682227146066364,2.0402474992496438,1.8866108166474245,3.7597121426573454,0.44990657992204314,2.1943266749137447
1.2118909246141716,2.520046860612853,1.3403046054562147,0.1288510680513687,3.989568946823068,0.9092673116805133
0.8359119238738875,1.5680116519543443,0.7154568737359682,0.8167759011420681,0.7753062917880257,0.12248094234334053
1.4008987778665543,4.50654298316785,1.8837939140480235,0.1387356072830493,9.125142723588986,3.5447738476968356
3.2503584823998484,2.5915099246221573,1.0709956208009819,7.405399713194938,0.343211169896303,0.37483816267159653
2.190341943528134,1.8159595863135984,0.947568043919205,3.396253106181459,1.452745447789082,0.9312540949967687
2.2870041010001154,2.1787378145614666,1.358658891745997,3.8284973097342796,3.1485714466885337,1.8343556780201355
2.7302235797577845,1.797319688756561,1.206709554079401,5.560120535585934,1.133531256585773,1.3165399990318902
1.0846197691010695,1.338140602214011,0.6975237032775378,0.17788863937464178,1.2625396199931358,0.44294149039799324
1.3321706187201554,4.149680940601905,0.3271456115594569,0.9742103574420438,8.58888085337119,0.30307968146341413
0.8139758516498788,2.4199702849336022,0.08291916068578353,0.14736819271368207,1.1078425908100231,0.26305827637813967
1.0382178931506039,2.0425366088812034,1.7712418268922754,0.47345352761002546,1.8530463130493458,3.9756637680002544
0.6251075303189938,1.030456992346911,1.0084942475411758,0.5210828739528158,0.1121666770755367,0.06413656778307225
1.6573771613469679,1.8418276984889352,3.5246608776744757,1.2663903643399361,3.6929815045403958,7.54576247585155
1.2713933098284327,1.6685981586955017,2.019963330488116,0.6254860967991647,2.089203258510151,0.4426122068754766
0.6841680698450059,1.335534091221465,1.117103399196115,0.21289578398062664,1.035096684242475,0.23379202633228155
0.6957162599734215,0.5491314752913121,1.306753325712469,0.3666227067879234,0.03260338695282645,1.7206321843939838
0.7067449309397806,0.9241479739682257,0.8263394797476232,0.3186376718259087,1.791353439216397,0.1667326918951853
2.769243488202541,0.5822232285399853,0.9937206634538903,7.229533665998486,0.025477242587043973,1.844885549704894
1.9045962527325433,0.2725225072342436,2.0524869452713066,2.848345608603109,0.0024086776679675907,3.80261273532302
2.816972529468798,1.1646194668168506,1.0051341394588729,6.869185622368582,1.9147388632086357,0.09816625924083063
1.59011358821388,0.6757936075782769,1.9213321073287446,1.1587103712945028,0.41901653978066433,3.2175623015839405
0.9644665865301003,0.546939132093853,1.56322967971263,0.6524812655643751,0.42610811800695064,1.0033269196818517
1.5508944864722825,1.0132735378130775,0.8249546834800103,3.2018802146369403,2.1184268318074486,0.3474943652553829
1.009758745388546,0.49597065105947774,0.7132580643630714,0.7898039441005366,0.11038532766960502,0.3874036872623852
1.013764244857319,0.5717337180147771,2.3039372167050582,0.7115888739842574,0.7520229960251027,5.020806946216266
0.588930634036325,0.21096474923340378,1.2355869053418196,0.5292492139763533,0.3237016046465956,0.23442933628210527
0.872861711016081,0.7902203322076393,2.2503768245942846,0.2777862896938434,1.7358411679723973,4.031548606732719
0.8696964893941375,1.2383141730003002,1.8295112538433262,0.5926736635124684,2.1680296325359287,1.571598125867497
0.8991478974822729,1.505235290418528,1.101458861801279,0.8780016383423299,2.5540610924248575,0.07967866085318659
1.389705834744922,1.0630085810323782,0.9653413139223329,2.241680262698221,0.5893629341072585,1.2490196885476839
0.8506140324340962,0.6292712228628201,1.8258841283771714,0.12921537712732825,0.1869731407828495,3.4014570224177483
0.8528587852357231,0.20283972632781722,2.1296365120287133,0.47272847054968303,0.1639036477943123,2.5907350949531036
1.6261351242062834,0.5086478620101983,1.6392387166561513,3.3112112595127976,1.1107798784271794,1.3419199646196105
1.65886622197141,2.64535545168721,2.466877618632109,0.31780840824886575,5.831788123584577,3.932938406802603
1.139481513665046,1.5218115201205402,1.3487853356654893,0.8390625889351182,0.4911081898697558,0.2564959189251658
2.159310004032753,0.9950691477175247,2.655523240138584,3.9999143640734847,0.5934230345146235,4.814581721478126
1.1515197994254427,0.5691525661175986,2.828482028997969,0.3366605327033975,0.21269712301961374,3.7473435573201286
1.031875347141164,1.0003229574710344,2.4416116358820017,0.17272172767807925,1.8606285772847424,2.4638999189083144
1.5538974862370267,1.3727336656335634,2.594388165280848,1.325383367074683,2.2780741863273772,3.406263961117618
1.1543355890883014,1.5725105915034288,1.914849192913733,0.7202747518555784,2.059653643076166,1.5697159220700163
1.307045457829079,2.3089304073302706,1.6544146660829053,1.6575139865625435,3.948437570865653,2.2488600068478912
1.8072304238397332,1.834418568889925,1.461393628998602,3.257291316346257,1.3327216594272113,1.644681456597685
0.813254543463164,1.1827535998945333,0.871428085839522,0.29502532626943795,0.2887965408707951,0.8783391427490996
1.1466133833424443,0.9435270493914992,1.107199616753894,1.7383328830727258,0.6833056313278122,1.6826485301275045
0.9367250981618105,1.4305922668765887,0.8667996257001682,1.408451687456386,2.1719646080657418,0.5953714384050857
0.6721869734649173,1.592129750307604,0.7562187499669427,0.311153893622715,1.8992916265160638,1.1606342778271515
1.0508434787929037,1.2755079699646155,0.5745100719530176,1.9563242155038065,1.514318367568113,0.6591632036647556
0.6607306054423592,1.463000930229362,0.3572197069136695,0.6394201891424889,2.2974825350389247,0.26224069326401944
0.86967454266771,1.4622773364987653,0.52119957080159,1.338214219389978,2.0288594951823176,0.7768085203179613
1.1597077618268434,2.6300512390108617,1.5703372669879707,0.17170916382021603,4.262731366270942,3.8209132906614593
1.2123147443032631,1.9306606179921595,1.1195124285627756,1.2308323430119832,1.7638577301312517,0.959561001003711
0.9479284159658616,2.0439659685128655,1.6607753926102184,0.7319027259094274,3.0155807911706263,2.7566813432214903
1.6488496433618067,1.0944133427115934,0.9318695013363626,3.456231322288964,0.57191952886278,0.38522348945730045
0.7680204690819448,1.356902143239188,0.9256433793996044,0.11733287549123396,2.2675418542939547,1.104751180163389
1.1042781481020008,2.6157803758572595,0.7367298698400347,1.0846576073901444,4.649541129026424,0.24401002735606037
0.9665562091101622,1.5780560449609546,0.7169374749276212,1.226571159979007,0.9746489955737228,0.29844151828501453
1.7389627617890184,1.8439786155802174,1.1161055703622789,2.5820125543856736,3.0201282490934287,1.921720624923152
1.5449009758788976,1.8751690598669644,1.3245059233416434,1.7079824391296545,2.5804365944170877,1.8703448357239396
1.2132940475378897,0.9562166093812995,0.8688583109853826,2.200501283236406,0.12274296965100488,0.47999941121192946
1.4476844706846856,1.3936670004208005,0.8054151164996506,3.001609087680057,1.7421964899645699,1.286517883899675
2.135415211436616,0.7239413724733431,2.164513429781384,3.96394700031567,0.27895946756134604,3.980023298991054
1.615744078740376,3.165285900082192,1.281923617865984,0.7533923521313282,6.841933359539697,0.3828089849180347
1.3186607232706726,2.8495417032701362,0.495323209199486,1.5444790698348136,3.3363333811911455,0.03879490625061263
1.6648693404188146,1.3854152414008172,1.1110227792402858,3.6665143644792724,0.23244705744542885,2.1110776713894572
3.320171725419337,0.575660725384684,0.5757495880755271,9.103473250571453,0.25965252483255,0.10996483027435414
2.600775805336684,0.925828332951574,3.2893433532700183,4.405829067747561,1.8051398626681368,7.818078778925072
1.4058100497188204,0.6549833641171374,2.5621902038118916,0.9287343284015575,0.845901715847896,1.8812707644900692
0.9631703051786906,0.2723486028498616,1.6104223528671269,0.434239753297026,0.07105925407342532,1.2712527755182639
0.9870167384038521,0.6878941354382525,1.2846435144101216,1.3443083178799513,1.5602073341109488,1.1242116611250585
1.4827336229128607,0.7273209484619793,1.2671752563897813,2.70681387452814,0.9815398468140293,1.7022735121334545
0.9567092818585056,0.470905488979317,0.6764755165708067,1.3567893546702774,0.21311466838954232,0.18999421841654981
1.3129365453527146,1.4571291613455095,2.4332490678393173,1.3201245960149812,3.2381725395571412,5.31906468570922
2.212195195919164,2.779612292352986,2.07257738169476,3.64316461721973,4.932015102956715,1.9650858065539838
1.5150789754053196,2.44493330075275,1.172841416127129,0.8969658329129896,2.826048353716226,0.40662914679637424
2.3087995637967658,2.8252366927542103,1.2007914889624443,3.9292946446088846,3.456694151551747,1.6537277121921745
1.2441392161826594,1.5063350061224763,0.833005150266617,1.0444635241230027,0.4879443560642694,0.2860244009076818
0.766944507162389,0.8945935579120842,0.49228675955127904,0.7956877641737563,0.6118901975825654,0.03541718645237037
0.7811822711527343,0.6016399344341362,1.1478496891983194,1.2102356515034258,0.4677203906761068,1.9913010155065651
1.6208474355217801,1.3423972146345629,1.5906193319897932,2.8747286970940116,2.8968794439553114,2.0909963546084542
1.3525424303654425,2.941449739117452,1.4255547652169107,0.26935444707962614,5.909836389214815,1.7526818326392364
0.8512184869263467,2.5207001605036963,0.8543900286385193,0.4373551171244483,2.523466611007501,0.40541559299079427
2.619744985166262,2.8943400031330335,1.2174288740354213,6.050109024877095,4.265123785157047,1.849804703799889
1.2955438203558598,2.3217066627477454,0.8437248007725778,0.3859359645019424,2.0360882713294144,0.11634102069037398
1.2577694716886407,1.5779842057389033,1.298530293300078,1.6773973627467769,0.9809348655654427,1.8793150198495063
1.2095748083050266,1.1649240126529297,1.2777479753012297,1.731739352196458,1.109421327756708,1.6149489742485712
1.1175727334528935,0.548107225622318,1.3650634410591895,1.345216950629064,0.1566181921897127,2.129899549986247
1.296009340522969,0.24932238768087805,2.5224071020447147,2.0698402744452835,0.06392520030717487,4.516669594086988
1.158099081778016,0.90747947549235,2.7402720191070293,0.5222795160370358,2.3780081548715444,3.7990204149136635
1.7585502462976574,1.1520505025382974,4.620906758705186,1.6088828331658973,1.1540337469655504,7.890559002381036
1.8263045846047345,1.1480578862641972,5.3926698313030785,0.9309820694561635,1.60688444891209,7.4795905183885605
1.9240050683645284,1.240645941655651,3.767295341085442,2.167450857548966,1.6313585647021396,2.9596255957987503
1.4352836755266,0.8361756290390873,4.329481717315703,0.3044932552420914,0.64973197821247,6.2662965597558244
1.681586731361793,0.6920186252220952,3.6991167332916466,1.6920253184751257,1.292116967385998,4.039085824759273
1.2296924829387894,0.7753257737571485,2.8966609388687226,0.4097978903413981,1.2726273652991302,2.6008385581676348
1.0617611531015771,0.7833979214728632,1.6507228532026952,0.6532424122102826,0.9834426282771516,0.15675407640441338
0.8634152124786074,2.019597521644827,1.0894095598931177,0.49361724733901113,3.43711522999092,0.10058735312264519
0.9718793278027017,1.445320252168399,1.8805506297977295,0.4038352959592348,1.1999112275463912,3.6353803762325936
1.7548344088456864,1.5257392921927835,1.6370765087586492,3.494080320207032,1.8508876099987208,1.345339984688566
1.3381828419069188,2.5656782378156984,2.105593057773891,0.6729256627813774,4.517521531289645,3.3705513606049973
2.499505990627453,2.7733239236317737,1.3544049972556476,5.237985838081075,4.023320909574624,0.7506040565365267
3.4797193204975074,3.1966604786796413,0.9880370683306374,7.008223472904364,4.422241028436301,1.0138327441244375
1.9759707925828554,1.949265676862505,1.4673602470120062,1.6938114009570275,0.6294351786714912,2.4091908029448588
1.2485481953988835,1.009758248215247,2.7292825724455816,0.30863734076045723,0.0712180619535598,4.937910786831377
1.035395341167409,0.5294830549649499,1.423359793798807,0.938562159509663,0.6050955088002349,0.1837075639243106
1.8562167390839404,0.40447704161002407,2.3328139123541884,3.1963260604345747,0.6534206467756379,3.9534543306635435
1.6442702091404888,2.112152234069773,2.3674873377185985,0.9158046246973368,4.801726533826558,3.150195920906952
1.0556266834474177,2.0277423742599225,1.5090568105454674,0.18207651520840312,2.095321682583615,0.7582480146180232
1.286907163076879,1.0042792621507353,1.2747184099645592,1.6274001967779157,0.1704709125100656,0.87768170890948
1.5977241209278603,0.5084912668310382,0.4489086457423263,3.7302203064962662,0.2909271022227138,0.09515090662496609
1.3931243171635002,0.3821460678133268,0.19710242832028801,3.17854900578378,0.3384382409701599,0.03173162015858907
0.6921105021592753,0.8757942991348291,0.4980093764377852,0.385042329104034,1.990785566788556,1.2963710577258665
1.16914802531818,1.6356717635894773,0.26270483823911484,2.2341510668796167,2.6591780703148644,0.20083361300600047
0.884927474104384,2.4329791204236346,0.37576657352107457,0.49821611989691567,3.9271451792454624,0.4313475752270852
1.2437407488633645,3.594244957331756,1.4904879618940206,0.49233192622348865,5.648153150894584,3.751593884571801
2.1557167433505784,1.9622594514780753,1.3819598092512178,4.1440863274747155,0.45055304242213706,1.6927290846302048
1.1645063335359016,1.2782993342966356,1.5904703146855637,0.5744815469842641,0.7414680069131755,2.0082363595151325
0.7391012998653319,0.9191043275837609,1.0631718938978523,0.611006111532981,0.5497235581169114,0.41522785225142267
0.6554561419205461,0.7326653235466161,1.8281631483426792,0.0013072086281407382,0.8887078431868188,3.5282318478540904
2.296132066807485,2.3443454472573033,2.4093162998885815,4.0907610665774445,4.922343701919371,4.04960025808571
1.7663893541483502,1.7163000118234861,1.543146889359107,3.1461619497291666,1.7118620170539098,1.481851606614681
1.7013017130188741,2.0376661513399843,2.6866047015522767,1.9741182238451738,2.6802869522341024,4.873553907442885
1.9148949813477685,1.5413219904830027,2.7016537707042856,2.774715964639595,1.3471567538508218,3.7264502547687086
1.061169762958718,0.848246398782959,2.2953594037394325,0.32986383547325965,0.05856498231035419,2.628499487734923
1.2663412842215156,0.26843055188900616,2.058642739752701,1.226172987650191,0.13269735375809175,2.649088816556958
0.9092345117737082,0.706670983569668,1.23124930979236,0.8653213169686854,1.5440476055784162,0.22274258614935571
0.603258699862706,1.4193012653175576,0.8194568752985814,0.19693868718841515,2.5373002511339964,0.6317133165302504
0.9374982088259441,0.949184879913954,0.41076018800595343,1.3315718160826022,0.4849854080893136,0.13837268001086264
2.0589338509078328,1.6218309835340283,0.286496891816998,5.070034559411854,2.559617889544896,0.017438220869527107
0.876995210293474,1.9484705229976724,0.21882176260822556,0.08176715752199795,3.3284828628471264,0.3446858935935523
0.9475987059534173,1.3689179137299725,1.8467809085819307,0.6891001068077179,1.061707979509642,4.248663310355434
1.0828600276598457,1.8452977034531681,1.2671477163838978,0.4652288581661595,2.7441457971712904,0.5485422952715481
1.4227816179885924,1.2658773313985276,3.347578507167958,0.5440024013938879,1.0351297308168648,7.023406396194074
2.445055638556192,1.4834628449981473,2.396687394521663,4.781402564769317,2.2685864761668473,1.8190821222831575
1.5339167804865945,1.9971553810037306,1.4139045111458306,1.2624831985153424,2.88782194230279,0.5416721662460737
1.8430231154745955,4.900661739891496,1.3359456901016502,1.255840591322481,9.638365679262565,1.3748503787773934
1.7970687081558518,2.744284864934944,0.777901146989258,2.8590354938077303,0.8474516354558592,0.4946030968428633
1.5752361172309144,1.9470044418976666,3.6443489336778425,0.33563578022459695,1.05879666939264,8.267030614407881
1.5345235163842323,1.3099298190147945,3.2487698242671166,1.3359936541809583,0.3621328322097837,3.758101560092351
1.2122882425047299,0.9605117810974986,1.5494679501872914,1.1241859567029782,0.4564957585235783,0.05317833683567972
1.7442162983977911,1.509202791154906,3.123499067592016,1.8171942600818132,2.364390026518101,5.9044274443775215
5.920419658760492,2.506414205727292,2.464551799343641,15.44705904412492,4.9789282021281736,2.55355376780379
2.7147445560764276,1.611859343296421,1.4095470087322832,2.934565446945547,1.0037481231685912,0.17194656367658678
1.288051875113625,0.7951886483734646,1.6116996963783525,1.0145495477286919,0.39652251546673506,2.2211941179192607
1.7283500780416043,0.5873692233946899,1.674601452528159,3.5153312784570154,0.6712238118959855,2.082159178235812
0.934791479946121,0.7865990996332786,1.0740031745098604,0.3743667847223361,1.214128720054089,0.49381934759017426
0.6146341695463156,0.5724398984118113,1.7119007796422019,0.061874697797474426,0.6868133710884342,2.8413302526773094
0.5255525310201026,0.6328804651136244,0.930852234088887,0.45743906766189246,0.5320475206407865,0.1821805396128958
0.7304081883097413,1.4258948611889546,0.8299750485147238,0.8322784166646167,2.6634948457075582,1.3445145292752076
0.8752026927221879,0.7211284154937793,0.2944356085715853,1.4290716202211209,0.015751709041795257,0.019945540679300554
1.594581520435278,1.0301075327492042,2.862098252361642,1.9096948618814267,1.549714840710129,6.930671255104877
2.521448894431435,1.70482473198621,2.624283599326584,4.829397099583864,3.15749549143367,2.78513705944775
1.5051027638972363,1.1791556856250827,1.3520566844150441,1.4261039851194754,0.6191146310493263,0.3459754881190289
1.1022536822910933,1.5424850867834707,0.9147573543804836,1.3914034597919054,1.8491071033414144,0.8361101806074872
0.763320129753573,1.8074772100499321,0.6973435726594512,0.10309825384713728,2.210670306844189,0.35004621749784204
0.7710037763220178,1.6803767609168418,1.4357605114269663,0.07107105312942996,2.1285648965917763,2.910152773638309
0.8643743979624352,1.1924561677070766,0.8745289099800627,1.6021774346729378,1.1806384212966008,0.12140394114944057
1.3028918070452504,0.9948150324141325,1.941570991137356,1.1531425935417963,0.8510641835867152,3.6702525927259857
2.4818420643457566,1.9298676461729047,3.1131161287359497,3.6549440158096265,3.6148519779051553,5.701406326734862
1.5912016522974615,2.0819195444889202,2.471805672174182,0.350325488009119,2.841324100771551,2.257903477614834
0.7687891224687379,1.4361088802283983,1.3675504441790058,0.05057748782264078,0.7750200594713087,0.47896626128143666
0.5884126751772123,0.777672290733835,0.888974361558639,1.1921816630487554,0.21744163127717245,0.8928557744935639
0.55801060785925,0.2751929561557271,0.9718632018685031,0.5422492972077465,0.14903236264820177,1.297265143544733
0.47714152184321157,0.21001674402946421,1.2468135617062013,0.10177490790139755,0.19804126142020598,1.8558400424006376
1.512786715873302,0.7751929706679799,1.5275221802864953,2.579048944220171,1.7487116474659372,2.209239131429965
0.8721903693251501,0.5072228825415328,1.4494264533911683,0.23665061522230058,0.10608897119113778,1.6158357347316907
1.1386968561225774,0.7885907337283203,1.1377732674490189,1.8746176451331993,0.8217400014126834,0.8656127571230646
1.1579675105107177,1.4486787814024373,2.3407095316748174,0.659926234422498,2.7983515582973464,4.431297581334785
0.7019154738551363,1.0709672354683148,1.1651489980379506,0.38110116594534493,0.6972666336673558,0.16979172276414556
1.009288547034697,1.744235020899076,1.0922249618876594,0.9552702234893355,2.881991774336703,1.2556781146971778
1.9010451045949077,2.0366719502438837,1.651855734416446,3.233386097031657,2.736649870984368,2.988336852574023
1.1658843854207634,1.1457077422133297,0.5889000073629469,0.9954686364875107,0.5642673403743166,0.12560840449842228
1.7631834200347543,1.6694494011237615,1.4204157053742121,2.7787554131839127,2.609961022526442,2.4438337938531753
1.3393455303978856,1.9106624410793316,2.0029365459721236,0.2681746297822664,2.7548804559783915,3.4263952285270096
1.7935005141024194,1.3670989746237376,1.9090659179803928,2.9635976126377273,1.0131822892384166,2.162515301845309
0.9993439356220464,0.9847564891638795,1.0823972012432015,0.5408197321442336,0.4725094662424899,0.026042605323836197
1.2985065116903636,1.0459987562472428,0.7067205543870032,2.2626416349021126,1.4732404006049544,0.3972361178928658
1.2243910457166483,2.468224707762895,0.5781470645716671,1.6684150833005236,5.086705785994821,0.8374444296890339
2.3943577948415498,1.9785154368426714,0.6255313403871768,5.294231505256959,2.0411743634353954,0.5323370757550769
1.6892302257433534,1.4308971160475457,2.9301936549100622,0.9798332239331273,0.37971374653504125,6.574959341968567
1.1149751272607296,1.7514617336810965,2.122392004375199,0.13691143620456034,2.2961739999941635,2.1087731321117547
0.769610611044434,1.2542587992665326,1.3229888824570015,0.03868265794578303,1.1144478968174718,0.7047141511607684
1.9718061106547546,1.278848771891591,2.803704074945687,3.5072929037568508,1.790667725057969,5.309895799874261
1.4877861197225228,1.4647510231755074,2.491469967613521,1.4877681549471213,2.6489994647017947,2.6987232920796145
1.745636189072399,1.3439558783059402,1.6806730198483966,2.98548028057035,1.4469956807154059,0.6698470660795857
1.2206436362657476,2.0118842832761805,1.0517150313575119,0.534257754488062,3.363844901544646,0.9524670114674929
1.0468686658478017,2.2197029519590967,0.9677220292788642,0.8464958145330455,2.5613879195535922,0.4448597578377853
1.1425792211058783,1.7264635180719832,3.2686925610036996,0.06113259594525442,1.9094049127902553,7.086028748756742
3.0187159596937025,0.9572797307850571,2.1957441057470715,6.513795391693862,0.3269041785291999,1.4567053538942427
1.9982621942986274,1.920193300450627,2.7774640390599687,2.2044450356247736,3.6151571999422205,4.527819201085136
3.0907912035021767,3.023844558818879,1.762151013997071,5.412256730803273,5.494796106652902,0.850824791045783
1.3768744746505641,1.4895639933650047,2.4296868765609227,0.6171207844024639,0.29460035195963596,3.9442848971597906
1.3779344563129983,1.3046414623982832,1.1612941746522298,1.890736897523789,1.3398034416037428,0.11078621308183866
1.789530858710863,0.984584050876845,3.7487343227682355,2.2695152733625146,0.5992090383360161,8.04482758389862
1.7502547878351156,1.6441900103938885,3.5263084373346407,0.764131150929663,2.8091065497030403,4.86161815050345
2.2201953051978633,1.7151563270190167,2.2541310010713786,3.7691873358163903,2.557605614709015,0.9026085375957108
2.8805130007609208,0.9163496564739719,2.3917841562839963,5.881028970363017,0.30370525940085147,2.9808416354356395
2.636686064226819,2.025870085104433,2.240541768659943,4.323128194874784,4.191585331533961,2.790734200247433
2.30902775346761,1.1740239644186223,3.0680133673358174,2.6869830347693426,0.3992766135082961,4.630424909276806
1.519414308292461,2.0243193878542463,1.8797233816712633,0.6499779479932112,3.191652206242102,0.7341865712697817
1.4043668331374546,1.4885987357340773,1.5169645557063571,0.6615021851373677,1.2212195791763059,1.2529219546151376
2.9390534138012767,0.8652788064115958,2.3717342046130585,6.613246970024861,0.795804438642863,4.0049552619260655
1.2597830418512088,0.672149127419175,2.293791048592887,0.020675493568156903,0.3445189301330388,3.015382926525252
1.4063320746667436,0.3940527112988864,1.527740701550295,2.5179140368486164,0.3669186223340375,0.9999913556177911
1.7395315329628167,1.143315261529289,2.1949630215867173,2.4500262999348728,2.1687712665036547,3.738040128993188
1.4216298473935391,1.1667178341293456,1.4295518892688708,1.9493738632326567,1.598929143074484,0.09618429806542152
3.6756028697285554,0.6764251486412753,1.9180764873733105,9.232228930835943,0.26041196250927684,3.0469452753313813
1.36718675103736,0.6311065249962982,1.1167131525417329,0.7475824353715758,0.23913944765327738,0.4632736834032272
0.8429865820708344,0.3014753126418215,0.7794163072086598,0.8309456285080682,0.15011654660434867,0.6740833393414897
0.5935417407310698,1.240979220007433,0.9362946646543993,0.16445890008982766,2.7233388957771165,1.3593362396534707
1.1041738629771332,1.5521024900042977,0.9398862777573003,1.169655385519999,2.4887709127021456,1.1947087838053785
0.7707049207052259,0.8067404703119614,1.1297752370060508,0.6050460498382328,0.12041527309972494,1.470315207254652
0.7635971219112183,1.06009185023047,1.2036768635567854,0.841320043145463,1.6431890974042564,1.5739295705745957
1.4704038491198486,0.521057736573603,0.7339692636863581,3.598435912507053,0.17695469525617727,0.8055206118661588
2.4481538541581642,2.215072563369856,0.44731947529854643,5.4816999673019655,4.681524730108743,0.38529540806779117
1.5337856251032091,2.9525221801608885,1.5814925557526933,0.4109340907290141,4.752838310747188,2.9261886515013953
1.4227892900147843,2.4787189348986085,1.1704888006870735,0.9320516832576722,2.3962000976117057,1.0215717460692633
2.7847288701476223,3.121276994618999,1.2099906345556677,5.27977108420815,5.212492885290752,1.409795345798553
1.503383866667794,2.8643880815550307,1.3317343348271347,0.12760230226034266,3.336816255217897,2.069567079443512
1.410591399263982,2.9585064176832154,2.4770355518833522,0.19381607324077602,3.526793940392988,4.807861188278222
1.4792499113819293,2.160753698392772,2.4391885115588123,0.3553630509121296,1.6865817674294707,2.458942495813312
1.2459458997053163,1.311561238700452,1.3765821131498477,1.8087877327407424,0.7307372442737893,0.09304983729272608
1.0955227215018184,0.7940312558068194,2.1585529713852165,0.3261493937121577,0.4912873707720273,3.6472479467163454
3.220709124963607,0.684020994515875,4.688723689908717,6.888818299506755,0.7926144061608568,9.085332803458426
1.826452132761169,1.016743559990642,2.897945967152971,1.1837623701721773,1.9803882273184694,1.279156052226589
1.8559431677635545,0.585032554233362,4.3013780292664165,1.3923754380319784,0.37907071358869376,6.985989682600326
1.3240754568453763,0.38480731624409137,2.7572727646912485,0.5664735769140938,0.5985385217945808,1.5851782349679104
1.194761809607108,0.748091672197473,1.7786695436528372,1.2733834255441538,1.262452399871948,1.2309505467866122
1.1673686230775238,0.623499065492486,1.2503143843757198,2.168907782794871,0.5306675945018401,0.8051528628921666
1.6695114251167888,1.1180108129182533,1.6516072367604415,2.7820280581350167,1.776590912879866,2.1432877110557738
1.9238946737022133,2.514159465338311,0.9014112518115714,2.8037752752665432,5.132477116111819,0.5222631424572841
1.3157401356986476,2.39389482280029,0.33902366636938697,1.7249839428761053,2.7573617603427443,0.22171612908320737
2.103846767993379,1.934154562876481,0.10480058222539528,4.694323567516814,2.195784780607738,0.05522981697915772
1.9152118557820608,1.7010801192951386,0.4407150057581686,3.401000574268329,1.7480027136890743,0.6916964236551031
1.6975795129724964,1.454272546243009,0.6401947813471637,2.829783716243495,1.3386578387709394,1.007603472131478
0.7887681729185295,0.9829572310976986,0.6910941778973815,0.11442264109641366,0.4129757105250738,1.6062665165587946
0.7224027380441621,2.094890868035625,0.5864124631849681,0.013803448842989535,4.502082313150113,0.6927416432552951
1.2802399773193307,1.2319826680071042,3.636989735581074,0.4776499218606454,0.5714639556134405,8.27779355893735
1.5510714090461448,0.9323435393254174,2.201639948136049,2.1784544959946626,0.19150008373087132,0.6899026363711872
1.1963412875597856,1.4928769460465836,1.5994607653811712,1.0593288935422118,2.772710159756036,1.1631235579445567
1.0084778822482727,1.0187048952342188,0.8733319925928816,1.029688238560299,0.3862365466796682,0.21801468234860988
1.6855709560641707,0.7323694463702217,0.8711630035215419,4.318474622336869,0.9300990407978332,0.603904182060762
1.9198180934178584,0.534024883693611,0.5854211484033575,4.518339612061791,0.05738530719262838,0.09907838279748324
2.019334491861188,0.31059498111155454,0.5020417342285113,4.797647216315546,0.29483863863655957,1.6397288659493008
1.1396417846778555,0.32596758026888156,1.2735293187605716,0.7533998720417655,0.3803936850483318,2.781124375760223
1.1746890439862887,0.28863008889814606,0.9536140593230742,2.349189284300964,0.11189268556672852,0.4355902949582206
0.8015736741003132,1.0753103400931812,0.7943202027408042,0.6339009716207856,2.138050410290902,0.9174499471732654
0.665808441515074,1.8337759338241775,0.4165352051301849,0.42294839042242716,3.628105812664224,0.03351164955636448
0.8677548686906107,1.1806308071352782,1.7471326610446785,0.4082325896378623,0.9346238107451204,3.659197529369761
1.3656532868311462,2.2982514510599255,2.1259862504945417,0.837427837154539,4.152118164792212,3.027923901214472
0.9549440755618204,1.2787204177978773,1.178040246048699,1.1240891393079775,0.4799350036804185,0.13068628871855392
1.5158483213087366,1.0272492571705334,0.8648040318349071,3.5551116925828463,0.7872423214527591,0.9078436251222316
0.8660072210398984,0.539719313492291,2.8143268325206043,0.2554192434996594,0.3267727124569791,6.214964711479003
1.4653138990911234,1.145144689655929,1.6905628981559437,2.6554913419744177,1.938113353943541,0.9952497962720532
1.2439888937454706,0.9570098452469762,1.2679782738042111,1.5162458950921394,1.0890047147761748,1.493976600954185
0.7356407553088554,1.3338863667971286,0.8020171098451945,0.6792012092240152,1.9001260329925984,0.8777631235786378
1.0703582493677366,1.773412347311973,1.0867927286680379,1.3577769792850536,2.8682391872824256,1.8133313441102732
1.4623022026338706,1.5957655251306855,3.596011459617897,0.7131843798030919,1.5780082901925727,7.647738162830075
2.490177531380463,1.6339122298038302,6.5314115168518105,1.813086562201032,1.975736496905994,11.984932882630472
2.244539334012159,3.010967404250521,4.391066533674888,1.1377709682391448,5.474452867850422,2.980777828104162
1.4801156484110765,1.8703351323152921,2.523388773788413,0.3592237324366271,0.7106782719376026,1.0360734494766588
0.929487327183887,1.3546657036898957,1.8843908516387828,0.24791604113780458,0.8899632185427464,1.364146253052304
1.3644717014800616,1.6594096224809982,1.3952778594836017,1.5823831910788086,2.529593704160606,0.8823856016438273
2.8420501615266724,1.616990427894495,4.076140717042782,4.6540226644950105,1.889923269665159,8.477533620745278
1.4448695490865522,0.8023713190660028,3.1035351514360734,0.8430599798391506,0.39332679304910567,2.4603618859656082
1.5857038033630368,0.8142947158061455,2.095655509522317,2.641014044329653,0.9436820244345194,1.1917921182351567
1.661499285765257,0.7709972163962454,1.0940100522165768,2.1497604009439484,1.2616146987589067,0.02437851638436028
2.3786596200758434,0.8826694558643483,1.2661436014896514,5.363447047947478,1.0873514498135957,1.4699535917464217
2.3651368926826986,0.46739550921016404,3.8757503574042373,3.440526860311973,0.39269851303144315,8.261378402849854
1.7657962223508779,2.2197112613475634,2.4441923055441968,1.6722126480448016,5.165394229019515,1.480732976028976
1.7746967265852946,2.2216161503873844,1.4081942170635922,2.140227503807789,2.87364967573973,0.4028293977459578
2.478163400048305,1.65898433176385,0.7676801634789917,4.573157099590866,1.3130744839054782,0.04468293895429221
1.3338772429386665,1.615135576685218,0.8166472554142103,1.0200478390565761,2.2792500296707066,0.8760915557954
1.3420377132914663,2.494034293787356,2.4059786121145517,0.7914099051033852,4.551548906318484,5.007642146760738
1.6140331499442229,1.433879167703115,5.784767624259752,0.02173989608602943,0.2927681683039517,11.341145066186298
2.7517324528312215,0.9759747012445277,5.315108538469366,3.5037441973511543,0.5763591942786046,5.814270052550067
2.6645874751055905,1.098078359688526,3.8122662697696024,3.228706952125036,1.5648367515164037,2.6143749017524875
1.4149935734587284,2.071670207157154,2.4471362171342177,0.2206445387597513,3.209003942044554,1.6335367281536577
1.3497562727425765,1.0086590206722308,1.9333862745651558,1.7200919926377591,0.07385686738732439,1.7865460979145378
1.8583381032052164,3.767098711930315,1.8785204253570142,1.247173946566477,8.272603175838269,1.5486798045576005
1.2651848927452451,2.4626429014385036,1.897920689800081,0.25273501897861395,1.2135962562864284,2.455501920625539
3.157175916101644,1.6502604654742716,1.408802632244439,7.881691544475004,0.8901729617693639,1.0855726949462028
1.3609424117923103,1.170292278196842,1.8651766467731554,0.48336846343239814,0.6926698528408156,2.212506845570942
0.5351875196163364,0.7475924000141199,0.9665984720177475,0.13920221304282557,0.3831848963825019,0.2593340007905974
1.1563441508170424,1.6714582011404657,0.9085937406554797,1.8069828842524183,3.1363415597332436,0.6176624456540288
1.9727212705255524,3.251848875244928,2.0052205602838273,2.685448372998121,6.220678131208229,3.6158147613010403
1.4529868150289742,2.0657423647151334,2.8622331303421413,0.06596280417710608,1.0676589053642762,4.681590393432754
1.6925807984795738,3.423525400163633,1.902988857559447,2.1500902108200615,6.090714752019974,1.5487502100789972
1.6967979387063714,3.1721864792804872,0.858976978919479,1.5198216883766327,3.4722440645715746,0.06429366807591189
1.3047627106469517,2.078392714479919,2.4088351234544056,0.21798979935337665,1.311899824367781,5.2338677188149205
1.2638431716861973,2.088856407817951,2.2809305329653977,0.3787500529261165,2.241876409815731,2.42175489338496
1.3468917141202008,1.3567800804465302,1.5419901145245969,1.678540391108766,1.1418030935190455,1.0689662840003027
1.1317872583650879,1.4618760215180937,1.7082843311769018,0.7029700512538606,1.6361668157527416,1.8244925594139414
2.2708366405229103,0.7099257311390559,1.3338591215468083,5.571452603967907,0.11959839131303654,1.1234479377208662
2.0811147172713813,1.3233020183539952,1.182587719812412,3.4156481608107057,2.3831892968815573,1.252245603701432
3.4189092648995962,0.7571245139488954,2.430451168763747,8.216952675742402,0.10854206687697367,4.357372538958528
1.4694020885389756,1.648759849728695,1.2596000451001035,0.6013207589087683,3.397466849456765,0.3512899820910254
3.0796993360124865,2.2178852902637454,0.514724449662447,6.994775662246797,3.4853321816146496,0.2188913314700236
1.2080018007160085,1.2903487217455023,0.3262308077576891,1.1285718966261697,0.5411970942705204,0.005464948646003833
0.779904917058276,0.9886306836373313,0.5451894913932688,0.853945890557428,0.7821269653983819,0.75375639759189
0.4303520223187944,1.0271133260776966,0.3412763948109786,0.10332257042700979,1.3128992132257589,0.31896184251239595
0.3442484284841065,1.3640596585950413,0.44783036519285846,0.10841667349013095,1.8159652148958034,0.4968855269892442
1.0316921587265553,1.0878514487820603,0.11037531916152003,2.355384083915408,0.6775400017991663,0.022605234544936924
0.9096422131270978,1.3603956722501394,0.1482058460829206,1.224716559087638,1.795361967982612,0.5154581254526119
0.7584206602151722,0.9394825535654655,0.6180538317404871,0.5137151360723027,0.7070372129173751,0.8090658312663437
0.9861688314387012,0.6550158461338367,0.18980466416660435,1.903681971714877,0.11417953583686667,0.06415298052409207
0.6512144016743494,0.44059055440069866,1.0043361860403415,0.5830003529532294,0.005061498957267019,1.8724977764441546
0.7319354585750276,0.24540221713132943,1.0580026914063259,1.7237554508414623,0.21328057491845978,1.6823681369746024
0.7968417512826882,1.4224258158674463,0.5185693211266131,0.8901030668379648,3.1428464309523463,0.204144696354553
1.8622054124830492,3.236154243022418,0.960039529900296,3.4694606957593233,6.510629066708612,1.8077847083755287
2.8821119665594344,2.1014416007334096,5.7866741408342195,3.437346972513234,1.1136211499383413,13.221115161400867
2.4682089015103363,1.7800080659077928,5.1526434480723005,1.2976880334835583,1.4376848003303624,5.781626011678906
1.586086379188881,1.0085945949772332,2.4300189213312593,0.8640877579596332,0.31763550186603146,0.005349133670010151
1.4128051329249436,1.1180447558266258,2.4626413016187247,0.9005896097459647,1.6016044429468135,3.1731848517096184
1.730749852208116,0.7775529269279571,1.6791035226793867,3.2768533687302384,0.31250053619146045,0.8726898686062569
1.0303184685645628,1.294032668583099,0.958454486376933,0.7955281232593031,1.8894541343089957,0.13153480852433727
1.2823705024968897,2.9355682714259212,0.7196487442212982,0.46906475121607016,5.413861683063521,0.7019061579104968
0.7794561340660404,1.6045578889067869,0.8819004184889271,0.17698132345736298,0.43556225792830305,0.7764388950542395
1.0060284685718568,1.971136150601503,0.9306347369879705,1.2573165246216855,2.8926299342665747,1.4815019026429046
1.1056171525780634,1.0747074629515803,1.278255866902642,1.3160701729296929,0.04756601958647445,2.1640046064485152
1.7424095839538702,1.0710225869087644,1.5640749445204323,3.676554186225306,0.9415990640138391,2.7650478539645342
0.7158341539372737,0.5055192303947327,0.9117315426534089,0.5001013879775742,0.2347503802919883,0.5644686569527327
0.42252036618598326,0.5131951175506075,0.676800858515738,0.9592718178613465,0.8691971161803285,0.7765393126390405
1.5161007928722752,0.4322841016194952,0.6463700285110351,3.3047507327325043,0.3812000651565885,0.7374421501194618
1.4787489746942344,0.5403193762953119,0.7322772170868264,3.470269984302313,0.9345905686434471,0.9011452576618821
2.0336212382147036,0.7474041742266537,6.737124908997021,0.9710016285434195,1.0809304928493548,15.951534866083836
1.822647478269029,0.8494533059691911,4.578522086771576,1.229130549272837,0.7150395236249554,3.0096450740955216
1.8965089017280374,1.3672139322474108,5.0513819979643095,0.7227602515012737,2.137846501309179,7.376996275144424
3.104452765738894,2.735556344023441,3.2998072813181505,5.392882050795809,5.022962525430266,2.3625387086544682
1.494781761525534,1.9679592482019626,2.111101313034224,0.2525867652161339,1.0236368131745321,1.0426635803467703
2.2938020419280836,1.0320252997387334,1.5589794073191159,5.428622209483917,0.42723601855747484,0.987754077245888
1.6767887292490786,0.7993552032353232,1.5176798288013145,2.3031810678000015,0.6314026300258069,1.3411326947554734
1.5112408025662858,1.886219558778503,1.3055179538225732,1.5167463940666266,3.8483085953515928,1.0786895228434454
1.1978098010277494,1.4918618328533984,2.129840899495834,0.06640854301125658,1.6955813388559584,3.5243187658841637
1.2067168257416103,1.1031509743539982,1.6960003371538104,1.2909865302943977,1.2139794545776794,1.25098458951985
0.8002391398583394,0.8230795416426074,1.1052356260947753,1.0476464725813395,0.3241832686825363,0.7008585780229113
0.9349057808680373,0.8719644103462533,2.1056865486851866,0.3516108149065415,1.1946826411553424,2.982068083041865
1.4986161298173857,0.677511724833621,2.7332189694369977,2.1366100778306083,0.652823634943772,3.8540646547353106
3.313708248024354,2.5442653048878343,1.7527000182310768,7.091353475526076,5.735140012710339,1.0909340572361022
2.0511196593954053,2.9450109622984675,1.744458449565385,1.651935074070447,4.3095393242177495,2.2040877711683553
1.6264061748495897,1.4628551478810041,0.9783361215931488,2.5088015530496706,0.17526504916706184,0.12120887855285495
0.7668508062306972,1.3377672961553067,1.1821424953189434,0.1418117986726342,1.4540429380196864,1.5077692383586458
0.8851377401537188,0.9165598397902491,0.6255034909004805,1.0814256454860303,0.5099350739957473,0.09204837528926446
0.3990341823212235,0.8255875165136066,0.2609141749089035,0.24740764959332434,1.0579014222214886,0.059250740332883335
1.29933308112193,2.128762949820051,0.8252142036016715,1.8976063366165858,4.18867179998384,1.8982728402159963
2.2847753375276505,1.6550625939571364,0.8068583822351754,5.576856071809165,1.4994965248867191,0.7229023278650782
1.658334602108433,1.1688768040369721,1.5558801191704625,2.1681040067660526,0.8135778480441139,2.7137597790178205
0.9026937945573227,0.7512971597087403,2.4609265486299297,0.15982537026824634,0.466105860126971,4.528317094689552
0.9954302571824551,1.621510001037744,1.3987519353045805,0.8759751687966058,3.222127060134394,0.30023040536259904
1.308051620077415,1.6971004162321857,1.577060861326213,1.5999659208405992,1.9590895718622736,2.5785011049570645
0.9373268194098432,1.2799890735470218,1.3753222542715033,1.032372452757735,1.2624696862504612,1.445234366436553
1.598649794789846,0.7990334923597919,0.7296328369032532,3.5872505432126136,0.49048272340888105,0.2378356714630671
1.5459635823358284,0.6531503466501885,1.172819427663733,3.371245360764361,0.8136712161000509,2.108765625752549
1.8415307545235957,2.81889446146287,1.3434489050258358,1.8926290379403965,6.429938268787155,1.8804846041292362
1.2878842015052838,2.052982764853381,1.2666836806481934,0.9350787604305564,1.468313125296618,1.4498614050036631
1.1343576958631565,1.347013268602937,2.741532409131676,0.5896453419404587,1.0239835443831797,5.220156349576969
0.7557059003795829,1.3200947281872983,1.9612561727721645,0.223817860070722,1.4738723209143052,1.472442151178677
1.8038826310853475,2.051892030332727,4.657162415339226,0.8766926890268164,3.0190811386255967,9.316111695083869
1.5041713013835452,1.2950859303012405,3.0517676316712583,1.0660487975713995,0.8313610257843381,1.4235545515814896
1.4849662848156469,0.8673944254887808,1.7210618301608014,2.2529307700499657,0.39374856200082003,0.24626170572680328
1.6912101101055017,1.2528406800747385,1.2428935909045138,2.1468239473125026,1.7586456777691428,1.2715356418774086
0.7885172422042906,1.6421696125774858,0.625296123327358,0.14537395755986227,2.188468393912932,0.4025898667619411
0.9094249874000258,1.84588153707289,1.0066211971448251,1.0059110667654143,2.4945819550757844,1.8183000014624027
1.133077851165708,2.4713878033936774,1.4446672838323582,0.40124529087558436,4.273930994093623,2.36267632438596
0.9109032496170208,1.5428614584197973,1.4512500997937512,0.3411323385678021,0.9278017640983119,1.263860635203138
1.6222009833515787,0.9327538179604333,0.7959264394956301,3.5124234834392722,0.15669057337858613,0.20562301801507335
1.1843568284479102,2.958489299049997,0.9958523435350342,0.08563800926202912,6.356839808975042,1.2646363068800657
0.8874572650127602,2.0027514335777665,0.22911642063599647,1.086638664533173,1.1419013171346633,0.16992705540516304
0.7054899374166839,1.8568555272129765,0.9986788710987828,0.3683352933792357,1.952386748899182,2.2922001223269426
2.2856731007118527,1.7940203586295325,1.8582049066508715,4.229395038479039,2.195057690379792,3.1248054781981933
1.9050789593003534,1.3483635977220128,3.4630005601155793,1.628553930414228,1.5815804771048534,6.560456306734305
0.9941949451778274,0.9250652156074992,1.9190963955446585,0.5263188156001624,0.4594743071636767,0.3222212717553613
1.261731219322996,1.556965104002098,1.4052333223558344,1.3960271532276165,2.814162233971262,1.520371078988741
1.7355526214599433,2.238395971662991,1.4198028236034521,2.62970712894599,3.256751965036819,1.6765187105372572
3.1611956129042618,1.8829782844194354,2.5711514468045458,6.345798703188005,1.6102841368987908,5.1143491970632216
1.6396133858970536,1.5546199988407765,2.1033295530960476,0.49806664630656744,1.3410545435510008,1.9738375966092092
2.120408429014198,0.9917400108132052,1.1751628297713406,4.346305191012331,0.24193712015002494,0.31450012909584263
2.4240629854394755,0.5426950737192848,0.9806824848784509,5.445437951924127,0.1753722888238333,1.146648272808951
2.382236569941787,0.6918785161269635,1.2702769864678214,4.963915074167379,0.8297126726341896,2.1270455511324635
1.6025122371360458,0.7878223874354213,1.6372374059128743,2.0179875890680314,0.7445814925423108,2.4098427219224545
1.955177852149457,2.8429908882190755,2.4164115961699397,1.9875353460750629,6.143346352030442,3.976629269554928
1.4757934922905889,2.7824132081237267,1.3986913896018471,1.0323820944966653,3.0614636640063684,0.39813913774129134
2.1630690928471736,2.3825802137052237,3.0522486722223694,2.7918643706313087,2.1571740503088943,6.0541217282213555
1.381708637146526,1.7153754208162213,1.5965020654806685,1.5155592238445301,1.4581626511129901,0.12192060683553331
1.9950395073185552,1.1157348578394133,4.114401065556942,2.262920267964171,0.36632589507174385,8.24081878371853
2.080701438726135,3.6389257868188523,3.4692661756077414,1.1188342788054821,7.675378248985259,3.900578747887233
2.1616038102385797,2.187429520077302,2.3363724079835357,2.6297823916412724,0.9401374971005749,2.1592245712606033
2.2830331188143584,1.3598685457522306,2.348363530209614,3.479907912785409,0.22617077929341378,2.6560169460116354
1.1986000067427662,1.0961347273529523,1.3279141222843298,0.31667010965937503,1.3616424987116087,0.15093904079740894
1.9801117747879602,2.1685218882251274,0.8245848454905063,3.5786813805583186,4.142915182613259,0.08472941547796581
1.5539953372763258,2.9776391102587305,0.5562587923394935,1.5543472633835906,4.365892037727818,0.21464887812344835
1.8628404797613678,1.4486409060962728,0.27663699444750456,3.7243541128698676,0.02205296983260491,0.18282715511939737
1.3495225706153433,2.163936672080906,0.5804955224574031,1.128810450195367,4.3483089073927985,1.5854101656197108
0.7950534104572997,1.3372114610327646,0.5118381555504535,0.9529787860547769,0.6334919784049838,0.4852746197655549
2.133861625361429,0.6369545124451658,1.6589963200057607,4.931637556142718,0.07950422569650517,3.9351655467251567
1.1364150081178745,1.9144840033997703,1.2430321456647122,0.5784846247824049,3.764991817882463,1.1802738923463807
2.133895347175281,2.6228590171625026,1.5208764438123663,3.7185225166839624,3.988242274985451,2.3782371957399215
1.4502511847218487,1.97261069879368,1.5741550975427756,1.3233767669992873,1.8138250889432752,2.11612967917213
1.315610135594252,1.7181437077062527,1.1308523921141005,1.4434861164356105,1.7086693221123754,0.7708927698827293
1.2255139137653301,2.180754694380208,0.726698567774654,0.7376925195779662,3.3545800762960463,0.5572268306823696
1.379753648331829,2.5135479305568977,0.5566361708969468,1.7021402022541303,3.086453638309825,0.8384880617989411
1.2358972120869791,3.118699177285877,1.5345997080264129,0.7867110408799737,4.41646844531815,3.1857356539389743
1.1800546951688742,2.388827651319275,1.611378407340386,0.08012251424545348,1.6092636994537453,1.7651164896730112
1.5600944939873953,4.015671719773591,0.8293898308306342,0.6349046301030229,6.862102785834764,0.5848229101287822
2.066575943817828,6.314114403223197,1.9312939767395585,0.012798952891657462,11.117718670147603,3.4058104563766642
3.4577060425024286,3.2591353581606426,1.1902566414679598,7.6659419203070485,0.24782896171110474,0.11263153205066458
3.679856141519208,3.2502198745290043,1.638997115302127,6.747974504950287,3.78816599645877,2.4025088382391337
1.6488660737674388,2.277530553049534,1.1629974752632608,1.0055670878773795,1.385583518453538,1.1564281579964497
1.617757197877334,1.6868336319118418,1.6725325979383423,2.606635156163371,0.9806292997144508,2.628247969132062
1.4817616241858638,1.5823725734460476,3.0259505340268023,0.8487029717142813,1.899034901305267,5.247269588151764
1.5327735446450386,0.7601219856223831,2.6735515202344535,2.223961441097876,0.1151852551019375,2.7728615244194237
1.7902023614394647,1.0681601729685226,1.6250236679322172,3.2739270094706847,1.412307273038524,1.1666684625451458
2.6263278065612234,2.123252830877582,1.0004398347209595,5.865749504970395,4.094189879703715,0.3273348987977858
1.4413495500879279,1.2865135745327922,1.8788175079943903,1.0223589588966306,0.48022725430379704,3.2834158240999916
1.8029582869842473,0.9918526297570298,1.4635931803540718,3.058464124963034,1.111610745287585,1.2349870500318243
1.25675616114689,2.8156936186472006,0.9236754504032585,0.6182975528310521,5.609592116587483,0.1565984909319379
3.8620196138306286,2.0124124574839746,1.483450624027927,9.277930478459176,1.1192050083672447,2.5391955483948916
1.2011151814723733,1.2831461636847337,1.217193916629451,0.05221490347374638,0.8874795506851594,0.6902042389115378
1.1428887360345965,1.1468844615211775,0.6621329421973768,1.8503037850078912,1.1615545098729516,0.1002473878111009
1.5545048041869185,1.2864455528123946,2.156482614946737,2.1547154416096235,1.465659509422232,4.660961466578973
1.5980701555705612,1.332972923479006,1.4846465333282297,2.329796236194601,1.9992976394159028,1.3198159191167338
0.9982267137732556,1.8592184318233629,1.3064603188988655,0.25654779794001237,3.2258158611459438,0.6596795093589548
2.5715808227913755,1.3625143559661361,1.9018251068146836,5.578405011178066,1.203333032595754,2.5202861745966167
1.5677059730693794,1.946829826817647,2.8750643143995585,0.3997900082327315,3.4018012923124017,4.341401721832734
1.619660100101759,1.4320016853439061,1.3893412615890834,1.9497124051080754,1.5259407705795047,0.0006142443818955554
0.9359278862500677,0.9589489415509893,1.5675529469265532,0.5037962578041653,0.8264316661530634,2.328556874947495
1.0064570520488592,1.3490044443370046,2.0420732264556523,0.7340752372778347,2.1456015496518046,2.913534031192412
1.2769378472840012,1.7676527163391522,1.2504559765490546,1.5813371902895457,2.529727560989482,0.4712609470743079
1.1171083130179944,1.6386589181160556,1.139837687128761,1.0797998238785835,1.6331124152706438,1.345214479351999
0.569253433194598,0.7901905956227964,0.8055590027887938,0.3492439916158676,0.11656155943449935,0.18705252148852747
0.6128288176764771,0.5201614312488865,1.4111019609424773,0.3749168215421764,0.3723769477662165,2.7467553438912873
1.027160778118947,0.5384678151015997,2.077229246835173,1.0830672782256707,0.6717784317143446,3.76060464330304
1.4049975285947554,0.4828426906989684,0.9836642082501831,2.8317180677474587,0.6643148144656429,0.22899685077974827
2.3281272436972107,1.1050897233152546,1.739149403454777,4.564871852436246,2.2381655753927916,3.390648064793193
1.0697602153314885,0.6113516518182069,2.230313944157002,0.1757565865992188,0.03703817258916722,2.953052415292529
1.2129376355885213,1.5241782045775782,1.4058535043257012,0.9987953694333348,2.8185674219783,0.8520908357769322
0.7702208452415131,1.0998124562647806,1.5249770808111338,0.2112668029374933,0.616701680953996,2.34423477090012
0.564842409004986,0.8314180822371994,0.6765714630521854,0.033463355475233054,0.7421906861496298,9.625010460700038e-05
1.5109106541026804,1.0444104229186324,2.517447322194025,2.167754859597279,1.5011705383023775,5.370552645459913
1.4489045851798514,0.7053911828047563,1.9449772174321698,1.8448663259091052,0.48650273274521655,1.598719386165303
1.2473892413233008,2.144385486534446,1.6813013264278998,0.35590808970487425,4.316472825093787,1.9369523432732958
1.056428546843153,1.2186830924073822,1.784651192766172,0.5326575917358913,0.17846866492687333,2.1852171752388103
0.8153097756356439,0.852320106435715,1.6689473321703447,0.047986609297617305,1.1753498465747252,1.6481936106324933
2.0636267639154204,1.8785911825994384,2.586628118209868,3.602979781542269,3.786551692193666,3.886521748522269
3.3093220911442063,1.6119866845986626,2.174621399618413,7.353158509250842,1.9134125681171787,1.8816885980402476
1.6394440079438053,1.002719590472627,3.01099459822444,0.2911143392539817,0.6915534229715039,4.766722616113634
1.1341315702035142,0.9742541205886649,2.124871099651723,0.5265649275567494,1.0920774764542085,1.7461350319130524
1.9834819329084257,1.584889361389309,1.3789706042944796,4.056121266254435,2.453080286163509,0.3753656180694277
3.156392389583909,3.773539570805852,2.521703513952185,5.2199548984198305,7.243245014783634,4.896668631130423
2.168165959803116,3.5697659916523694,2.1429106375351488,1.0881698765671586,4.4724474381395165,2.2890663858735794
1.2797927234470505,2.1167454890576582,1.9679574719769406,0.10389748622918002,0.8384166551543819,2.402878662132793
2.369346394963499,6.179569502036131,4.388213869688862,0.08037737706170833,12.637582268338342,8.464697679272499
2.0138796672950003,2.906638943043308,2.182503420724988,1.7063965087062467,0.007021638501968683,0.15634811017302777
1.2940556370057863,1.4046870984193482,1.5232740871317316,0.9981074007377222,0.05603727477448372,1.1193057020776016
0.7764315221273611,2.2026247820743987,1.0658331357299944,0.0581418433592142,3.472731060925016,0.5464945622566
1.3737646054671706,1.3753926205216078,1.2931548741160757,1.7505489955395312,0.4449442706114143,1.9908110908815297
0.6977247961837694,0.8756838907044152,1.880122938877316,0.022733791324836466,0.12538821880088385,3.2881796678377992
2.103467742228033,0.6262193790776938,3.767350136480273,3.0964218443843694,0.5413826673650508,6.7811505268240495
1.236621752793099,0.7263609226019632,2.3222548831207255,0.7318143537444645,1.1106007643478755,1.2124573412652957
1.0185425440196074,1.2360794504606756,2.241662068997504,0.08218156755093482,2.6228656405888993,3.085599107273575
1.545533472219561,1.4620445889780318,3.211306433475024,1.7751744011429362,1.9581177836589592,4.97907291060234
1.338581790923801,0.8490513027090325,2.573576598028895,1.0139474850331223,0.5426235139759679,2.2997612669604472
3.128454581784211,1.021039986418504,1.622349244467836,7.284023290659967,1.3994191243262148,0.5560775773328618
1.9276846325347525,2.574125217643052,1.5450730310103258,1.5713964555638555,5.213175391410591,1.8722428897792058
1.7549641028487823,2.596720695289786,3.4422410209793637,0.643827166873361,3.3748829850749296,7.009921534635188
2.312379729519858,1.637480966337545,5.201794310123249,2.471882552134239,0.7807287549407763,8.77268448490564
1.9451287046587193,4.157699809077365,3.308918070442172,0.6335133508574036,8.064380915611864,2.056455784416493
3.110264762619881,3.0279966532816287,3.4603034450858474,4.6918891794943205,2.4662567920567855,4.360518257443692
1.689785788041552,1.5524676496339085,2.0648258822829417,0.9391177619454292,0.128969003949066,0.4471607030165594
1.2052039347884653,0.7939311948663229,1.2642433715163899,1.5964313122921618,0.0715874675617479,0.5649343340168189
0.8825243162664372,0.4713360362114942,3.146402973778421,0.1037934872196247,0.3688265634761671,6.110438632924009
0.9258858199042593,1.2960851833905576,1.6968873198144245,1.1106742418329052,2.6028469123149023,0.2905958389552631
1.6604034156412706,0.6877717246686964,1.0170652674958056,3.5719151416091206,0.40604206273717175,0.424175876124149
1.6559553981940023,1.1095044239923673,0.7647029350397191,3.2761769497430455,1.4327774466792753,1.0913469672036988
0.8618457254661874,0.6047746954151565,1.0083230331967674,0.50802671413871,0.19579932363948033,1.7811694013140977
0.9099439185247903,2.3044501556594255,1.333912210286341,0.5125711390787284,5.073734847385826,1.851759211911159
1.7686927600765057,1.5180914089609399,0.8219482316185124,3.399877784348707,0.8430689031428819,0.6905545995939001
3.0964982521343756,2.685777466422332,2.549467211533969,5.329936026365575,4.7748062610019595,5.066863926415752
2.2155243706617553,3.7804543764197156,3.4389926054612383,0.20043844572750685,5.796327179837301,4.932560194837634
1.6536746169551866,1.9914071538993579,2.0369944505357775,1.195887247156446,0.012295009116749609,0.9953846652859666
1.2456333639137949,1.6209128965608304,1.5393032500122918,0.8233314212377133,1.2477467292917506,1.139353654769223
1.9373342753812588,0.7234419529648155,1.729262082096174,4.091061424502781,0.0499302136262308,2.424662725390436
1.2762562284174355,2.304303122133155,1.7560444052411965,0.1744407933309361,4.7870505290812355,2.175320343692103
1.0278485569893507,1.823213671958168,1.3593712236253652,0.4742971877827222,1.4613141021746956,0.9634950875716566
1.6749544827120335,1.0122634428480008,1.0228413112786552,2.7924335524242885,0.15580203297789919,1.0697047755289186
0.7113235039677247,0.5700151623888671,0.8857612915780174,0.10531233795075003,0.23368959050547145,0.8555408960269635
0.9760701855773408,0.730441917037985,0.7171605507892619,1.3566565723792547,0.9674231895074344,0.5367656978103146
1.2961912769345825,2.75161943704422,0.8873852449142854,1.1671763068455399,5.634643137460482,1.2254891845607683
1.3884014284545556,2.4409725596485314,1.5227391175314002,0.8141363215878751,2.361223303881152,2.319491670808426
1.6848972596909102,3.0682941591377624,1.9240214549157826,1.0036403077421554,4.044140279016137,2.709333306434481
1.5650803739322021,1.923878611855207,2.08429583778713,1.5097923629609291,0.9128536928487337,3.018042026979224
1.1711364374456066,1.1224232330710118,1.6242555047093212,0.35196504213663665,0.08835042795965609,0.9391498853399031
1.7058209856058881,3.6009397205657465,1.8934259017315382,1.697244906536377,7.323901590438111,2.8932440055008892
1.9880592242262023,1.7746319723828368,0.7927298291022394,3.2739505101947963,0.03464431336843203,0.013075279125671354
2.185412722438363,3.245502737224599,0.8157188526015697,2.855574242691,5.899669839288761,1.2965386053646029
1.3313610195263978,2.212320692788536,1.756032855070493,0.33423522081977797,0.9198766657623767,3.1588302816344442
0.8532895264317581,1.0048255648681168,1.6293519908698397,0.3232726846354244,0.02028331645436641,1.98874629449415
1.0495085777092779,1.257542704756398,1.218375364591733,0.6244260013969706,2.336936125783253,1.2851481626885095
1.4909991192691152,4.039445900097768,1.441782014653803,0.8959355481473119,7.878819651491639,2.0692591310759934
1.9923780936300828,4.638543449848521,2.577670420867477,1.050037007107788,6.740893502438369,4.749150686027441
2.0812992794448504,2.5162797209850742,2.0446682704347596,2.2769770663103026,0.35093899858594,1.671181713950191
1.1448432355341724,1.5288544148472127,2.4432568470356553,0.11670033904275845,0.39994762484481805,3.216738881507703
1.7774516785266532,1.443494608533175,4.329139670558236,0.07057613708405933,1.667297800256012,7.899732758518277
1.674027067796538,1.5437702168873382,3.2199761604569006,0.9948666148259477,2.0283850794501794,2.4454157774116125
1.9680217057059284,1.8739975449343036,2.23106425079452,2.3891257150661622,2.68967471347601,1.7034689400178884
0.9476651534590826,1.0211295968365528,1.1431978469731463,0.4299424294130878,0.39946537443529934,0.07641322507505106
1.5169439003598266,2.9303369165558166,0.9149761547664595,2.0516782380760525,6.388712150261575,0.9383372303487619
0.9980104641541919,2.156013208925841,0.9849488342518278,0.6017457474444656,2.0363105992438384,1.666855088754106
2.2680407668077383,2.729022361922028,1.864273477070301,4.344624912940855,3.755248127807894,3.191134825304502
2.569427892748074,1.8731890908791808,1.551307029099902,4.520775019978245,1.553343318035554,1.1528798098432562
1.5701719854867786,1.4281061296696418,3.3777763966583207,0.705614023175558,1.069816074396915,6.440667562579348
1.597404796687648,3.657958474356499,1.7613892413208643,0.5227133048625123,7.560490626337337,0.6343419281472863
1.5459604036183408,2.42405827695624,2.168221757312962,1.0596906203060057,1.7451284988664968,2.72959179775986
1.1346197183421336,2.823471397748599,1.4436498370034474,0.550273089236741,4.032912193870283,1.0861171954948208
2.042039057869135,3.8652179537843843,1.404036955772289,2.231825219635884,6.127696617703635,1.3310192593289378
2.536359967574056,2.851689266446931,1.9764198697467121,3.4981435983227507,2.250043704855112,3.244053985493696
1.77111295721091,2.079536850366553,1.2824078083609496,2.2361537873771606,1.5923039618288544,0.7025654779454275
1.6460838453367124,0.9413004841278243,0.6692212400048588,3.4785288930531997,0.0070340568216037905,0.20364922998073476
0.8542883502192459,0.6841851361307674,1.0473349589178371,1.011650168683739,0.08168490766535334,1.4690035696724772
0.7435102876208262,0.4896899393247901,1.1651536272895346,0.33995682527511906,0.44841627569862696,1.5049224233173457
1.3339803350644195,0.40874161645126467,1.8723637201141965,2.678447138143785,0.41161054315739115,3.190752211629093
1.3823796229095704,0.515702535037124,3.544639581383805,0.8940575837911874,0.5880946963413571,6.90408931308987
1.398310335762595,0.48891807034170376,1.8555750757130118,2.2250420884024713,0.7274987827225037,0.11377717742266608
0.8358225190365611,0.6997818513742671,1.7234764767047221,0.6311864928669911,0.8927788830757599,1.7914546005921443
0.7102383616291719,0.6474263092902268,1.7131535860105738,0.16943812500787653,1.0913093145257686,2.2868753867708813
3.9636170132240207,0.37912295044475613,4.348697377843407,9.807636461135083,0.20820336876146142,8.509216884069492
1.990155555169797,0.45482110426296707,4.426850909306417,0.33968313272920325,0.0865707438573508,5.715081014413108
3.9598102448259938,1.1559673501022654,3.2836141161110963,8.917123290037557,2.2413750210312866,2.4927223604623054
3.6518196234832616,1.088415952870669,2.141307106653741,7.569013434215007,1.541503300625849,1.4754081625193272
2.0814592130987886,0.953223780138372,1.1162109477464697,3.1579930181237525,1.174492749762555,0.35233845599950697
1.544690117870293,1.219633517444713,0.9434112927147812,2.1542278591820527,2.012649387284936,0.9695899442446053
1.3907802467051509,2.0380055222314555,1.156622258242815,1.7245856850986516,3.516797250978202,1.7595431227506566
2.2640057561433458,1.411981798684311,1.6809689140531867,4.021347135269835,1.1161591189843543,2.5834263237019464
1.3454773186421602,1.516335067278456,1.6251478840352505,0.6834024283884241,2.0495314352143814,2.0179064060444345
1.8652671362254105,3.3060128013477024,1.8955133112759777,1.2610254889028178,6.139714749223352,2.5043858747821344
1.8142666895971842,3.1104976018322636,1.46245175860039,1.9319599393525102,3.6604746251072093,1.1212663765549944
1.3231607199382591,2.147752285709957,1.7583101672806354,1.0593050724098019,1.1102545893773423,2.6011677907510204
1.0762819300464026,1.8798496024967768,0.9214004140024645,1.115437765711922,2.069680334987886,0.3103653550201408
0.7936344288254976,1.2764564605916948,0.5617726720493925,0.8018050675033186,0.38977051377163796,0.35487415883093787
0.8657458226751751,1.130142977862624,0.4642357413262028,1.6612897333471885,1.6443360814158747,0.3554613719630302
2.538663257806655,3.9164709694312902,2.097521621474555,3.8019150512053272,7.961491591613722,4.430338474623133
1.1177521119666805,2.592223763572558,1.0814232432564073,0.4501117022047718,1.4609302894200793,0.15816014614524077
2.967688481613341,3.2923633128926375,1.8572304437896117,5.449366698870502,5.252156227792772,3.2340167195240093
1.8751947669834212,2.0018447225309774,0.9221957956920658,2.33648850275648,1.0462516591889668,0.5320261615383861
2.9582992123030505,6.3741781792506345,0.8904549997124728,3.466300626820313,13.527010645009899,1.263840550405088
2.41520854841447,3.7865471938688,2.423915412761531,1.6247205934233813,1.7312904618498497,4.952843785892552
2.080854397071197,1.9570730070865456,1.9424459513179106,3.023866660767406,0.08637665548411526,1.763475395075072
0.8251946686919124,1.5948946998772808,0.9051593600188041,0.03266611700668129,1.7674282991741133,0.4717426290651353
1.5255470039017136,0.9700573133211879,0.6586107062920887,3.4116820511199313,0.6419888249544452,0.6684018050018969
1.0257137778951757,0.6190612384961145,2.4424547683074613,0.08193329972584973,0.0660410977505814,5.062654170142117
2.3391964673488013,1.691060924119795,1.5771615041888252,4.412975470970122,3.439100563849385,1.114241544040662
3.7776199773301227,1.2384258878778533,1.3375253480245044,9.647335901062862,0.6451810534386068,1.7685450730684573
1.6085249489944775,1.934353773548509,1.1909876711716245,0.6964712030915969,3.184655794781698,1.23212117100241
0.7809989993340141,1.2090801033772642,1.1987569298182765,0.472251301294582,0.6799660166253475,0.9510395120305157
1.401022200688486,0.7603972724341737,0.8371625555631795,2.8994343813343173,0.4321530480449685,0.505348459753392
1.4445797898784665,3.294576778550217,1.4339686845910093,0.5834507134943143,7.294367773758942,2.3179447065551155
2.241920728412038,2.1855661236744455,1.7447735961133195,4.013310005885194,0.8977224749796648,2.5334136514852794
1.0160736937033974,1.9166459063172934,1.0608198921370662,0.21704789954796513,1.8394743854223696,0.6428502847034819
0.9756563479000923,1.6946129071217295,1.814384555196369,0.26924728383328744,1.8831221733249957,3.1118970714239533
3.4838828878005668,1.6283609099135186,2.6931796584884364,7.740951837360713,1.6441144546510762,3.8556422962230874
2.623395691871258,2.714253783313925,3.4270094170884264,2.2407276851896745,4.923061851252958,5.0684063094912775
2.4975565377818247,2.274794869368321,1.9124753623714377,3.7531610677507516,2.244423586743554,0.35159555936089376
1.2391291555282327,1.5783966856843017,1.2063295310490967,0.7840991325684686,1.0341334650800327,0.7245919493557961
1.9453336914786155,2.174230670177101,2.248419049517757,2.2570118659633436,3.9665236186267854,3.9372799150912074
1.4332084231763764,1.1401882310621734,1.1700993087132017,1.8039958612113685,0.39949599595144636,0.44264093535278004
1.280462619021648,1.4065473608415169,0.6418234280267097,1.8483944122727158,1.5715636191749833,0.006948976586606487
2.119968024605233,3.127844212318699,1.954150309121334,2.2947594012803956,6.013601485109144,4.093210179268156
1.7655024216761774,2.3309542058079655,1.5356689280450864,1.7130231612243638,1.9637803238487859,0.7903844360449538
1.6179209890089603,2.514527860157446,1.1886234408004628,1.1209506069855544,3.3961934784471235,1.0705697380686805
1.1183564052381654,1.8718739930381132,0.9746935148832816,0.6457142331581303,2.1200954596193076,1.1823874171734976
2.0593769307040106,2.4208523162409183,2.1159937905679618,2.9270535772460016,3.6573141427418956,3.771365950625284
1.6209350288999833,3.5344403861851506,1.4630976835893903,0.5130708881981344,5.782307801809326,0.8246536254817997
1.9217419648323073,1.8263366471503955,2.5680851927862043,2.3576130056400384,0.6374422844544229,4.456437902815359
1.084742130231108,1.0580882336265387,1.8944134282454497,0.5314049992473072,0.37184265140520806,1.919122787870743
1.3998559086049114,1.082789863093554,1.6500208445052067,1.9634201881003825,1.323261175898212,1.4985325123642474
1.4922040263739778,1.6147732530508525,1.1210280574064402,2.7493503887127013,2.420400488108598,0.7879067673751549
0.7702895017452935,1.1421962809278163,0.6944298805904392,0.49362771360021784,0.5154473556037743,0.5586652427483827
0.625828395854619,0.71965017568291,0.915289004251468,0.1236301746090163,0.00821976889403324,1.956643161183342
0.717019516334199,0.7052436942441348,1.0025061655629808,0.28076387795327457,0.8399450142687739,1.1844118069404335
1.9399662425935216,3.282800072125982,2.5580713669873125,1.862793344864332,6.938481545311784,4.82739110324893
2.273946274523431,2.5513530061832084,1.8325655849600964,3.7868723067421763,2.3746736430542437,1.3531257908533298
1.104384501704427,1.744641949053594,1.5401031210258131,0.09208121991530512,1.0260742812060737,1.4340394174978266
1.5571009094408317,1.0102283645880388,1.2626945103795075,2.6496555499058028,0.42781293305289025,1.0781871176373439
1.0459938805345486,0.7517596748203894,1.7888520092241935,0.8350307818644346,0.8803916150681006,3.1142887083717787
1.0705675713880274,0.4089102053821797,1.419789041617484,1.3022008132675518,0.37227228609471835,1.1062112436378961
1.8719408849150287,0.2696938306017068,0.7966835318694707,5.2861983695115065,0.22478328867511513,0.6276195612481248
1.3569288842761507,2.069403638446129,1.7219321060124617,0.8068488975484608,4.744778856669376,3.961450691240124
2.1459989677295503,5.825827594030012,1.447970206235192,1.2522370270944936,12.106967901513563,1.8167851162800255
1.2855917414996565,3.0364565372472083,1.4034008426502023,0.027553763355231686,0.3585271294726051,1.7905767655788074
0.8261195556192154,1.5035467414478643,1.3984453992118688,0.17024171938970314,0.11213050074641939,1.887437977574409
0.8285904191142164,0.9701049625483926,1.6389727968942394,0.5984072929120996,0.800152628983852,2.537660962239031
0.6451086192910007,0.8732933593296861,1.055909578956457,0.05649494091744466,1.238526852767648,0.7510399143553474
0.9942047492901922,0.6199870767297132,0.6787626674281335,1.9959525926911292,0.45837668631302525,0.06886070189558373
1.1671267540042338,0.7036667595224242,1.6012113287016674,1.1116402499791438,0.7174252136961697,3.327715978936401
1.018950414684236,0.47907477787201047,0.8946297213666365,1.5887887914672514,0.4484651273751263,0.2760085997959225
0.9388798020067763,1.3802209634243376,1.4837967235907144,0.3838886612122792,2.976747805085153,2.5589718962588925
1.1551889337479342,1.608971491537977,0.904435250170287,0.7017607567778857,2.493607124895715,0.17180281908985034
1.3486711455346614,1.525496753686643,0.6753204476414114,2.180243718297424,2.015450201379362,0.9409925956651266
2.522358717399798,1.0982859485733736,0.6144273914902255,6.722188171799013,0.9794916022452862,0.13019963957966235
1.2810708407304394,2.442160156118679,0.9530111835460646,0.10346419940695954,4.794691556509499,1.4771833498951934
2.8665117437443195,3.928240304265649,1.3164850180880385,4.421549713620236,6.982192201048261,2.1176437032626203
1.7450844780714847,2.2987231737669713,0.51324964652251,1.7202045828044397,0.38144786649792506,0.3761154934664067
1.128278581180499,1.538468555975019,0.5537637532907136,1.6598571454582722,0.5046623965203922,0.9292446479554499
1.2603762152414073,1.1575856372109077,2.5078427357103013,1.3874088123936774,1.4915396763202728,5.3253744071604805
0.7337122174539581,0.5802758538265668,1.6063603071653028,0.14383876889812253,0.19137175315998198,1.1681878046873495
0.762325998415618,0.5452939333955305,2.0183723742839934,0.18835072172951228,1.1469927541300649,3.244474642780394
1.5449819008842445,1.0109593844186766,3.1099451193186796,1.837146698423506,1.7435492090777331,5.239659599709837
1.7943108689264666,1.0885702351732156,4.580835249213117,0.8339377613043999,1.476596945699969,7.326097903388152
2.9588537461386624,0.7938857445097048,4.041603572204395,4.984299231569099,0.8036691621424558,4.5718890310199
1.5243137195868177,1.0798050422290593,2.461851891675032,1.0437412495474923,1.5637198892403088,0.7637080993752635
1.9222030715837235,3.2241810649645855,3.7622505969260533,0.30929167510138744,6.3786803690348215,6.570719736545282
2.231765779299732,2.030834015369423,3.2135016658197157,2.5085600718351526,0.46138747547536235,3.3468357578092545
1.6126207523425244,1.8388316298245277,2.9480971827185822,0.6944492539113958,2.1274443302665134,3.6301657180295908
1.1891197514378744,1.079909330229498,1.494919872379272,1.490862172380171,0.0887329838301584,0.030578543362673658
1.6525766598512461,0.6551668489144021,3.0817647799958947,2.393549448913991,0.1374495387478591,6.1686401842937
2.4714312927384285,1.063968416192409,2.987620517105724,4.610459397808588,1.6051573839691111,3.010968786902736
2.1958408818045063,0.6937161740647255,2.783797885127315,3.142273655573616,0.221727216150551,2.9217556317400804
1.2766864953933745,0.4069833811742242,1.4477067894316749,2.2562535832351993,0.04520052244503719,0.1700806000671668
1.1096453659546401,0.010408755946379411,1.0673272214090244,2.2765772693582527,0.3763082608151739,0.5294122156774544
2.688248374137965,0.6207693235758394,2.9957556444379807,5.834753448618278,1.6641251493145046,6.55415772263218
1.3565674308267777,1.0050743732389547,1.9338002671153969,0.7014541850473619,2.430343589287398,1.3890044957200696
0.8138662383047397,0.6484064226263009,1.581353720862371,0.00222542606356573,0.4524931317295604,1.0145240227547074
0.992241964473766,1.0169210611953756,2.4068846556348817,0.6347836286486623,2.2068041058420125,3.664423278620019
0.8636927091521294,0.5890131658766995,1.1489176227881395,0.4915232946991513,0.40295084769207007,0.18278464034894695
1.2513209428562653,1.1337995558445462,1.0284016720894231,2.1684402201180797,1.9010265320041975,1.0789372801323351
1.344027317266169,1.0594791571070645,0.7700459693750469,2.008668554180705,1.0619195236573018,0.9422509947597244
1.123060266163299,1.4272417898889993,0.7612038518145272,1.8001527100201276,2.121474437898684,0.8611086137753452
1.4430625786316402,5.095361408014603,0.7454680393215503,0.032753628348681035,10.61784782694367,0.73544937524841
2.0400391261128656,4.933382109585574,0.38170947110141373,2.609635612045055,5.55534613875186,0.4716344400708196
1.3398761397290548,2.5654214422984545,0.3815076051650016,0.7817355760289694,0.008581901623938992,0.3796854673132589
1.7006967624403986,3.0277490786640486,0.8289721109031328,2.1875837849763022,4.333291579768818,2.045559973746541
1.810438404968703,1.6147904579707173,2.572942975554355,1.6264686655703757,0.13760891099407474,5.036385253325343
1.6644964167885563,3.2468580995059564,1.90927048669204,0.8393235880046686,6.117198727441798,1.4220180973158676
1.1399350835311286,1.758570228308941,1.3900234353721814,0.2890720547504648,0.6620859052652193,0.7075712507897876
0.7800425506057762,1.1800957521308102,0.770933416132153,0.19835687861780132,0.9626463660030249,0.3467082439203524
1.6596801239646701,0.704645369591779,1.7153983998195872,3.5618566739240607,0.1922250545846035,3.545601043136525
2.6407917728649535,0.49536687756924574,3.4680635385638983,5.011791791832372,0.23818148690730329,7.115145020609378
1.597449699944021,1.2156913842635642,1.8866112196020515,2.0984334542304595,2.594667249082068,0.8589687544039604
1.339722440408532,3.057328243067843,1.2915384651284312,0.2183669942528482,5.776708076662627,0.6876596664944102
1.3736455303947208,2.2317047623659287,1.480706325869056,1.0284200785166,1.8870592034967222,1.8400601940620782
1.9687049403446006,2.14098628549746,1.9339407673720892,2.6108242588209807,2.5165061317640345,2.986236168629443
1.911062786856588,2.179803495663921,1.5706862030802342,3.0266278005811382,2.870714979697606,1.2154176933236651
1.0609728996011611,1.3119067525617865,1.5621626442439818,0.25162224955758117,0.6098308331530354,1.9888999904328757
0.6200169821526064,0.5015227146443224,1.8729539141616385,6.143863443161899e-05,0.09256883727958702,2.521432500483088
1.6112234601690754,0.3773503359485285,3.42712313186258,2.4905415317052366,0.0037489993929705617,6.467587484283761
1.006433490552163,0.5879311869587076,1.8065678188473986,0.8819654414957635,0.8635646243494639,0.36073652468071876
1.8270519939552183,0.6964649695427844,5.658191036737791,0.587350207333354,0.5527306401305697,11.891066512484443
1.0249161974578627,0.3814715952928535,3.186627555552137,0.025962728569670773,0.12868822684354764,0.995676173723809
1.4896156065615394,0.4526554130056567,2.4282957069675466,1.5543597713604989,0.3957517021238953,2.5689211417387376
1.833630904778835,0.2510154288569128,1.84948348989189,3.809642264502558,0.265917737707529,1.6992014504329849
2.90761195142658,1.9828940865020281,1.4667132870229314,6.322707139547448,4.927348457735649,1.3336673432353197
1.7926350773847473,1.1250920277702092,1.7929086553774733,1.668246492189989,0.3022673026811702,2.3951557161805144
1.2157730470513053,1.07079810843087,1.3359500180339619,1.4449926798445516,1.5428595535576435,1.007547262647687
0.5598901211588654,1.142502094141494,0.80065681378404,0.17778567818186025,1.7984049188054245,0.2696014960290271
0.9665968442100868,1.250146274232799,0.818050005109947,1.5920118855067273,1.5682869709516751,1.3423541338862488
0.5816856245120596,0.6188812255620119,1.117644013040823,0.9560041158162004,0.2086253168506901,1.475937118441387
0.9818649201347894,0.7813136560205102,0.7261707540495806,1.8685799050783294,0.7677938505003056,0.45104814852372654
1.149602328028711,0.27033427342409444,2.4202298568393887,0.9844210885223578,0.10526276258628489,5.485884510319713
0.8658479347697275,0.692254453864452,1.3358446475396484,0.5496610133267895,1.0072694609668793,0.5161834906603631
0.4690610835152931,0.6300351602189185,1.0120250009046905,0.1995639322098422,0.4179856221388208,1.052648871438337
0.674425993064298,0.8881012449638493,0.4959471446095619,0.756434777625117,1.6493955104720865,0.3366708885042914
0.47391597813639064,1.3486747776427022,0.9757163193942869,0.2032789707668261,2.3605672036189214,1.534865120473431
0.44248892547328056,1.1752073335675524,0.6262981317638511,0.3893477490157806,1.5190862548303437,0.7352915454487831
3.212339379518821,1.2370788353670175,0.8772274140733398,8.73800895711178,1.1391589602769903,1.343838276462394
1.23891445048996,0.9410493671896791,0.5293090788665565,1.1743465110160978,0.9798688151820645,0.5087961408224013
1.1464536998826296,2.102219206406568,0.34779598003574314,1.5180260348042014,3.6864226230663193,0.11055005975789065
2.0345488048245564,1.4596219105001011,1.5362706585083707,4.136900792250696,0.49530302863648545,3.0212373484592003
4.3254477979151345,1.7538131245577224,1.5503094788864096,10.838215058975361,2.6501602651169587,2.049346529345888
1.8688600884742965,2.0986688552907227,1.072645876021588,1.747969035560285,2.8333613671823277,0.8332726156414141
1.872826356295935,1.5169309573446113,0.5217880154203963,3.347673644440077,1.086697655980066,0.0973182173480339
1.1464435805402156,0.9118238147346575,2.085821972235218,0.7918446443525972,0.7056521470636149,4.013498645392364
0.6351012178784443,0.8536453798186001,0.965136430139933,0.7298288982403296,1.2718009329663944,0.37216525336264444
1.0928987520121645,0.48226510476413936,2.566374290635981,1.0306840179089842,0.19569743529750602,5.339839537681119
1.3197710470571986,0.32574087541869623,1.7743103235417523,2.2325788005109386,0.09403653748852796,1.3024578281393844
1.251229848178094,0.0889124977912428,1.1167040730246873,2.292613748712872,0.23667357666495628,0.8322030795720737
1.0249731126990689,0.46375681072801833,1.8060934295998305,0.7573720829147271,0.4144051516604883,2.707727736465091
1.0336634852996527,0.8392531025141672,2.724211142837088,0.2859169171018889,1.4030718168656613,4.1885322671069165
1.6010683427191703,1.9221501684975328,1.7437406675787204,2.0014994096702523,3.782761454106339,0.9263374844525589
0.7647467338634679,1.1613063971153483,1.2383232107094173,0.2746792401703987,0.5374388950632528,1.046281462641324
1.4335202104036215,2.6734343192397043,1.1207943207914517,1.727835455255585,5.4717271869917,1.13535012132563
2.379054747604694,3.8745450325681405,2.6546037635120427,2.364566975087965,6.1980968245282675,5.110393734380196
2.5085422745557073,4.53936625725202,2.249563381943237,2.4120264116897925,6.383718407572451,2.358976631755052
2.358128933145305,3.776684785039466,1.1553331010222432,2.800560301118025,3.63492682259825,0.5690969533791179
2.1668448199976647,2.2476388495428408,0.8426523364635374,4.124923775796897,0.9045633207756697,0.4091335891562556
1.2757081644535098,1.272846114011196,0.6216369803025055,1.3861303357053123,0.15092158191450694,0.5236847262678974
1.2754816922447423,1.1430484952925641,0.5408902679572669,2.6205133406482215,1.6824534026957112,0.6118655877387443
1.1198876109556188,1.0593991844031228,0.5274514945367588,1.9308187606479257,1.6359766299106713,0.5232061859324714
1.0672492532170024,2.1622600640506886,1.127109148518178,0.4131627779968365,3.793916890662803,2.1488529583803904
1.40154606194556,5.526696287097372,0.7584141015291634,0.052050772660004616,11.038452306671918,0.24644600996919525
1.3298023142157198,3.237759253540367,0.709821264803126,0.6696630465509614,1.4191926847895218,0.9799506520734975
1.2170641150897346,1.9182248671817799,1.0702961100866495,1.1705011099140665,0.846863179286112,1.9619442489433556
1.1748469040846268,1.189365162621303,0.9742411188897155,1.9199938907486236,0.4113483455902255,0.6874045479706571
1.6985906464880651,0.7636628621359761,0.5563071270362292,3.7936977833126817,0.009622761939351973,0.1350045046702052
0.5808341599872503,0.859541672948726,0.186621208828388,0.4369233486150885,1.4230854618612856,0.17073220315044862
0.4439930541384928,1.2040767358539062,0.3450930994843717,0.26831984283982896,1.6216944394829438,0.2692737813354522
2.7930089958502724,2.0006018045412746,1.553434242569934,6.619787569969955,3.4852356458702323,3.613864287021202
1.0970016118665435,1.5372624516346594,1.5385209404511446,0.22867820421549734,1.404686542134691,2.145091030246194
1.1385682921037543,2.5786219033806272,0.9498510125826723,1.3020577624235352,4.965059322116163,0.13339617966499095
1.280551112471472,1.9568920073276115,0.9152695475214383,1.7616721296478828,1.9781716985517581,0.9921002394472728
1.3494964995898167,2.5137242177355255,0.725184825807546,1.5590422672726518,3.6693703277125893,0.653081914841413
0.966159143317218,1.385236580972743,1.230785609205243,0.1799197817926106,0.3210459274274279,1.725690041433726
1.0718041392876774,2.452413160386074,1.2351140280121136,0.11743507517392474,3.8666847352474236,1.4796641134321067
0.9222351946791318,2.1885879108434274,1.1467763038760852,0.22294369810262302,2.248745647399105,1.312180780806918
1.0244850405687858,1.1132411762872811,0.8483980288294303,1.7617877361877665,0.3732207591728149,0.7552496518172483
0.8816534181492475,0.6045607873259856,0.7489103547545706,1.57203817632581,0.4208583407755075,0.2965355045607082
1.141386109745014,2.3846221003230736,1.4500877957288805,0.5324695497722591,5.220956590338345,2.7125112151187634
1.6790948915415427,1.2630452438707442,2.3733883510434284,2.030974688316776,0.06549139252393438,4.238141309975987
2.370642167926132,1.1014846673727448,3.621439036725184,3.4303470196931367,1.2417830637526415,5.7702040670132995
0.8870145877434183,0.7794611772811829,1.7444319975157445,0.08493619689286841,0.752226120305109,0.1208146034181786
1.0637645926775243,1.178893411447828,1.9450196101359225,1.378828088975233,2.1877118761080774,2.693445200635038
1.8172257953055224,1.880802579830644,1.9710823274933964,2.3379219498019843,3.6605356292120623,2.592932611708876
1.4242702892153256,1.3964353710075155,3.281415816436399,0.5815388055631174,0.8937561843209514,5.879067397035071
1.1175481626531105,1.2611290423135257,1.7544747408682235,0.7356766328764053,1.1133973991854405,0.5831515381127107
1.9385034764876652,3.7941733428428472,2.150320204492188,1.901960548155598,8.025652785773515,2.7109797636671162
2.6612353933949455,3.2239342698458993,1.2205791608999768,4.564296577655907,3.064180833436427,0.1123499360799298
2.4306679252474783,3.4039191444348127,1.7419162127757535,3.3206669960775943,4.550020221859745,1.9952495333623768
1.8135893561169532,2.1365741146033,1.1163730920786714,1.7499627639396607,1.1552212283045409,0.8641762243721655
1.8222010816245462,1.4382303448968972,1.711508646781142,2.6203096684257834,0.5333451943965835,2.9298912173911855
1.4223871691984575,1.1824689601626779,2.5560895668324983,0.9077014893743982,1.0615923126288724,3.979995784514689
1.4951566173711386,1.5418474299084561,1.716394640738588,2.0486737461892894,2.5182094950892293,0.9076969930293284
1.0310641737444213,1.0577500836238876,1.4896921119220312,1.2553991122923591,0.23178805279764286,1.4913502323406944
0.7150071030405789,0.7547835076577675,0.641837721921493,0.42128438108822697,0.6307071236717124,0.24977556976120027
1.088030866339297,0.2986654828385785,0.7575832903179951,2.4195678047107596,0.09551678422799818,1.078817051973076
0.9202313349657621,0.6652214580070117,0.5635251236840889,1.625955490016639,1.1324925262507624,0.8950769995335179
0.9143639929398685,1.7809640904126456,0.4353731591741261,0.8882712809725026,3.5140870358950633,0.4045346182165616
2.311619581249916,1.0138216748763733,1.9626340124081036,4.845874629137138,0.049945864763508666,4.497683475485379
0.8301757404693517,1.383827417937176,0.9321060699887271,0.04231268667938538,2.2498521191156224,0.32054370751775424
1.1615956880206586,2.901880323044816,1.1471557185517574,0.7589315322466583,5.3911331293126645,2.01977123369234
1.0897651304262201,1.6002938331926653,2.326158705274999,0.11712646615524237,0.5408054126199079,4.417145027234402
2.100373251453811,1.9635544489162045,3.1749632261463994,2.9093803893528714,2.3659551150555984,4.860122962442492
2.549265084458816,3.8857589176804517,2.7035959671369487,2.422044883554692,7.385927655663751,3.1523902538532504
1.8454130967252977,4.416677414878674,1.429538298728323,0.8049956858031401,6.5550267899598635,0.38751208543219834
1.933660856537717,2.3143012656884725,2.0219360269058075,2.2519437575405252,0.5355737826140039,3.401258673291444
1.1611455082804034,1.3207038931090862,1.2620612402924216,1.008154312617058,0.21145684045742544,0.6474886374004746
1.6605029496663863,0.7395252066711427,2.7317670429485617,2.823255447557461,0.3210008487974156,5.112324864863752
1.5693911231701625,1.176561078457416,2.2993655523439034,1.2109454769277448,2.4215629850671863,2.46945986098554
1.3826884379481232,1.5437378845858731,2.3946227474776243,1.0630083437653235,2.5874950859755286,3.0767249913176804
2.6149113018283927,1.8125713129541001,1.0233583215298125,5.458442943068541,2.243167620384954,0.17773336528751832
1.067052106633437,1.265904838326012,1.2217181021013475,0.5777097862495095,0.8191823806065535,1.748211877301079
0.7703816365926218,0.6120714978587959,1.8682930963653281,0.2566836833282288,0.37212173403640764,3.4423275871017656
1.4329609436361124,0.9631657542855266,2.6222801149307453,1.7567528648552402,1.738628670565908,3.9550750656537197
3.0177226476746735,0.8479963405571914,1.4322631171858364,6.968406749536393,1.3220588280305798,0.058099175577767725
1.8988613972900794,1.5194071557036883,3.071459755352596,0.9491134416342683,2.6100492841226246,5.598990395041378
1.145636774641224,1.2547676955480052,1.668282230787455,0.12808904875619673,1.1645003225929496,0.08861180695912511
1.1211327144754857,1.004330165407808,1.551485114819385,0.8289267445893215,0.8269129927856638,1.9065250857185065
1.174984274641546,0.8238828213875604,1.4523590887707944,1.410162839568141,0.6948035102156016,2.3643412674175575
0.5168877125278178,0.6301916051033275,0.6461797574940025,0.35329061038668846,0.4751704645197225,0.22711087424262358
0.8436606404983323,0.5527164917275377,0.402132673421044,2.1464869396002726,0.6178015470423722,0.09840541628729775
4.224786204819743,0.31422813741579364,1.541399703352323,12.19310709721432,0.19926598487743838,3.07341750070414
1.5457239159456462,0.406211980175883,1.2905826821099124,1.202009392424185,0.8519184022657607,0.9711951702133526
0.9660211520925215,0.2056922262725363,0.6863943889804988,0.8761684168737984,0.07451050159591797,0.2265894060746911
0.9205646239130564,0.29924814401202304,1.5395103833612431,1.0239998487558426,0.4126069080338356,2.8765890011599144
1.1655558464798514,1.0658098125977433,2.326025922793149,0.24466564188946968,2.746917736225625,3.7831119208857023
2.1328512420351378,1.0211544350079538,1.7247705769390025,4.29584511282517,0.7874752552661352,1.7704864201407313
1.4853577699524572,1.3626962971575518,1.0211246808199204,1.0716909028020185,2.2066689431530975,0.35165372634243003
0.9926319860176183,1.6926363083190983,0.5832829145892778,0.9796761929882843,2.5237983831212056,0.03067904540468762
1.300023236884241,1.5476406807538121,1.1914476912500689,2.1557982281535515,1.7406536046926038,2.4133026520753464
1.6228679331450493,3.2587265772703673,1.302743456738674,1.1669124250727005,6.373676184042737,1.5976362657979126
1.6559704487922653,1.6411581522286551,1.5913122823621046,2.089575174198686,0.04334607876472648,2.1042045396540976
1.3321465322812003,1.7478698478274448,2.2008002851272614,0.1268303902214782,2.683809831568993,3.355269382483823
2.352137711618175,3.4946865944206684,1.5304767428361623,3.3610446220176224,6.37798579791344,1.139127429253118
3.0256307359933112,3.2676284483282387,0.6226668990509324,5.643690807170789,3.9649451764821286,0.2659555919659804
2.125705459823025,1.8497462540233227,2.568064438457622,2.092601726612184,0.3675877405634909,5.626264357471588
3.080499516096762,1.252870900570541,2.037397702514736,6.182985979456845,0.7914859617860964,1.5760682597640265
1.1452869546685207,0.765101822440888,1.6849169394034267,0.3284108531283636,0.37857594775877995,1.9105523646681577
1.4232954472245094,1.0903377187555423,3.048699940951518,1.297939810195856,1.8391340050583898,5.4184446621089455
1.8551303932515684,1.4954534894161737,3.599588166201544,1.841635596915969,2.4908954543281423,5.364287080127023
1.519804520698781,0.8226451055824279,2.2767420892556762,1.7432880295003266,0.7627368661936466,1.6977063031830544
1.005491839766669,1.0123736844238145,1.1440681897504843,1.0265297897039154,1.5509133982835193,0.7065370041150006
1.9421710035446875,1.3783105885719429,5.304443491427802,0.8252344755406937,2.3483139606630714,11.69551402391618
1.3666081821435847,0.9755577921717405,3.650630796872532,0.2712363312440897,1.0940797526273012,2.283981909588969
1.437415112135586,1.9574197342774415,2.398023149787566,0.9943137713213623,3.848510071828811,1.0499730923322816
1.3266391504421637,2.105800407697732,1.995912107064637,0.35505210351427835,2.9528752554132227,1.6412194364634405
1.6144879331566342,0.8176197040692117,1.3370122340868837,2.6512692793097323,0.13370221308739433,1.0751403520398177
1.0944821562755838,1.2357060659862156,2.465967381186621,0.46848719780072323,1.9410994660454077,4.383969400343579
0.8006643047080007,0.9475407589993043,1.658644065627181,0.12070059262386842,0.5366101850814564,1.3174890917088924
1.4639313044683981,1.148147918887286,2.2052525758524,1.6075593052587687,1.6307121829405435,3.469190371931464
1.8318434490034146,3.0417807720663133,2.6419422567415705,1.8088712282005444,6.2879283309029645,3.667367865275284
2.6590748201679903,3.1184754242024115,2.7711055858204956,4.110092073748675,4.224954598081695,3.4783227031673287
2.007179622167679,2.0611834353208023,2.5417779977527006,1.7206792628377676,1.0367628713594543,2.561625715387615
1.5939174780353842,1.4852181478665196,2.691192140466619,0.8477088815454528,0.6892495603235254,3.8603571192099837
1.823758163751653,0.9047634217308734,1.7070294551994691,3.2492237287587145,0.5342058840342503,0.9795298626809978
1.229475928290452,1.2818772967240004,0.9031025796149622,1.5542705258093839,1.520775475450132,0.24357429667273187
0.7825546807487883,0.8968352653848635,1.8231942803269474,0.16519923092348773,0.24263757797388882,3.696078194183722
1.1903361005287216,1.1534747129711138,1.5418327149724225,1.668732946149207,1.5937957991751872,1.3789814099931894
1.823902853233352,0.5729866874512357,0.7826171225825513,4.772336605846908,0.002669059158794543,0.27250110387152443
1.0721372151768234,0.6768433207316947,0.4869534480369357,1.0093976138574237,0.7826795759002777,0.24504165749837586
0.5299163921761895,0.5120775198114563,0.2734533178079891,0.7028796334648795,0.4967542996130042,0.3469037634598752
0.9497443005018942,2.942283949441527,1.2762565945653528,0.30973060325925683,7.096065067917202,2.780389994776523
0.9880859910188553,2.366648717002476,1.4615928608710482,0.32844198244993356,2.5983429908705586,2.4816655484880883
1.072814923945603,1.5622842441130258,1.0802273560102773,1.1339860611906358,0.8604995947963111,0.45585666073041087
1.4203917928529872,0.8974555468151302,2.1762558364764497,1.8110964008861667,0.19488409160068815,3.7536338951711565
0.6577809765469328,0.966855628323614,1.305068682141062,0.16810150285514008,1.454651726192393,0.6606080260520432
2.3497461189908457,0.6474525064224338,1.8523988583227247,5.612492519935785,0.4801925841763299,3.149933684640832
1.6953241375599593,0.9022568274192149,1.4593283337269631,2.8140851890740977,1.5375938019869169,1.3420118651751782
1.6377237434452634,1.8445584497639818,1.8216454032311649,1.7667949817834774,3.608016611894396,2.6301713889304055
2.0249033478424385,1.7211794558692746,1.103716671158892,3.5256289448937608,1.9131452867257361,0.9605529512566575
1.066559099151859,1.6445529045474103,0.9549262074156297,0.16716925216108433,2.009088047869606,0.8527869647495224
1.234578137803632,1.4363726940271127,1.823059428837579,1.2957315783879726,1.5575421206851516,3.682230533563372
1.4691674733911162,2.612890052002923,1.0439220383780197,1.9890079984897704,5.241882555104553,0.07188088763780348
2.8041659574524322,3.212842401943653,3.639415953277371,3.528127981870848,5.373634970816719,7.356824633063273
2.5787084263619535,2.2070298147322776,2.5853827341297286,3.0600482823770996,1.4378458834896028,2.0892686844843933
1.32399546474274,1.5389176996034672,1.7752002607005368,0.648883684960762,0.7298736364030667,1.1329705163194734
2.5144232294300695,1.3404803769347882,1.6427889244205944,5.656377740795594,1.2308432556207047,1.978016049136542
1.0573280727730658,0.9538050451558829,0.9858914556790026,0.26556812430445276,0.4129610875768013,0.2619058884122627
1.9208316834350343,1.2520026690447708,0.9123782461824986,4.1610221247649495,2.0230955604294536,1.4433091872191388
3.533769763543481,1.1886034312041824,3.7966747004582606,7.076802420323532,1.3866637383566094,8.412187328324876
1.2501321218454706,0.6621853906618905,2.0602659089816813,0.3899712733624854,0.2180689077634643,0.5364634270607692
1.5022687350959147,0.3545909085453235,2.007256793582197,2.5607436691068237,0.44041518372739946,2.5622700444552216
0.9135114747726665,0.6082910860461859,1.4410092858546089,0.08223890830146617,1.3064378824459675,1.1417577737484133
1.1553288722769195,2.08127555661342,1.5414596428012082,1.0398095130800227,4.371186797955912,2.1137403704464695
1.1644502622753075,1.7415682680532871,0.9127120782752705,1.452511745116336,1.6712228566543088,0.4585426473709909
1.2689406186868049,1.8668607561802149,0.965291161390451,1.7380760022316515,2.288485401545562,1.2715119664099723
2.9653282749375687,1.1120396545694213,3.4827650436025417,5.495784359757096,0.8280892636178883,7.833338953077762
1.880307932034343,1.2994060166384565,2.0083130114877403,2.231012506695971,1.6945155565874295,0.4345395490722809
1.3158081327710471,1.0959403298944985,1.680308315297463,1.3127741815146354,1.1861687073122127,2.0236495266309404
1.620476857034688,1.262007613420537,1.412657845172688,3.3180446646740895,2.152507699445374,1.7141471354967113
2.556919523108152,0.5519874448098341,1.4380905166199653,6.012891757812204,0.10379867404966764,1.6650556881980918
1.0227458733595787,0.8788267878902963,1.4431310560422084,0.04462649584848536,1.3596731865194143,1.9096644576823758
3.0195200248855616,0.7332318942510215,1.2564783262160517,8.093541389859675,0.7019328944623793,1.39526634996019
0.8878040171708166,0.7804640475916704,0.5803650192199372,0.18013858051860843,0.7895995548009331,0.03415142793804633
2.2087639881046184,2.8423824988679436,2.124340436225514,3.3681804575576075,6.484157462594647,4.607107353101734
1.3430753078449325,1.5349005496143964,2.404585104388097,0.6579382183731813,0.4034854152405372,3.508682614974715
0.863529654690308,0.8650990338882374,1.3429837310897195,0.2835411294480137,0.7457400514618466,0.38272705921126493
0.7757208386915044,0.9563254997864972,1.0941821451297544,1.1591214844976143,1.426261357406498,1.066391892632044
1.660005837626395,2.0051068533232796,1.7680502978216415,2.0654051754475944,3.975942148648847,2.944131391521918
1.7638400679108244,1.5872208816703886,4.064771956270199,0.9591444290619028,1.0780047153500907,7.830287277816001
1.6382733740715143,1.9295289264779272,4.555156866706272,0.11222114357629706,2.7241034527822774,6.037471531137392
2.396910892687895,2.4338004478609228,4.133257462176242,1.8298889752290728,3.8810865281696323,4.59239506743673
2.656701360269346,1.5163911616914583,2.1944777576480217,4.653822705668396,0.7421747715228291,0.34483884382610547
1.567765994339328,1.2893847020888787,2.9557025764949056,0.9664707388183561,0.99763002669123,4.917895575256418
1.135764108259287,0.9807764517438666,3.0386144140938693,0.4875416200094418,0.8818412549243245,4.214775455206389
1.0461831022712271,1.8984366330233775,2.054003951877791,1.1688630447439305,3.577796835299374,0.9462567280292972
0.6946850601216257,1.0408571216606333,1.4483872535009215,0.09914263158030373,0.09072051615885128,1.0034760643738043
1.4985807271401412,0.8051202739234855,1.0814183166542046,3.4350218124098757,0.7375560368995469,1.2320349811996616
1.8664359162469428,1.2062478152317848,1.297251412038257,3.5013211682372263,2.2751754631987926,2.1352486142426463
1.1918747453737006,1.316021737181822,0.9807158393466124,1.7734661089248769,1.6668586144155488,0.6044698832212958
0.9919470434020641,1.1938296358188254,0.5704783951100401,0.8711360435225806,1.1464284150630237,0.04643168745283889
1.5250431956253487,1.212387551023741,0.31205329591867825,3.2167106417535627,1.5528324926269772,0.30450718493211915
1.0689486639160632,0.8374878264941921,0.5672916737385569,1.6179558578874482,0.44025766486914697,1.1600509889829471
1.639175888354554,0.7933212413961016,0.4640317860263965,3.4966220481978527,1.1267538800451502,0.6625785770566818
1.3864694218007871,0.8371077622227193,1.2892657794691167,1.9964054977277614,1.3931179248540748,2.892229381738964
1.7201379170589512,2.1390298062606754,0.7318329655919712,3.06871165245739,4.629095157229974,0.22564338572915577
1.8495478944701502,1.2471356113171783,2.279866787789613,1.82540930518779,0.6044686570288269,4.989071132049206
1.9068090230669372,2.154366690150449,2.915208037927627,1.0693524982577571,4.047309947272686,4.513831586250559
3.286986698549756,1.9764681974109062,3.4618110951257757,6.337594882863896,2.067005740692852,4.788453990856807
1.9420412879367495,1.0863020012191773,2.9265136965148173,1.5579061683206585,0.041101109226100496,2.691149532958197
1.7098662420093889,1.5728745891738687,1.3821614689080872,1.858192337963699,2.5792889720301577,0.2263373323447581
0.858993083165131,0.7777500299347657,1.1743176148026175,0.4981734670821448,0.07239847014004436,1.1529964959359247
1.906985667807313,5.0649225018527275,0.6839365713931689,1.9651323982046287,11.890022270657596,0.28175748668310424
2.4783310262213365,4.313975978637051,4.004714050312733,1.695431593007745,4.121423099548973,8.796180779153985
1.6754968274616788,2.5154121038446964,2.453965036427982,0.40873780133903187,0.7057749581522403,0.8100456820413643
1.0068335439396683,1.4027587021730539,1.9743925564559266,0.12287248405749311,0.5952257203216282,1.7605471251948053
1.3025522799734586,0.9649825825857833,2.279586268069253,1.8544977053136842,0.9607256647168776,3.0227453738228918
1.999066356107589,0.7557907047492595,3.197180479199979,2.8852407598432426,0.8806316988056956,5.066919006721904
1.5622872837560964,0.7749359145521659,2.650156593443085,1.4821611815681837,0.9315063692280537,2.8174703736718754
0.9677257097587688,0.6700082512841774,2.1747923701428062,0.514364255753828,0.7662623924338843,2.244808853027529
1.3506390109704385,1.0152923078944796,1.5873959741625445,2.1963566258566187,1.9411422656529584,1.2546506491409126
0.7015144295933473,0.5375247283356308,1.6124535073374688,0.16699307154142984,0.35888420573614555,1.8597660486916876
1.1746629502642982,1.55754285105817,0.9371704296748925,1.1661966818636078,3.7413624126460516,0.19779358751915813
0.983457125185426,1.9637030543875686,2.2959090614427975,0.35673897319889397,3.3469129672055384,4.306995138005644
1.048445284941123,1.387576045604164,1.7787356741494824,0.40780728977822406,1.2943723450014781,1.569548461736694
0.9282832922195193,2.238515849617233,0.9615381988500432,0.4520302134673321,3.8309748129535595,0.08192536390533302
1.3557375730439116,1.4217093155412148,2.660374633673316,0.9778251461834561,0.5677654516510746,5.049011925673398
0.9533081999633234,0.6231458186530665,1.9877743615390229,0.10500954137404687,0.03544311807936528,1.3439536205990519
1.2209911801582385,1.1174473092342871,2.5909675829922714,1.0143095422915185,1.9310035756187724,4.058853079647559
1.2533173118075636,1.1443161972649596,2.6629991656600867,1.4336811182721734,1.224644291376478,3.8882548370032746
1.2084344895446686,1.196793745784538,2.588023813811111,1.3205635662165136,1.674795275487175,3.3829407274558134
1.2354085227021512,2.4596796072380562,1.2346449185726405,0.9650727959487726,4.5920018131684595,0.1267381848686392
2.299963649817095,3.9416032293122227,0.817930021224711,3.6545238759782963,7.008160176980133,0.5675571232772647
1.4651826998883934,2.6117937140801333,2.043507531947034,0.31407195892211287,2.0127215988146463,4.167668309635846
1.7331681817519908,2.5509938097743503,2.7315995529792074,1.4092121423115367,2.8883181038500685,4.585092424243762
1.0820876681962486,1.4422110004799469,2.1080452899269173,0.1280989709773141,0.1750596048515665,1.2252326759105876
0.8025788843850085,0.6522900909545106,1.5758845661876402,0.14762826208784324,0.3504112739642504,1.159785094754474
1.0499711029051557,1.392137528919067,0.8599471313739626,1.7060021508484982,2.6425479493434407,0.38508474498972933
1.5708019881559594,1.1295694191151555,3.1317934329317114,1.6695063988829757,1.1290346591339118,6.909879261922665
1.9723927272297759,1.0370085714629769,1.754967527977804,4.208017934861908,1.1810558107980045,0.4794059989771944
1.3513574440689897,0.8369406080932906,1.2801913040115718,1.6323192721278295,0.738095723637503,0.4237564489906468
2.723533722132833,1.0789371599652369,1.4708613352822844,6.427329870575044,1.8697058134358842,2.1619119858900113
1.1464952847477852,0.8334652244979054,0.9869074549770305,0.09984078691583852,0.40953939192453415,0.556372740679464
1.0260494287465614,1.0288416657328692,2.8756714276519095,0.2062985573367592,1.971904864564781,5.586288649410932
0.649330328805696,0.6271258842186732,1.480190955956098,0.09013252232001011,0.38183404148370526,0.021933825336766088
0.26285372498421494,0.45774740974492345,0.5301977544406228,0.40981383422204104,0.13190791884314096,0.011539752179729608
0.7340785288372604,0.44821588474973517,0.670208853918969,1.5585874382785216,0.8020231457660949,1.4058973227834772
1.091424589796809,0.3283461793636957,0.7084740141638072,2.0745011369763393,0.5256936509882778,1.3391053068055214
0.6130030605522455,1.9660475893000606,0.48569394438733715,0.09331371426792875,4.396299504371016,0.35673243151994
2.153595772458847,1.014654012047626,0.7832601229446943,5.836464601468577,0.11304219507183126,1.3644918830168717
1.8391969946638986,0.47357831601746336,0.810884067347495,3.6924149635517485,0.3886595981898555,1.060904290717334
1.2603869995849886,0.8476003512701594,2.1337128372511134,0.7036946091209195,1.5913328311094386,4.4205501883317
0.5954660047159112,0.916750949793812,1.1174973693609147,0.16065847959723786,1.3119617326621087,0.018594007473892938
1.1030125890368003,0.3619124767486168,3.684420419167679,0.3723870621674786,0.09387300511119845,7.482013985021156
0.9519975309095993,0.27856665246528167,2.465839829119618,0.27151210498967454,0.014557709441151777,1.9584225348910385
1.286082809234648,3.72703807006719,1.1734108656372206,0.2631438371228678,8.85705309641439,0.3293800884906458
1.290706262664834,2.760353598112199,0.6953212314597167,1.4619543472751453,2.15077633894193,0.0957771704312593
0.8875222872986226,1.9104575014422898,0.9438726087716476,0.5643212010594189,0.9095401218569834,1.544838224471941
0.803924007563955,1.5789094715694847,0.7184108054755816,0.8867692519376058,1.2713883336320873,0.5354717631366012
3.2174230249074793,0.9108413138421076,0.5041998456572825,9.113776184457235,0.6199920285561943,0.7166827690776825
1.6983837896745877,0.7802265450649758,0.34960962378353616,2.3060160376435577,0.845854730517824,0.5624251956351608
2.5695349595697645,1.1500085944489062,1.0099256556293537,5.951101281159521,2.0941915018312467,2.1006291404461215
1.4638313733623194,2.3354493249742725,1.1432001388327806,0.30760011101690216,4.287948159673737,1.6127614910623405
1.0692171745605445,1.533903136644185,0.6762228077763606,0.9629850688540578,0.407000557451146,0.16236463119068176
1.3514412083815155,2.463656610722175,0.8595057979764994,1.6181569782139775,3.669686857443055,1.4953188083978088
0.8739372159742477,1.5678842397526904,1.5773272027378986,0.15972791472624923,0.2592076700715236,3.132658817346873
0.5340905834406149,0.9224443930654793,0.7791693949352896,0.00839247104463667,0.48412330998393754,0.16936184192482479
1.3601049223561656,0.22665016048313547,2.246594661863737,2.219959308891726,0.07576781329803636,4.409809561628009
1.449986112507217,0.19344952496315562,1.7586253799378653,2.05343655321216,0.30353472259400305,1.726953773097399
1.6910910963635655,2.135553867114196,3.3072837514462394,1.0579412054399708,4.98514742461527,6.016600613726016
1.2102937535572507,1.7216958477072886,1.8582737456242036,1.345293813085144,1.230294642136757,0.32066902878212594
1.8452318151031173,1.0802294023998853,5.074401341837035,1.0738019691807457,0.161695430396764,10.092006674878272
1.8779858348353675,2.9945434469528585,3.296337484221664,0.04859572296171013,6.424139976357333,2.0671826389340784
1.7731155834175016,3.3385568111128263,2.228198006325073,0.8170544017175703,4.223802326326928,1.6763190821913176
1.2427329640400857,2.761614048416123,1.8980285628611222,0.3897980582094168,2.81040414822674,1.448366197742759
1.452151322771627,3.4002776774988357,0.9683822696165317,0.20722229139925516,5.42028854270204,0.047877258665941023
3.206337470607596,1.9768537214559432,2.7930731583054347,6.280149339327966,0.49725459442769915,5.614830502722703
2.1164713882111594,2.4233383529872454,2.1534248291385243,1.829382648428364,3.620286353777449,2.0656180451203494
1.8092301760864904,2.032883663074676,1.3479809603374908,2.608737875791016,2.3423091660982163,0.19219924856570758
1.0901561165818372,2.5797736574867955,0.6546371951224508,0.7577351876481495,4.0767412296513035,0.04234956394076735
1.1238228294761725,2.38249338862961,0.09854296007727942,0.9989378105342606,3.1882275161333387,0.10423703639636643
0.8118763211157425,1.6151247391494474,0.8004979213733191,0.5407952756893024,0.8508103830230884,1.8801208285815034
1.0412539526063056,2.160066339291948,1.151981670880585,0.20398941927636227,2.9779705490533384,1.9039156905495866
0.8920086644450079,1.3438189022417408,1.2241736370308665,0.3945414110476706,0.6088598846668122,1.384963970828366
1.4794516385956746,0.9739195892928548,0.94226058097118,3.1941695086596855,0.7967570438434902,0.732774831478019
1.451522830107654,0.44874380280262727,1.1903570172815987,2.263588368822698,0.22836690761453352,1.5174748306647403
1.3966325835862372,2.280604480291743,1.1486695588737506,1.583412318337563,5.469094823400495,1.4525883272693314
0.978735616684028,1.357858401996492,0.5025792048085799,1.2890564349149425,0.6878089926525137,0.03921303520208001
2.0612113661739904,1.236346949461591,0.45347168343228683,5.113259498215055,1.470533638193321,0.6638788954137981
0.7576955524983285,0.9908651636721356,0.34684334065588684,0.15103165911722172,0.9929673803501252,0.10930383855411652
1.381937344758762,3.123155020567267,2.0174818464191118,0.6586777563207812,6.4341609042047585,4.608267612215786
1.310560184463581,1.7961912908763338,1.9774955551159634,0.8613746215431589,0.816084364641897,2.5835920235952607
2.6347231787207885,2.081214846435347,5.55662650960528,3.0504307866758915,3.0150791592453827,11.101352207643087
4.511549887481022,2.531584528079131,3.040521442657663,9.789607031668986,3.867791389879267,0.7195631384554493
2.043286425806612,1.69895429242249,3.0620808980729946,0.550638982756573,1.1440071425227831,4.215449087235471
2.2189465784571007,1.141716333924641,2.162014595462772,4.147831022890391,0.9501829068504536,1.8479114053652006
2.08984409425241,1.5771533987749136,1.4251681137650387,3.551253729785318,2.7546361054412993,1.2070715318456822
1.2017193202831977,2.7273442493276217,0.7797908148075982,0.5089005595057107,4.881304491716621,0.5035313463239065
1.2613780188595842,2.526367779684319,1.3697241700302254,1.019427751304753,2.8124369334579877,2.68181742127114
1.2990883989171313,1.5990963452451472,2.5137601366170093,1.0541568738232674,0.5152794360074154,4.689748595521654
3.2715743422635004,2.518375407435168,1.628093652007983,7.653587712928802,4.38401586929465,0.5365653223506046
1.4137417917394401,1.658336938414901,0.9129281022271354,0.399078430580872,0.9806793600876993,0.385690275823364
1.9742703953653225,1.5224095827453743,1.489512794139733,3.2104732116383348,1.7171260713858825,2.382915655424593
1.8267065738007264,2.2104989610309254,3.573528616489897,0.8135100218697903,3.5608750416306316,7.5421898105169465
1.8590068369695836,1.1112273429463557,2.9278703803320942,2.6251240590719855,0.41748244757440994,2.7722295633231178
1.612208089362765,1.8949659450500826,1.7151969712996777,1.0894922970904337,3.0696828077018923,0.6697730583735078
1.4759331242811935,1.541893051214884,1.226875219273296,1.7272056955616404,1.8134868947173808,1.089300646954498
2.079793833929615,2.672140162556802,1.2628938830991656,3.5748789078052865,4.476248934048103,0.9700481808310731
2.115593702509969,1.5557151462612935,2.446509051054137,3.2609713920670957,0.37741275734000246,3.8223704504570826
2.3138149085837125,1.1275817028318222,2.5972077096286945,4.026157124852698,1.0918082771026487,2.9513074186696366
1.3183259203055016,1.9923581948329179,2.0825477745167267,0.12293677172784434,3.5776446880148303,1.7782045936706667
1.2230233335573764,1.1231623207248371,1.3023648184348866,2.3556392854516455,0.038838076803405765,0.6430544525306087
0.9661903065805966,0.6277690835188624,2.903982497256653,0.30161642322359905,0.23802065216123905,5.560871748626406
1.6368832497367032,3.780854894956934,2.2239490793439907,1.0750873464017279,9.326703300298561,2.118678681272494
2.044654732656938,2.236874285003602,4.059079758391161,1.5907515009003133,0.6581033743059521,7.0451473655630785
2.199544762435926,4.169301500929345,2.582637712319474,1.0308037736291078,7.421693453004079,1.735558513269898
1.77749906603899,2.1490125721352666,2.7718958558321525,1.4663209868152987,0.4030859429230777,3.442893831481621
4.641900735994855,1.311978088847032,2.8933073315141313,11.325075007210891,0.8959972673227365,3.354420694284083
1.7425192904927915,1.7442283214720748,1.5980610946111233,0.29055406667915096,2.7956770344648763,0.8229526089034426
1.9487292527058662,1.7823429485893623,3.4558836667671904,2.250668597004573,2.144593639369535,6.649624287939599
1.4217812291495078,1.635494532682329,1.663690246258797,1.0083653620495725,1.7403530513444023,0.044371523311918355
0.9125510981998313,1.5162995106831962,2.025095907401965,0.2854552087000837,1.5096161754405013,2.9281737474157006
1.6314800830038845,2.423873164448494,3.6606897468532784,0.34570132734730624,3.7086375794606927,6.736903970467455
2.9456466957376772,1.4106496523204555,2.22479874853256,5.962598120437668,0.5356244185793974,0.8277251465129165
2.5612419855625905,1.0209732921931203,1.990864184317597,4.233896354690996,1.1684812562340388,2.0888766452128906
2.2342720480735485,0.7216187126311888,1.5696647118377784,4.751214149805556,0.33790810383202735,1.6520924027780077
3.8288011013435654,1.0582763955925778,2.0914675832587504,9.543105097269025,1.812391692892988,2.8668332353246013
1.5677502507904446,0.7261798761228994,2.585878576141513,0.46718437237191945,0.5768164701449524,4.022488269548037
0.9317673456729355,0.6950869964528662,2.163898867572976,0.8783726749397677,0.8124569918591895,1.8478625396706325
1.5528528885788657,1.1330897006191896,2.312816465369781,2.2125976889339727,1.2744818078778661,3.3846022070004613
1.0285512180201382,0.5574185917371544,1.550992530848529,1.3225318240263813,0.05427088844235833,0.7487632169064748
0.7455970545244931,0.3686959444397609,0.9349932087655795,1.0839087133403467,0.19288510041335888,0.5190629139487382
0.7412013367180822,1.0492322181716456,1.109976172961122,0.8857460287055204,2.3162738134360685,1.1265819798133894
1.2133240220765897,1.0660671574973613,1.5417772057342605,1.8017238997760014,1.1206269950676095,2.264772108208669
1.4430242991458193,1.943709933733329,0.8765366132593811,1.7141267769584942,4.001855591004875,0.414655931615809
1.0631191286929949,1.8769610807421058,1.4375527894366527,0.35218082328368844,2.372737364625877,2.281070979536978
0.932690478112961,1.10786071055376,1.0969325488278845,1.276332769311519,0.01626786513518274,1.0020596809042983
1.3024933869770114,1.2494333130737614,1.7565044920156652,1.6125053389743549,1.917938954258198,3.1751109175092873
1.0066892499164708,0.7234533442389715,0.9138903038974139,1.6892751848263605,0.19682467838952267,0.0750627812996352
1.0653145015881627,1.5310249458708722,1.4874892475804868,0.4717160599164801,3.0367569611837752,2.2051360314768513
2.3388426494130017,4.493054090073225,1.897107738492229,2.7116963113171613,9.537188056298067,2.0986292874346275
1.7058902997339915,3.0556763754986673,3.1986933515436586,0.051044057304785444,1.5151529374244284,5.65824961530784
1.6126669714209911,2.469051550841874,2.623859470264538,0.8764886141589814,2.2963163278535204,2.49910911685225
2.1039679989545945,1.460592676890104,2.660370124459973,3.030189568652909,0.5418181535591562,3.1822325313525486
1.7641147299729598,1.1302729072149083,3.2312113579277346,1.6597349437534448,1.1510758533523004,4.6991650630301285
1.6072453038223757,2.1711558662487573,2.570419850641601,0.6053543652284757,3.8772084561274207,2.2481797160085932
1.632381234086944,1.1800546503208806,1.7452997158082262,2.374579614228945,0.3664590123015073,0.685413439258897
1.527740803329768,0.7261875698461432,2.4840951468487114,1.6758416643098868,0.6172275210639763,4.076964674749447
1.852237087574776,0.7270497563821513,2.421154059584232,3.181660325443592,1.1791377351943282,2.753306924398226
1.7265828040611748,1.2092099120931552,1.605294186505118,2.656240999476924,2.491318760561491,1.104815272389841
1.4728644985231543,0.997639491591499,1.6798835305136062,1.8837706026463972,0.9428379160484717,2.4794015122622604
1.8779691118689317,2.64485413920278,2.497323354539469,1.339555472520325,5.2547554390851055,4.045198277380483
1.6200662812669877,1.325955345461101,4.140045834991133,0.2858527769504676,0.1984411436535868,7.430621929507392
1.689548729380215,1.146160556685405,4.491948134567589,0.6058161854653805,0.926625558122567,6.087808424008984
1.3764062030545878,1.5513669315955183,2.7526079004053536,1.086351493256763,2.4685487455752124,0.7870567507306827
1.441842378968095,0.973449095534373,1.8484914070797576,1.8290809639429815,0.5123326138200542,1.0953032871979151
1.0942831381727653,1.2879219482183426,1.0833170487610355,1.4418914294526213,2.136630629901871,0.23202656638409067
0.6916743925967507,0.5493507957230265,0.7545946991961993,0.679873133665769,0.3587724379782519,0.5688262745423004
0.43484129257334925,0.40692948501022236,2.04907082533119,0.012970684466760604,0.11521645674860259,4.281293208116766
0.9354087574450475,0.46427778035037526,1.3832627396667974,1.371307540439471,0.25797652343387534,0.8952319900528464
1.014392824033386,2.3933463838454916,1.564930129082172,0.6726972564963659,5.318085353518272,1.9380788991999676
1.6021399907594776,1.8794470369266323,1.6763270635335845,2.653096867599448,1.6048122724937155,2.1930227042056267
1.0947951371169784,1.9226818164225572,2.0434900523460096,0.048475276018500726,3.1826634021590814,3.044954762287876
1.1990193445585982,1.4251227457960067,1.1396045943313478,1.7581238645753365,0.8088947550584833,0.4037429060999332
2.335174360608989,1.4231214888264816,0.8340262701047851,5.676576474346846,1.7962074841403974,0.7271491969966479
1.1004159803356224,1.0588031985923338,0.9648456633541965,0.3833122180336847,1.3662041389119524,1.1896334652964702
1.0951671323413343,2.9907106045249545,0.8443390311623258,1.2759907444939356,5.8278607293731115,0.9077600282920358
1.5273900956103126,2.5674691761396673,3.4337328855138614,0.19174906003761322,2.7532793245893497,8.137965754984522
2.0919444582782543,2.391195241891988,3.1025340519740596,1.9652986821289526,2.6226901770347557,3.602902202043616
1.5846472086802639,1.2438940549866513,2.1405263837396244,1.5993798143798408,0.09492395900662332,1.3066485076261436
1.3193652734218313,1.2546287123800404,2.7001334845524156,1.0463549367425338,1.5955477932677313,4.228374503303604
1.2187825339941272,1.1821250329363082,1.6133366512907736,1.473684185391598,1.2584356419790315,0.8543571393766792
2.5840496900045533,2.7391062694353123,1.9656940248354706,4.5378105288617645,5.257801629121648,3.0819547215175422
1.2408260384366483,1.5926752879871566,1.163864895854939,0.43704424893109267,0.5950392408541606,0.506369604955162
0.7287994024648368,1.0680323096565532,1.8626866616295361,0.045645971860001654,0.6289652493689967,2.959646255159194
1.6901364348145158,0.9172348727044021,1.3969124546627505,3.9561523316185414,1.0598342541386678,1.2192796828108186
1.2427318927901787,0.7392071244696031,0.8392319075200865,1.7213198575291382,0.5577610754446716,0.2274560090712531
1.790263131257329,0.49600824114057673,0.5758765599689384,4.426557719206009,0.2766489629946446,0.6383797540427602
1.4119291474428073,1.8192294820264365,0.7303776837274097,1.8173656084406764,3.895631780765822,1.02924773602188
1.8196817214931709,1.6739557728238874,1.458692465950677,3.323158816672084,1.634142427020293,2.766940000086067
1.279455563020291,2.5258303494112764,0.7726555996023906,1.1230920710735472,3.9517884907968424,0.1515661342588926
1.7312471283014041,2.7592327176295974,1.1723015516757012,2.771468486336635,3.557308621196946,2.154956361622261
2.503644991950048,1.595728662195421,1.6592771468830223,4.8846478097401205,0.6626894032632961,2.5176581468563057
1.5098772689713427,1.5511658716766965,1.5564365368903208,1.6978388461896128,1.5869847848078726,2.1221785503859305
1.1468881851231372,0.7275448914443847,1.9946416353366054,0.3988177962125471,0.17377048495908776,2.859820828841949
1.071422733080005,2.5333155659579742,1.1471586666422613,0.6261299942546554,4.936143526840208,0.3924400678986787
0.8123463179830287,1.8020941083006567,1.2369606411001552,0.44290141221458934,1.035911012371132,1.7691159434597605
1.0637958237398233,1.3508267656063333,2.814695727014265,0.5670003976291037,1.0006821712176794,5.665355180127954
0.9199990393769896,0.9809489853658726,2.2144268159061316,0.7317642558294747,0.7212379101513352,1.8872430254927364
1.31075414453412,0.8581640252261865,1.960023050357949,1.619963372815338,1.2348321046567676,1.890081909016341
1.218686078767791,0.6156053077367822,2.0596373650375823,1.7734232260072749,0.5800613539856581,2.66694575008545
1.09479606527631,0.5963640094407023,1.3869627950956418,1.1119938033674175,0.9395345873001598,0.8105429500900891
1.5268319907366334,1.7497239591393343,1.7823747797824456,1.9112109539649484,3.2183463808009587,2.4111208032607117
1.3429256683887114,2.283018005183563,2.83453728281318,0.17018990307420442,3.594615709202403,4.959452183679487
1.032098922254571,1.4753039949696618,1.4508334059469872,0.1837662393060301,0.7253356670475499,0.021910526768715997
0.971608851723191,1.1037456118648767,2.360301647567587,0.377072360106581,1.2660408685835043,4.082181507586226
1.4232878303305467,2.052250186500272,1.5330892467042134,1.459943924349577,4.140088094037587,0.49338311228691933
0.9077911030305407,0.981067697992903,1.2144193128574288,0.4815834329438416,0.10822258945679777,1.2173300021591653
1.2707145771109065,2.2842037827626664,2.2936215807938107,0.6661523493254228,4.399063790219745,3.8257915545070484
1.1750909261825644,1.330149931247804,2.40662357261713,1.022694306721135,0.4948323899418608,3.473544265452153
1.9051158410460671,1.5666730477773323,2.952281586870194,3.341202926503655,2.269759617481477,4.44990555675913
1.4167303643206908,1.3583600294035827,3.8712782140464386,0.027918225128475253,1.7471891320674007,5.640763000381381
1.6164108403033586,1.4540862975330406,2.4631673480393244,2.096097796540102,1.6101282775333279,1.1853622910871329
1.7093620203942446,2.404152274862346,1.8352025645535577,2.210527910310044,3.923106886236743,2.1363435415779617
1.5142195561206275,1.3299222029725548,1.3496103732693987,3.2054786002018223,0.21421773881954317,0.9901619165856177
2.0277977539898195,0.9598568355586643,0.8588304428765366,5.398763929908591,0.852442136860251,0.8637723334907029
0.7805079933368273,1.1104063598784872,0.747547540647885,0.040686758809052856,1.5454752152162212,1.1298436170883948
0.773181829980994,1.9341554864229284,1.4912195992015642,0.3339605696223046,3.3350755215269987,2.7179509645329865
2.093364686822751,1.2383436228076472,1.17395124073152,4.346121080061502,0.4878231516124453,1.3920656686800044
1.6235525538484044,1.9444187536049296,1.83609840517029,1.2268929846580694,3.2483909569785254,3.364658974226878
1.437765735798517,1.3555113670899988,2.0356838638096777,1.6629372609793338,1.02044655207408,2.734697748764009
1.3966598135562718,0.8548813969458589,1.2329216941218761,2.175506150204313,0.41876202312040495,0.04138210435120812
1.552193125524828,1.4845205244562376,1.4448097738887864,2.2730433360437945,2.8458041667084735,1.989792296882893
2.339524212614683,0.784484680302543,1.1491519545725624,5.3688744881094,0.19059794297828173,1.1474283410399482
4.3578803674858015,0.8502649876341835,0.9709820248692289,11.584845388072132,1.4462537239082167,1.2199258622662044
1.8908947169098809,0.4434366031977491,1.796970306810726,2.547056388928972,0.13201420352082743,3.411600884097446
1.1033448747404386,0.6266844082948297,1.6293583817054655,0.6771683160907346,0.8814112137609648,1.5864123752060975
2.2114789470982417,0.8969355962435419,2.588007739080977,4.2364046953911165,1.8379727186628838,4.336489965471175
1.1692051621539745,1.0019348707904552,2.231167250596846,0.10094708104097906,1.6243819579800949,2.4951918282271315
1.0518169843325498,1.0651933064871273,1.9253055779171941,0.5255389105660968,1.037229822990664,1.609677652358758
2.094524512302322,0.959402521431117,2.0833203991884153,4.553556299854095,1.1209002506986114,2.8092260654393453
1.1432550388101643,0.7762961806478962,1.0459698675900637,0.5919433783320467,0.5143563099338081,0.07820746591630945
0.5529057412623744,0.6755189221059048,0.4633025444406315,0.49859279934088235,1.2171804506228165,0.05491435335500884
1.00819106101892,2.9954231055813785,0.39166974326091764,0.2972907411076845,6.126089788656298,0.17405764938372095
2.0388959294540925,2.9328707210389884,0.7847476210623048,3.9195766206165024,3.800288009039433,1.1509605704850203
1.3151863148347567,1.5254283538151943,0.474767282006176,1.3865274114618256,0.31385241727060803,0.536936088004111
1.820204229264223,0.8214524964874813,3.721138181070918,2.247203089288612,0.060466481128994706,8.303264553435843
1.5377434478405982,2.5682099349875362,2.3791124382877467,0.5464183152254719,5.421838005862813,1.5630395737990739
1.8938996808624522,1.9747570286475193,1.912001138733538,2.8379691914966236,1.496261920757681,2.1718803171674606
1.846263995869221,1.60375805200139,1.3036355202912364,2.8542789198315823,1.5436788347068222,0.6537334170358684
1.2330795320334877,1.981334846771666,0.892269631969736,0.7496720825838912,3.03479337338129,0.7766169820806211
0.9635258575463038,1.1824760146385775,0.7599154624382818,1.0575808340633541,0.7557649820561537,0.8173261748181282
0.9757481640333125,1.2546081511667964,1.3783391077188514,0.47066071293658346,1.3152032282007609,2.399534687039676
3.3321635769101685,3.342932958609492,1.1962225445484387,7.50670994469363,6.925905998731295,1.2837913633109999
2.141661154635707,2.614238671630403,1.1290619676686489,2.0746726637743262,2.2303901743881567,1.4583101153305544
2.5739861899897765,1.3994463578952683,1.405710750818749,5.452750590870811,0.33386916832458313,1.792990827637539
1.1020970550774378,0.620901778425016,1.832433980721608,0.7230463370161655,0.2859557362149944,2.929045119420241
1.4871335669246792,0.5311690708058362,0.9885353530365826,3.0455198845081783,0.45697751887232807,0.1894341581741175
1.7409925825943875,1.380857633890652,1.6162328353315216,2.903660520096544,2.910960283174173,3.0000365025007087
1.4177032563549994,1.0393044901511823,1.4326919427109461,2.3530762141996306,0.7001847528484748,1.6567202873218534
2.568132113726041,0.5071054378840584,1.4861566494302476,6.7416647177531575,0.04324180593302966,2.2118505964476713
1.4460636556019202,2.412622666756524,0.8704954121872044,1.0002835863761428,5.7710441594411765,0.7936602884193666
1.0000187202148254,1.4202354718859456,0.9195760054106813,0.2801738346040231,0.3719687126710025,1.0531880442113288
1.1276116241770087,0.7414211142056008,0.6802584848361897,2.227708880095066,0.01920831757436302,0.5257599259344075
1.8791945695867764,0.7953008844718734,3.422043759002726,2.6135605744365056,0.5413394855238793,7.755242907895581
1.488978087806869,0.49747267281097474,2.2955861211812656,1.7116172920018629,0.5358341521668366,1.3743420369262265
1.7887550788969793,0.7983197450866302,5.646327976884495,0.4634048815041002,1.0963809897183907,11.081754295903789
1.9229100469912903,2.40670830070986,3.348830157979689,1.404198024502916,5.061226898632165,1.345849980864598
1.6973037819461052,3.0209145131978286,1.883647798000646,0.748484517960105,4.2269882969057,0.49628503663677853
1.165524568948423,2.2017396851909834,1.5836463277081452,1.1153681583568626,1.220903576362598,1.41632833333811
1.2478755709422586,1.5230699160261787,0.7781379495074985,2.072506771473119,1.058318338355313,0.08080160771507262
1.7218108969765016,1.237580126831951,2.1772604427137896,2.7346684336244267,1.6194028321379559,4.702916351063198
1.1202703664841387,0.9193772633116731,2.543454150498516,0.5285163098362362,0.5579839141631757,3.4135530593935943
0.977342842675601,0.6383253611568628,2.328929465560594,1.039481695232684,0.10719186994854259,2.5879447061454184
1.2825628123436799,2.58826234592025,1.9015125900716545,0.6271257420216655,5.601125090652312,1.8823286383215259
0.8966266471044745,1.309671758519695,1.72950440550464,0.4428690597020424,0.4133079713143917,1.7342119276676833
2.4127729613354756,0.6615306398620426,5.510891769094582,3.059287886733093,0.4422929167792413,11.444838580181655
2.6709497714881256,0.9165822622980868,3.0610089690557785,4.799352994087426,1.2790624209913237,0.6514531722132412
1.5049651737234653,0.8822727651050059,2.7916435745583503,0.9248081524660026,1.3530259774276028,3.02538811589779
1.6501141952769154,0.36614642981770806,2.096136373044681,2.7828463771877283,0.03721247430224039,1.741701729344381
2.7182896888984245,0.33803079993963153,3.9134366246654015,4.5459611149443555,0.320231260118191,7.449472902555968
2.2618588048573502,0.5468106856728632,3.238345487040521,3.743219127798344,0.9501282433266001,3.51823434642389
2.1335907149553055,1.2645292141029787,6.751216457901781,0.4037755992063225,2.302322385231506,13.038347790476404
3.3054330397910703,0.8753032776743123,4.159866092769176,6.260442832817703,0.5186258368878679,1.775042124853599
1.5963565913921327,0.9461509003681982,2.160063539301928,0.9453790755158131,1.0998760992032208,0.4576793809742162
0.794240039521777,1.0285946825226202,1.4876665887038103,0.8287311838440027,1.6299294791671324,1.401097149634454
0.8597914801565861,2.238608179590014,1.600641183095226,0.12893054583317326,4.389121161076854,2.4834264234292425
1.3708159406533507,1.574064926672844,1.9082068772271958,1.3317398381273955,0.7892595528006481,2.9776323632123787
0.8381300079370695,0.9810745586655988,0.885044715121196,0.23085226586207666,0.28672082972231316,0.0010202382091456428
0.8738893208357363,1.0579648775795842,1.0669790004455189,0.5714741195715377,1.3438371248564882,1.4065044843158634
0.8508456914806886,1.5062858177443208,0.8249902043496311,0.7623528276288257,2.746532013275674,0.5363722653278261
1.7012244346773338,0.9614912591245134,2.0202773591482504,3.3091459260172864,0.23275250464911282,4.1574729126984735
2.0348982990169606,1.0256817893323895,1.067674545848434,4.166716811507174,1.1056698808074221,0.331885908513233
0.9840934320199177,0.44097290036572134,1.6234004972256926,0.7204089521494758,0.035890394950430185,2.1959624730957787
1.7611512167098369,0.11988458518450137,1.1713618078919095,3.913713386326608,0.06827043031935717,0.6186619638407019
1.6291046355747065,0.6486624105116793,0.8176543614963212,3.8930538015922225,1.3192444039958129,0.8817974894220594
2.0149039898703833,0.47066052908195677,2.671560518230155,2.8933710986395695,0.7082059319115,5.645550883707908
1.1703266582580654,1.6444626863849092,1.4486385344770152,0.3172767349377216,3.7300453068550374,0.5500533166037223
1.3410436402683914,1.6295795210620347,0.7440822139687636,2.3444499315906584,1.84338210541915,0.19964677404982484
2.216377989236195,1.2960447139898987,0.3506876634253726,5.801719454651589,1.2100270601673404,0.14360413025311577
1.5734143326912997,1.1550637926142509,0.7769166787381384,2.2948099219144638,1.0482789590808144,1.4048405263967592
0.9520720604465698,0.9351689824664926,1.273919787906788,0.8057873813985313,1.3753065203897512,2.052833403499733
0.8643602854691792,0.6460531303136668,0.9314104692819575,1.388612974315788,0.08255842975215143,0.7928927297323368
1.365797110388548,2.009027261319432,1.1731487529377556,2.0753639072735117,4.465994117155702,2.3440424189394826
1.870085951515212,6.204571936409752,0.42130673062995316,1.4290293308268887,12.75797013419862,0.125951418884602
1.594647083588345,3.1532592173377343,1.8130583725344733,0.25555979526784395,0.40053230425627895,3.89450713099072
1.3695851290726733,1.6313333659905018,2.235639371839876,0.748119067077543,0.25653730695044324,3.3918138883761366
2.2788411481528716,0.9972144561149316,4.40376925125859,3.242980811157606,0.30998281432565156,8.466699034476816
2.673212796982574,1.355318351099303,4.347859493415619,3.9525868068256074,2.16366998517558,5.513587631118324
1.2094181267092556,1.5780528212825577,2.5071307821743067,0.29537662164381406,2.1661128525516133,0.8807255098129102
2.712755666223703,2.377324983799957,1.770391071347764,6.089288491029816,3.7667519003647194,1.0192373182671268
1.6918627065212173,2.3877545393138533,1.7803784067326378,0.79744364405191,2.787253462134388,2.7405652515690515
1.6919533201687198,1.5290032330155643,1.067665442455392,2.1712760713197885,1.1945458592721736,0.2879319092248344
1.6612349433116136,1.5476148010508042,0.7598519105395489,2.78724344925305,1.8979138261029924,0.7537981899835144
1.8482508480529467,1.7188560606742942,0.6401604452325367,3.342054742139349,2.331329825386294,0.25235343670756655
2.308813146494452,1.3149282302493022,0.7977765594274421,5.828293595307371,1.4379003469583125,1.213522311391455
1.1374085948993091,1.032706011012331,1.0445235471357006,0.7506077747980845,1.2911955123478944,1.6059431998564526
1.7123732969614207,1.357525992675176,0.7268906725301055,3.911002356289164,2.071824043910686,0.474384725609599
0.6824544080481839,1.3784459458597167,0.48869393184657384,0.28240583807033287,1.6305145994979184,0.05398546986346102
1.3280153377347588,1.4942738392496417,1.4677358981173314,2.4418371957253604,2.0653249951956605,2.541335434504545
1.6202936425669627,1.3554121496830434,0.6741991323557036,2.7094187561452374,1.897910790537208,0.04041595430805188
2.081466167832963,1.76773431873316,3.346698117275197,2.264689206442046,2.5402007160450033,7.253884296036065
1.36939247817213,1.6832431405631134,1.9986025313536773,0.581546319580913,2.058938506096818,0.501048141586104
2.1979135169094777,1.4130229809163666,1.7903895672985772,4.12781598105108,1.4668656646973093,2.1806936366503464
1.0878675650649094,1.5605925265136347,1.0434726786871786,0.3699103555514436,2.2901302840473075,1.1409804435388722
0.664720868053041,1.2125730807355541,0.5632075381939284,0.11025345791138243,1.1937911251332243,0.12305701361119128
1.2951813419535871,0.7054063932129887,0.7220379682476786,2.5279056180729667,0.5532764971096631,1.2780135911787998
0.9075253499773767,0.2939236682541894,1.047078370256205,1.2905271028441665,0.0028384535198940374,1.454486333846615
1.9610595049941915,0.8080845241041729,2.1512094722091195,3.78224958349641,1.6417981432600082,3.8576782958632814
1.3867827737733085,1.0866832493839698,2.177618732394166,0.9670602538356747,1.7863950226184102,2.63614329229233
1.2811062041623609,3.4446098898046036,1.0584139768715315,0.3685154723787983,7.154602083261908,0.1652474331922756
1.8832157280434563,1.9565110952185514,0.6808653455826551,3.6211775765160783,0.8971993431564596,0.46932600084603804
1.0823077788340578,1.2951680531875696,0.6433282643049701,1.5921751724957949,1.0021903794846763,0.7476064093699952
0.5846920055718531,0.8024931771300277,0.2562242272942791,0.4194573499266711,0.45079112373049696,0.24751901301235005
0.9703475712902111,0.4552473992098768,0.8014773556650838,2.5486760811956506,0.14629073787478608,1.2209202064696212
1.6035864088269398,1.5383156832570732,3.703790975649095,1.4312504121259626,2.9638887345005998,8.309360286602951
1.6533921530938505,1.0165358451690982,2.5420025159561503,1.8542634788377566,0.574513830592655,1.4456166759787843
1.5142281572974432,1.0755850729845173,2.5403581269152533,1.2357022279929832,1.8776088528419885,2.7086781727919345
2.0621627999995895,1.3740944075261325,2.1796347937376597,3.5287826399321762,2.3280498109230923,2.297314605170411
2.095284158394766,1.3303132987303043,2.7761382723068793,3.5387757676884726,1.2744287424791816,3.793059452807238
1.9457798698804072,2.4316999720717245,1.505480069615732,2.4715381254742197,4.1806347478740875,0.4859872601596894
1.0615613027269815,1.528311789855281,1.8723128920592522,0.22276025532631955,1.1732361234967092,2.8034354780977733
1.8563512725195408,0.8671001027292982,2.5056330418532173,3.6508872713246467,0.670689889024518,4.263242926317456
1.6498547941314987,2.1682496246557625,1.3105269840050848,2.2234739670048786,4.527027300454806,0.37630059705777524
1.9237105895100666,2.575289757676253,1.0980093523201724,2.3882044648863947,3.9546984146260193,0.8517506324396746
1.65912684545467,1.474904305311885,3.308571734858033,0.9019173712626203,0.3583489012466667,7.019911616142106
2.2509696595866906,0.725686259288428,2.7786737479680843,4.228555575794965,0.05260790783313865,3.0354305565458692
1.5742884497603031,0.4253945266655724,1.6922680934518608,2.5846727373805884,0.18858961490785697,0.6642178704668396
0.9792901276629716,0.5167702919028896,1.522023466543561,0.23889739389120726,0.6752785506427683,1.6599589773792487
1.4149337683383019,3.1272841543144034,1.1822739370147568,1.0477475449795832,7.169745434205261,1.0361238953334657
2.172715884172903,2.0451821943401955,1.034817751347769,4.349797835132439,1.6352276932163583,1.346552547766691
0.7746840233903093,1.5197272772493895,0.9756289106376964,0.09669359850486385,0.934452521906057,0.8775253129150945
2.7766956611487155,2.297920347915609,0.8164826893091526,6.509867311808143,4.391341273684201,0.6551507148523941
1.8986651926593552,1.4594067650084557,1.3467382830707602,2.273641455002,1.2071114850055138,2.2464025178162954
1.6086544970804995,1.026403240637177,2.0537699226609285,1.9959561279710363,0.7573697280829922,3.0150429774911407
1.5007950369018428,2.667724897523318,2.8317030890388355,0.6309542864520044,5.667891201533819,4.1422662685242
1.3391758237288807,2.852698327211337,1.4669605715316782,0.5721448405788696,3.7878191700464465,0.3376184435104515
2.9116092088158245,2.880921706021534,2.062782961252048,5.696633113701358,3.711551458904048,3.461579257535585
1.3499083070387492,1.9380275336088586,1.2174944767991007,0.7084201234713695,1.436047066564876,0.5882074932778444
1.5802948635741578,2.193027878538003,0.8546182969588558,2.987806330962544,3.1159540529284295,1.1149136051301636
1.3147181307550848,1.1986522854399853,2.356066801874662,0.9988543281631889,0.39532532646374907,4.634254353811229
1.0555885121040938,1.2561096059566528,1.6255596976478415,0.29991181224168706,1.7029871019287066,1.2121181499642653
1.153399469905609,3.766189355475765,0.8532139588454283,0.021546239847182746,8.251165611829219,0.43895937803558926
1.3159351174669012,2.1941299682910125,0.5163766362929528,1.5716539286495155,0.6876822460468377,0.3483940731104264
3.00983927835349,2.422676596984836,0.6599731345688002,7.441055524137776,3.1631818212821217,1.281047855197106
1.5146151144394946,1.6270733636212762,1.4880952182667615,0.9213305555735207,1.348566093720597,2.8766278297213725
1.6685635289730247,0.7357394143042153,5.445939629104986,0.8838194384601997,0.08123920338547916,11.759949370159488
1.79018262770758,1.4743912527004073,4.036740392305914,0.8434683222949203,2.879553977040344,3.096766798359306
1.6353921890181056,1.0150993119289495,3.640565347581897,1.4702056235773444,0.3692142800420619,4.191336311028518
1.5943154844774516,1.3235811134240818,3.069686272146598,1.162012984942744,1.9964856778845015,2.7553223565113223
2.4764186235929966,0.8063579729486062,3.2407985586888888,4.239104690429634,0.17911474485871662,4.515894709900081
1.6443401013781136,2.5377510920885737,1.6514445498983303,1.4085003495115673,5.869929112035855,0.158721890766018
1.5937852250056785,1.589747844963581,2.8410008941181526,1.4175689695524123,0.6898425429128981,5.316566713270459
1.0997432518979264,0.9436698655235969,1.779822473175535,0.2978623712492289,0.5135679250698704,1.0097074943592095
3.300324209463124,0.6022249028558135,2.9313366626529045,8.118673990418646,0.2765398413392134,5.09222557495538
1.6798850168137394,2.5385929976634216,1.5257077553728249,0.575291855193574,5.83762370126509,0.1575082243677307
1.1066746247190375,2.3392869850343847,1.6530936746162719,0.15238905567778177,2.4889212541068955,2.512237886817906
1.760118302744849,2.443158656120959,1.9858884289908394,2.17621283208722,2.706964344588921,2.6612557759597077
2.271268036351954,1.8502898324408403,5.748003349210833,1.8095464779207622,1.3839140237045475,11.559744056252809
1.9453004333813673,1.4903357040058975,4.056863437029571,1.0727848878708444,1.287677293041388,2.929422461680758
1.3760680530266503,0.8549451396921177,2.4320088624113887,1.0970281003938402,0.2331153701411169,0.9643911584977599
1.7425852286806274,0.9616002495101349,1.8811194246005232,3.074829204503445,1.6412389417349516,1.629493461988651
0.783800249961141,0.6579006853284007,1.160522128801522,0.4355973216970655,0.5671583221218273,0.9131513799560332
2.0006053449330095,3.2466294698351614,0.6893381276335172,3.4324134935578563,7.557199857374664,0.4363584014995257
1.5664476846398405,2.8552617836231198,0.5414117667943602,2.0924976833979017,3.1849741857020972,0.5713743338719691
1.2371639310366735,1.968357718338088,0.4417536002524977,1.0859049980151805,1.0654338663373293,0.5020845901875415
1.0670308886941127,1.0859419633979455,0.8949309027389417,1.2250841541231596,0.32819625435221356,1.5917571116021205
1.1206329426282586,1.7439747093910711,2.273666761758681,0.5931690497306481,3.0773223832010905,4.732341673017198
1.9040833176619172,1.0541238910793143,3.178637909949588,2.789575316116947,0.2603398507115375,4.877419715884596
1.3567264086112183,0.7362324779034775,1.8075005153868622,1.4384679726237855,0.4197976857168142,0.1126408237075298
0.6995266234182168,0.4320066725009323,0.9952800968478843,0.7738399032231565,0.4752977883062949,0.16654453625111118
1.058689942686098,0.8625159269355426,0.7171324400847139,1.8129289152578658,1.627877346405516,0.5623904675734819
3.9355148078578144,1.6757099374053515,0.527340201744418,10.914369261267643,3.093458259654814,0.5889017315187478
1.289078029726026,1.141365831223577,0.35624791663417854,1.1427877347937054,0.7546735270389326,0.19939576896089267
1.9038903942028262,0.5472828880990082,0.3454264132556507,5.068817434221933,0.17694084016986403,0.9835607532608486
1.049975338875896,0.7677750323491715,0.7637205229757251,0.8462915069717716,1.249252437967756,1.7721312581323592
0.8779992557993879,1.5335318474013766,1.1449710983843189,0.11257508333606396,2.757527504213574,1.7262688008841711
0.7799201131268434,0.921563712596673,1.107233286315857,0.4569205862621254,0.5011935396576926,1.5680251038918012
0.9586056522341477,0.6174909118384302,0.8369678268613638,1.0849598989263114,0.49672926138801676,0.8270104615515868
1.0076120027581075,2.838512956653296,1.40860945250906,0.4959868570636121,5.883512201785018,2.4514533282301145
1.40473458299207,3.92610723478218,2.042406195547522,0.0004541279906669471,6.164922745975848,3.5029702493833037
3.370939611070337,5.662385954638369,1.1557023780033524,4.9302442276056935,9.305725638261253,0.8501347663732501
2.700970160621707,4.21042743190851,0.6740756478409825,3.7142531308341833,3.2969771364736182,0.17883295414074127
2.0482907781291892,2.2707663152232933,0.6425231503030195,2.711858032418981,0.41696354773142563,0.7028922791072355
0.909954292419938,1.366721763003212,0.5481759495254125,0.3674000424297356,0.4764674772737281,0.2955357142398
0.5580806514716773,0.8446507595865929,0.6101029136553574,0.2564932233318262,0.8317135544863402,1.2598142312056384
0.3426356525214355,0.8618359594818461,0.5281356298972648,0.1399969312954665,0.7658399349823312,0.3390519048085514
1.4881417232694454,3.0327198584526527,0.6103184630786592,2.574920350562439,6.271264908555677,1.2429362687353867
2.443791241396144,2.7119903828241134,0.34725076156156187,5.284748548458483,3.1124956735242426,0.49949589197378447
1.523230018299579,2.4724675984243647,1.379406612195078,1.1261187939093156,2.5747725388603864,2.6844103094589054
0.9398838133842394,1.4133361727719262,0.851863041534658,0.25371467777865797,0.41149946942077154,0.05591075295378665
1.4377552799731697,2.6025591100258425,1.205938215991405,1.436490315600569,4.805375784117079,1.6182221110296373
1.256522970650607,2.801895763977652,0.7108638470971476,0.8579749268688033,3.519014956932008,0.3714264638619671
1.0175899557135795,1.6963822189135884,0.4522580308093003,0.9394470948646102,0.3573966763572905,0.001984713385392177
1.3552642808012907,2.4799196417326703,1.8440522404205506,1.9421836277527298,4.09852829983719,4.068173026475214
1.7948480984966029,1.5874526217743616,1.7413891159331962,2.536795913644499,0.6355886221862305,2.2266060692651384
0.7620168780204585,0.8776457182555769,0.8805870424318053,0.23442449463870083,0.16865486398630614,0.20837312568814992
0.8244398830817299,1.5152898627835105,1.3819413768692426,0.07247800582298397,2.13901381830283,2.1817190444560266
4.004458675821955,1.5984046545664732,1.3806260757360045,10.345239092782803,2.1215041899594635,1.8916828318959362
1.4068214489860653,0.8174927291762234,1.0624307735091603,0.5298287336130884,0.1994904211046818,1.2824635701989726
0.6283411562609402,0.7768234656020142,1.095407593834799,0.11066715366031704,0.767950776966353,1.0868977043991987
1.6319975429701568,4.378388945153687,2.346145344535969,0.4211342569258183,9.871369839197554,4.361970043714825
1.157585690775628,3.1021176353303255,1.3883521860103825,0.07947401322443562,2.269059329837298,0.5624672035965796
1.37734103414641,2.6144481645888344,1.3486069244867134,0.9945388335703133,2.619223507139882,1.016026022454432
1.6295629333742259,1.583292663395132,0.9718388671108855,3.243039048666513,0.4788438704069243,0.7983163162759074
1.2508666051219444,0.8542460998126282,1.4912880936235002,0.8348055074936674,0.16411729714369533,2.9498230340486846
1.3457956468118533,0.6056464794173879,2.8524707216241807,1.1746338152728044,0.6484201812102945,4.964986478396128
1.68576189767566,0.5744363727490903,2.8791689739390365,2.251474371170201,0.5724286607399154,3.791331402275004
1.2682767447642393,0.3444787574001973,2.810650769517838,1.422190862436618,0.5345673518535323,3.196045926146267
2.3484766218251316,0.24029882369181316,4.85918996104787,3.952985743076132,0.42825444639542426,8.653554080198617
2.7265699488411053,0.7126189991624036,3.4123804395379955,4.0203634923238445,1.7101828594028343,2.388999302729417
1.2635832049959819,0.6474070369387457,2.7652883688996583,0.0199202666945551,0.7953018644457828,2.7810368696501273
2.436069526125486,1.747927583823898,4.4822434970022,3.010573013258938,3.4334340353449764,8.125987126667363
1.555725741259122,1.0639777124168637,2.2118034653011613,1.2350911640267435,0.4065529743632159,0.014030670844578522
3.5693702417760513,1.2818483719065559,2.053624108178561,8.990935654235571,1.2495834222502888,2.010508260744875
1.428834771953178,0.6622007172420191,1.9715779568003788,1.3203227895247507,0.027503925394849152,2.6862516092631323
3.7069989281812474,0.8681419929976417,3.0498738233635465,8.669667168640787,1.3143338951733663,4.997858304452017
2.375943788291622,0.5055387741594072,3.2168387441863673,2.8094818040727696,0.11491550265936532,4.305647565041472
1.917081363905975,3.1616383261674468,3.1043508518304517,0.5716472930930626,7.608447001584993,3.689822847926522
2.245986857472071,2.8556854819197555,4.069502573892415,1.5460913741720839,3.1269427824701137,5.829826698430514
4.385326526617551,1.8921317122204486,2.807433085390271,9.690828105307721,1.3471263175926451,1.5416950816374517
2.6227338466348624,1.1271782207869727,1.3562561277781733,3.897256187171888,0.181135075855587,0.013888300970638126
1.0639614538986726,1.2550573718661786,0.6457929396446166,0.20487822709239417,1.7951609352649667,0.022231905220629917
1.5076193834412428,1.7209186054359904,0.7666832918268246,2.4508832161549785,2.8439570762309274,1.5733297803171202
0.7223902312283383,1.0432311776482188,0.8096601708975179,0.848010597989943,0.4232138422738281,1.1428230053090103
0.48575644651217875,1.2614105179666382,0.79946491609395,0.014013503869448923,1.6796241548183697,1.200206600530364
1.011119658572005,2.083380600959239,0.6786868176864091,1.0332882671115646,3.36628622170115,1.0230008268040884
1.1479358800614243,2.2252098730332235,2.2286483281115306,0.5351169586353369,2.9241729702759858,4.995395636375087
1.9508361102760825,2.4298125815684783,1.4550715510375747,3.4170724922087556,3.2490220652483006,0.8899832316734272
1.7333589942519085,2.9963544569014724,2.3533844345047727,0.8229581380848578,4.22928248971267,3.8790384140836527
2.8687300022223687,3.573299632363772,3.083411546477492,3.5149908163979378,5.5510132193747745,4.663302785177664
1.4277833615208544,2.1091802983506507,2.08629424778875,0.0011962353430257713,1.0401402967032651,1.3843024333891265
1.0718797846609232,1.7787143917390213,1.5915223115911288,0.7358160272318849,1.6822232146457479,1.1845704711446634
1.2602697380447745,2.1343259201029854,2.016627297446037,0.5519423978812442,3.127586581033483,2.8627558817468066
1.2379751700310015,2.1273413286938787,1.912881622583604,0.5320169318002256,2.388968024259301,2.4618078097967886
1.4759644327034533,5.23673040204021,1.3939579908147737,0.14124544029252567,10.816366371447206,0.7965871202728715
1.3229158336843474,2.776145344577988,0.7595328365499266,0.41435407050233714,0.02754410390151275,0.216391564515176
1.2229319265971288,1.744346590562982,0.537070975448997,1.6218334970993258,0.8774230377821016,0.6153679677037839
0.6752566550201478,1.2246157718802082,0.4527072148370025,0.6888183054948225,0.6598655248936708,0.28088991452174633
0.7736783258774917,0.6548477153598262,0.5121551815086748,1.0804909573190713,0.6084790544917853,0.6983555951710907
0.6464524045827849,0.4082536026514876,0.4650713659620662,0.9459902156296486,0.5034198822544516,0.6071394051003314
1.7572484656117329,1.3181590421657345,1.007800129196649,4.173414546591069,2.469715344405921,2.0306284262904133
2.6971475393010533,0.8153897773901791,3.1981601207055035,4.714061417470509,0.17713675502744233,6.179911340252712
1.6439502119753346,1.6691653822047092,2.422233629685419,1.3583188209264163,2.7065613894906093,2.3150929737187815
1.658098011671164,1.9108848353342553,3.280139408727772,0.8014207107108142,2.364591203728062,5.2250094088260495
1.241904833866673,1.2999872833011703,2.7426250064004694,0.225891094392862,0.5775096486244437,3.0661787344154483
2.751558336512588,0.7289668009297159,2.3708951956053803,6.132433058149838,0.5829352122102323,2.603006790026598
0.98302047221942,1.1730563403155976,1.5967377735176738,0.12423372722435766,1.9823550124400404,1.069082390029065
1.1670879277575648,1.7835216678870593,1.0706937363149664,0.7066476378093409,2.872407588937773,0.7854763884794108
1.4689245157345188,2.7092088490337027,2.012903042263891,0.7078323661283407,4.182795272958401,3.745210840978678
1.5682508059606584,2.782559405460672,2.9162510353274214,0.7725055633641055,3.8229728982760807,4.716052543925352
1.5635513996021155,4.017885960587538,2.0008920746352974,0.3589396774734222,6.698139538169308,1.2025311747523166
2.0557225804344035,2.689202605945875,0.9896685377397724,3.0572042471916068,1.741606771715063,0.018208835813882766
1.541865164416674,3.339219608567239,1.7025034046372576,0.2613517742781785,4.786235754979675,3.145547263983481
1.4409019911167626,3.0214099984447,0.9523073206257919,2.0152044594901333,3.3058735696568737,0.6711380426084205
1.1168643959852558,3.3575202404332947,0.39458099383419526,0.2644268697811425,4.5012688913867995,0.019874149216244866
0.5872613847660737,1.5761997184885814,1.3282589264987015,0.14629362632262682,0.023389437423222567,3.2693941004443947
2.435003655636323,3.548842703409899,1.1127503591484353,4.803253533429852,6.757091273084382,1.4571930540087827
1.3742042538823585,2.28903478058389,1.4980512537917519,0.42176002943335594,1.2831224768124772,2.3117038001121957
2.443978365610989,2.404541430979402,2.820508070429026,3.4435359241561363,3.200787762261398,4.922923003054611
1.4733846024687023,1.4222561624986239,1.7857867803607808,1.573293833285337,0.272107128311295,1.5581677111000456
0.9295305626714688,1.0439331821526907,1.3452440716583858,0.16210889777456494,1.0081671246312607,1.399111634464569
2.270034726048638,0.709748639215795,0.8584306983831698,6.222205059323763,0.6334273151577127,0.6868466186711069
1.0848527556706433,0.7050986241572833,0.7460527259107361,0.5672769629041624,0.6896586776515478,0.7282447415830187
1.9136144864770674,0.52279922736819,1.886844919449157,3.927165624308441,0.2630795999268784,3.1845920162877794
1.1275656656874438,1.763274330875227,1.2985473253348163,0.3697937540554233,3.2773610045450856,1.1921470970526473
1.654339334719592,0.9278185741580964,0.7632152507302509,3.847515031146406,0.018570579537818814,0.3571201806340158
0.6827317023959978,0.8208506886971556,0.22728028336716558,0.026634186152748894,0.7494027738118682,0.19859953607793895
0.8170072676753939,0.5630435551124927,0.6816549340201257,1.4339801804351155,0.38331530941020076,1.2808063220411203
1.4107788559499193,1.0070926516493317,0.8583790158740155,2.9345106688607547,1.7785136299605668,1.25080893523081
2.4021728308709682,0.8937420617367674,1.2795254425888136,5.46045412460405,0.5867361546701377,2.119504116762302
2.36831392185881,0.7525957749228871,1.1597929496441632,4.798239040309607,0.5995051360622793,1.2737888248682498
1.7802547451942328,0.8366797939728745,0.798394347234023,3.4254330773195676,1.3401826192367923,0.3097451903373889
2.187614300686293,1.3410399974168674,0.8849422298547368,4.38193269584141,2.1150695202026526,1.4177520041428764
1.3133513027823254,0.8130574523910871,2.2134619249095553,0.44433726799383616,0.2586341810015527,4.74578774308606
0.89921200999359,0.5923196754070634,1.2221485961692835,0.6686650827980435,0.38598405454722373,0.34737724396738634
0.9024428284078736,0.5384963677209907,1.4153319252181258,0.6820771628239501,0.5678442852958722,2.3407836276833898
1.3939221885477742,3.264511805012124,1.3691895140762775,0.9465906611153572,7.280042517314363,1.8021110828590736
1.2758535383186616,2.0274778604656594,1.7216668602056011,0.9995098296115927,1.012182032602597,2.761306418452074
1.2582823757216672,1.719319765257575,0.9025823323343278,1.5729620576698071,1.8275382806751401,0.3264507660195345
1.1310638217554314,1.0542976650839613,2.707110350872656,0.3484205170773817,0.5529378514201448,5.681061557400946
1.5330879829218964,0.9521361005824936,2.1828001703212268,2.350425171093756,1.3484919783112175,1.9402609934669848
1.0152575823263654,0.5214575149152285,2.3962719285157554,0.36680397482875743,0.15401950131850517,3.7555648358863167
0.8379907106458503,0.30442724373787594,1.4816483345197158,0.7430217137454463,0.07072001407657807,0.5663359226132358
0.9586918086197076,0.5906550247612378,1.8232011262128693,1.3997198437822864,1.2649831017763682,2.689636151965209
1.680031605769019,0.6255747686736233,2.100359301523904,3.18359447156223,1.01718719158425,3.037647522865806
1.52366183864416,0.4724570200972648,1.4062401005452134,2.690068636387124,0.29440383626012095,1.0131203753300104
1.3783839786831351,1.211247330405767,1.1354156877402968,2.0742877056557782,2.3269508700741963,0.9688655096049132
1.8274830637713118,4.614305947474908,1.4137534117692725,0.3386683437281195,9.896304583599722,2.1446980059781406
1.4012275054983334,2.7142053375916744,0.6864135221222472,1.5839265184123035,1.0071930376381852,0.19612482732792283
1.0189282594039621,2.073418957800017,1.405422338008905,0.1830171341590901,1.9593059484240427,2.660767029758931
1.1852907753669393,3.624720264669801,0.7533090554015932,0.9475837569686868,6.592374742530471,0.08766713250588695
1.3460642414675148,3.321109512190864,0.6883681464649652,1.0672215918468255,3.5620542046900807,0.42290012762221985
0.9886579859446354,2.167286065028727,1.1275684210154608,0.08125119312718007,1.2455721247624807,2.182144119010086
1.0875968864842167,2.2398365597964416,0.7235851168929401,0.6403777447540951,2.6749282771049994,0.20699931202312236
3.0347675441391626,1.1991505422866973,3.0436482068116635,6.23126111653828,0.2742414594764771,7.139854043286729
3.500177103211443,1.295624200342664,3.051828498761823,6.142317643496284,1.43530542870287,4.055918914049469
1.597549885388685,0.9757309387883405,2.4324862284454563,0.868738846786406,0.6543994947667175,1.9686163677965716
0.8890157981698354,0.49384775680427384,2.6120671807948295,0.08811300010484456,0.351479380705415,3.4191514654932846
0.9931896759640653,0.6976134447335856,2.9833643250446067,0.3946956297242957,1.1112307723371349,4.371027707245847
0.8878468042603341,0.5489325267282581,1.758159567824049,0.9958773481472859,0.28085780468434884,0.6007935240993478
2.6883258933229057,1.1933457971453065,2.4085038226388367,5.904567863827641,2.401191081907428,3.7864098235827672
1.220504274190768,1.1761943872247913,1.446194663120654,0.3044362450926456,1.2184947739197922,0.4333137299501341
1.4497369966952636,1.0520446207869014,1.1911468566251107,2.8837481310976556,1.514921886191146,1.0666274054297107
0.6009352430579894,0.6884958441361121,1.1667819767380538,0.23010923594385854,0.31652878265477224,1.634065941013869
2.73467554651359,0.4911407794771758,1.6182490554465654,7.953931471564043,0.30111482923963734,2.5027645856518816
1.260131653385119,1.0504905883394953,0.7248481707241521,0.9612929247672664,1.7513316027880805,0.061209812944061553
1.7694092387444162,3.782043311167362,0.5519511250401137,2.9853956311125174,8.400710288847648,0.6864160984938276
1.4238136417771454,1.9760896131166397,1.1733601688023945,0.8388981070331176,0.2024063017246352,1.8756370937755154
1.408027793936915,1.2855007259683273,0.921260249838574,1.9759434109241534,0.6729924738026223,0.8843681853365062
1.2377011510653417,2.321707583270811,1.8179273866028363,0.42642625503133375,4.072137636095513,2.9835324826636453
0.8783983754148559,1.1162835960686077,1.7554024686040286,0.31569739651275086,0.1500334116347392,2.1091075229776854
2.4940837723107285,2.365573214274037,1.0965010528822456,5.5633118771487835,4.173105071823893,0.5341946752968059
2.63115132441177,1.7689535345832335,0.7807087322536798,4.993487535413324,1.485876821431502,0.3154818531629457
2.458133802816727,1.3651558054131958,1.251370528922718,4.369052016892125,1.0493987545911099,1.983359783496457
1.748672791169549,1.085439912920132,1.1879508945338995,1.9639715773044701,0.7412016766078788,1.1973740973598614
1.6515822375141775,0.871414424340787,0.9037239504316361,3.303315633987162,0.7051301111605616,0.3701475800744839
0.7240675006539684,0.5350867560829995,0.8045681726008631,0.14307135388085981,0.7299977911961457,0.7901610460399063
1.126191367712969,2.1086813260582535,0.5851103198265353,0.8153021167871524,4.322224551048258,0.7220738824586619
0.8081863476976339,2.078600438364167,0.2390114123656371,0.752889964252741,2.5732255373894968,0.22887421680215098
1.3299167736612234,1.9149269391714157,0.5800045763417618,2.0192549910306883,2.2156472127743,1.5833246663814815
1.1185166371025808,2.2554185579482193,1.5193909245631094,0.8799819717647553,3.2064062677649434,2.88487148365081
0.7121969261810286,1.2162253337814655,1.457445559267912,0.32152748652141094,0.5944271410797735,1.7135305518525672
1.4439417765804996,1.483051186163548,2.029341506378426,1.8149943942258158,1.9248935003374334,3.500751788925314
1.7213393140012294,1.1483112243458482,1.1561067766859847,3.3681496561130078,1.2326176233693946,0.27294238427127926
1.418767232804936,1.9308162412973564,0.8986515927922795,0.9629333414324467,3.050576241088056,1.1440261376624832
0.8713105581432632,1.3345724708383147,1.2570735811047757,0.2837463837159826,0.7399723227215008,1.8802198582533085
0.8142331696509421,1.407305716176161,1.3682048189252307,0.4380246863178717,2.0610398995493076,2.2540331618466984
1.1204621129506274,2.353211396663388,1.597596716511718,0.5422617517608701,4.277744753580838,2.3800497702509453
1.0140921412133168,1.804911061697056,1.7581885621665765,0.7130573178336337,1.0288323782584983,2.6110177819097977
1.4152423992013512,0.9314261471065233,1.8109577709537628,2.0588912594014857,0.13789021818546005,2.107831338670549
1.1404062061166773,1.0620377026591785,1.0354645789405095,1.8373144823881058,1.4515507652346284,0.19793551686466396
1.4178984861020227,0.8876130672186429,1.4352852956984665,2.3819806292228454,0.8492117216727981,2.376892453163052
0.9268959811029944,1.4652710135923308,1.6474847739444287,0.9004082298900202,2.2308580851971316,2.580388308933495
2.821713684725133,3.0537893435697008,4.82502656344752,3.4745158848839024,6.033214280730242,10.065741663129424
2.0122371764816362,1.9180139918502053,3.459856910841761,0.45653245256457403,1.3295405529576567,2.364177608793896
1.4739687207081462,1.4993519867230216,2.6789216139888365,1.2661399960139619,1.2554314794709305,2.322020737180424
2.006397692125825,1.6972499617882286,1.9133812829043713,3.2282851394126926,2.1260162156873217,1.4464429868582511
1.0868758243737624,0.9308423850877533,2.5902057996266,0.3972888605735621,0.2185084026536947,4.048739002004307
1.690912232085667,0.8162482673093044,5.761153645882547,0.23276004659411556,0.584735905253392,11.511054032938977
2.9188369572119632,2.3362828621879923,4.191440444704684,4.302888751777288,5.026101832284505,3.0195912612917044
1.9306140482932135,1.9320668912121073,2.977332565197365,0.8399284160453319,2.2169774814851873,1.8960808106122715
1.5513223877944518,0.8913383022567926,1.4958112802012344,2.303204305416183,0.02707046673547357,0.16449239216235287
0.7559130312792224,0.4391335289290641,1.6740681520897838,0.05135082950555548,0.4578843431259342,2.5946567572508656
1.5419945982892949,1.2597680060894474,1.8768018598624645,2.3426684917530642,2.296680560902899,2.465853016948585
1.4607284560650606,1.9224846546195684,2.330287185693246,0.7598909772532582,2.891232885002991,2.988366343196857
0.878864274406946,2.5496158879282014,1.3184241906895557,0.11470926201078474,3.6634083557777344,0.2660467882683339
1.3717697373612696,1.365408590280225,1.459641336503137,1.88225711294866,0.6911218775304888,2.121087363211635
1.1998448794488692,3.123920248648821,0.9360121359027842,0.5509901162779062,5.34812659818726,0.7011696384807639
1.2419385982507425,2.1657957789952755,1.6212401249366546,0.9781518846299005,1.610155770224079,2.856494351242525
0.6438054616105796,1.9088847495742907,0.9059110833442064,0.16802625201343388,2.385004502676876,0.5498580231475224
1.0311507348841265,1.638514453101945,1.4290582433567423,0.3183742688866944,1.8163418874189947,2.303891178510738
0.9640104092622493,1.0716502206857015,0.8697530808251408,0.7075788948270115,0.2619038552980863,0.6990949438837358
0.9692226771271334,3.1992577055274642,0.5698088455866506,0.1880928585793354,6.599882160345154,0.018069971310080053
2.2393313703583426,1.6253676797123433,1.21520650749863,4.834337459820498,0.2622128530809489,2.0067382875289406
0.8109725472072172,0.9589122538936707,0.6993994238647586,0.012130801184774685,0.5884252507677527,0.24042741179414084
1.2081625524474293,1.7303812739464188,1.285265877990109,1.322755313023651,3.3600199198587024,2.1534558522460707
1.0807892706341737,1.531393998186238,2.4984711916569737,0.26306098154613683,1.9277972382976292,5.196852678504752
1.7210332286852048,2.3094925875369996,4.070355777679063,0.7354113746625787,3.642160283701188,6.96346614538491
2.7525577612134122,1.7187884677749812,2.3071069213648903,5.208990744525223,1.45025091083356,0.5381736476908981
1.3610455514328101,1.187050492999376,2.514191191187682,0.3527455000248111,0.9463958041882774,3.3136170596059142
3.3147976386922338,2.8139881364937023,1.6661199066860217,6.752950205462651,5.098135272824685,0.8725289846426472
1.525615698519245,1.3239765013579408,2.5658813862817444,0.4608257604322921,0.0738515175842022,4.614332596376183
2.19096746588239,2.2178912336136496,2.5318441893442594,2.7062307129804157,3.877693393093118,3.097528406039069
1.4453793595640272,1.31945408501142,1.4568706321766192,1.582301935286763,0.5248547744076103,0.15359301729952993
2.3343749678577264,2.2770318074240454,1.1983434993299131,4.31660117865458,3.7774615822829607,1.0455838500321084
1.256744711577033,1.1972018418250987,0.8851849927768328,1.6148424097722456,0.2997783107095208,0.8229195586273675
1.393223585260705,1.355330567361408,1.6923088310292809,1.5295408131807164,1.7360440915422248,3.0759191247033475
1.0639767642752755,2.5778725915983682,1.3838241442630865,0.43496421606192315,4.380440869628678,1.0562342294323912
1.0148019529124457,1.8461256471335958,1.655489770670669,0.3635938577944584,1.2831585059908603,2.3077536379899826
2.3634631410703815,2.1656494099012975,1.482828411647577,4.965557457609537,2.7453090071520565,1.8447949582666752
1.8643111683222062,2.3912904340839836,3.49396552413961,0.7945123838399571,3.2661462515557784,7.429520510647789
1.9147511818398268,2.311558558811604,4.154479254482696,0.9306922006654966,2.667359865875592,5.55431691282886
2.6034336168051047,3.210677608699734,2.504026999524654,2.852763737786412,5.189346700194268,1.1161822033065336
1.6017883075258923,1.9383008338437602,2.348223775465193,0.8274688570439317,1.1841951168032354,2.571654722222703
2.6842263328292932,1.010475416757358,2.586777408331435,6.075712173436884,0.38020455045476176,3.537571913497223
2.1952267605413898,0.46396784991245077,3.1861484435677023,2.678270244745008,0.09798360276890548,4.5830085030582515
1.1555590964427038,0.4109354459092216,1.6503468926607745,1.8197688054499535,0.5659460074479244,0.1411330690403494
1.781659684383107,0.3584586834573827,1.2351244917208803,4.255502339802167,0.3090956930956043,0.7192981510692498
0.6463442518285514,0.9922020098503336,0.837333773973439,0.10175709418153679,1.632658868046292,0.7720016671775478
0.7635191358794869,0.7166755927985345,0.8377616699699008,0.5942872298591737,0.4090001941691534,1.1398988220336161
0.6898097310099588,0.3166256104492162,0.5456041665266681,1.2511128976480546,0.07942377868300796,0.37088825561373934
0.3973739640041696,0.30057504051984063,0.9117192186235804,0.5148969362601057,0.07330686692228063,1.3711751726612815
1.5391904513391492,1.4318466333444728,1.3380004509523087,2.7244150819374386,3.562464134951731,2.176617074007044
2.4910726967525814,1.3399173978538366,1.2615497116714596,5.031755425248586,1.7902816106916826,1.375777740342475
1.3286905584885274,1.047117829463856,1.5410722057123984,1.1024972011245207,0.8865997062256867,2.191990004689825
1.064332452130166,2.2825865437469828,0.8247337428487043,0.8375037757831614,4.492939697893335,0.13750358356492678
2.786359438811186,1.1502447131476632,2.205177174141318,6.516831249001762,0.1455642506018503,4.174743109891066
2.461151713109401,3.8601799762117937,3.3280722623350396,1.1770426275602177,7.856515428881202,5.5960327106981715
1.9485890093020073,2.8190668392190634,2.3942251778086,1.342960820772535,1.9157457713932466,1.924184708994572
1.6555131408529524,1.5240681551651243,2.818308380884628,0.8666488161807586,0.405369175889833,4.263845796952827
2.402897313770275,1.7032393059656592,1.7301791473878385,4.805882370324289,2.273058881269442,0.28185107647153324
1.7355150098158358,1.9284193341887372,2.130008369092614,1.683087814326118,2.8826102484994993,3.1935263554152242
1.7209102972336363,1.4050485489290794,1.0949921069426354,2.8724368681677785,1.121933141461441,0.2537317554400258
2.0653544617202955,2.262666267264375,0.9520926811491477,3.3405715008009804,3.955685715629981,1.0485318543650224
1.048746798892433,1.2455363178322445,0.7661604872501828,0.8366419087816641,0.32676191315857617,0.7825875979203841
1.0260100527559552,0.8351594176895165,1.242132106077671,1.1372425917662587,0.6537818031399224,1.7618077228936322
1.6648953203216952,0.5310988500274799,0.8333010114216688,3.773966727672802,0.1963116451004886,0.7176818194414483
0.843022710574385,0.4165899216791527,1.33644988378969,0.9027731396626518,0.47366828398667304,2.0284336234964546
1.6203393734449985,0.522961619800857,0.956143909798208,3.15912854720547,0.5455312541190336,0.915793750573551
2.956478171189781,2.1325250474506707,2.138936841441653,5.660175435370109,4.993145451322694,3.9435488633531928
1.7707286003125102,1.096411486635869,1.778933007206571,1.9521365320651216,0.16265806155914414,2.009609238969747
1.5300037899497272,1.000825387075106,1.1189646931540276,2.706704228487857,1.1151885857251245,0.48490326000911366
1.8224009748949554,1.055767446582162,0.9932126220016897,3.2705097621734693,1.5202784838358372,0.8193361223931059
2.2097852865771146,2.3811169970993276,1.864725960152165,3.7291719882365952,4.57920059903451,3.7601440955757175
2.3431082662400073,5.997820034210595,1.2397883232932156,1.0052299731690821,12.14640689138568,0.9770840160409916
1.6177113770727607,4.206286488264988,1.3646468459723242,0.10524827318536731,2.7998789872599255,1.5348755442887092
2.0210445601232765,5.056413620428206,1.5385722335714478,1.0279152842937127,7.06655615028144,2.0936072891203783
2.1632173945538975,3.9144243895470363,1.1130220080638342,2.24022083130239,3.093876053328263,0.8548376223525866
1.8192875524780896,4.553177878276787,0.8592408097349399,1.196948537647552,6.604658403820292,0.6962195477978024
2.120123254604855,3.3050936888583626,0.9118769998074211,2.764311082609331,2.457014152859425,1.2896853261499477
0.9997119767012284,1.5243865732613744,0.5050452711780492,0.8831664585052856,0.16624899149329028,0.4838398895736057
1.1306475415034232,1.2930128605922624,0.47925039112411105,2.0143143753940715,1.0280621347398893,0.6687385421815526
0.6149165368907528,1.5204145080746971,0.31637373458126633,0.41262155358659103,2.0802940664494973,0.12817801030505396
1.435888400388294,1.0392378067650347,0.594066080575598,2.7675505664846294,0.8637778533141953,0.7247258252428443
0.9165176201815372,0.7413541947198685,0.5937741990681721,1.5779772657063342,0.6387140527466543,0.7733968973168612
1.2044892673076435,1.2851772884562547,2.9292463230690506,0.4564739730869154,1.7226548792318164,6.531576736037766
1.4969696519033922,2.7443935238954493,2.204416398017814,0.6903714639934428,5.421163105615595,1.7818738732209958
1.927515809171309,1.3944000295923633,2.3565781008943394,2.761489247534796,0.07121678779696473,3.096520302932843
1.2399800988454714,1.8602187262031398,1.0338556890734159,1.3178827948925627,2.9326779016161897,0.09287809127058864
0.8272098700980297,1.8838923866233497,0.6099377043678046,0.4867727239560832,2.565507402712788,0.2253000249977558
3.1956494400471076,3.71186744041336,1.5195444572818637,6.838999121050817,6.645886874942507,3.3697993334413288
2.57404785380736,4.144573086780132,1.4789234428870446,2.511409721959483,5.338944648640526,1.9539376915237203
3.382523566228302,3.3599923481466925,0.7055451178262522,6.299391460341037,2.8729244689611124,0.4238683004598204
1.5521579263133742,2.3346720031587274,0.9232902292161772,1.1141058086194473,1.4696422619606704,1.0377001536935408
1.0667439782761006,1.2052852887747632,1.0756402246903969,1.289096319568669,0.45698454358425855,1.5472941520428187
2.215424872350217,1.1703204440890786,1.911052479143449,4.564687010091151,1.5759521130516223,3.710802597986308
1.3921211646427263,1.6961090338739657,0.9608860757203709,1.489088709087208,2.89933746839606,0.12462757766299438
1.8163706943248816,2.872581090922431,1.3568941826889438,2.4570700821866014,4.52037755937592,1.8162596921839256
1.4787068097446627,2.599584591639291,1.7220027682318328,0.5811668947327032,3.11855460608435,2.524870641594163
1.9040980222477026,1.4024775319622493,3.862803832297011,1.1838055362178272,0.4344893061289588,7.6236186359346725
1.3935339292283104,1.188361490336145,3.112510876201634,0.2635227561877133,1.8310136495595442,3.291789710880722
1.216396181575833,0.852562534540835,1.778114920931758,0.4612933486386267,0.8074536182453869,0.6465558098156378
0.648862008300957,0.42782849863832656,1.9512195994627657,0.001887721127805834,0.018496602796141726,2.472848704346543
0.5806458969316846,0.21936479375326945,2.1728832534268196,0.0801134324421848,0.44683951838385283,2.8817366720306703
2.8440076125331357,0.22715884997280006,2.1294150653945496,7.569355945842468,0.24031817481617943,2.616708339152298
1.3808171349405962,1.6854232795414092,2.36786570918471,0.5550772370288581,3.6994440999721387,3.4311982521508124
1.8422662974955601,1.03018942289596,3.0286190978809224,2.1771895211593257,0.598177098393386,4.681196576225191
1.9735834682530091,0.8269013906029383,1.5513151960479312,3.6539407060259395,0.670100808693068,0.20723489135101616
1.432708792522317,2.9807190574049383,0.6806799632870235,1.599952923035993,6.4345827514860785,0.2213354986844249
1.194408900068443,1.7985784612591451,1.6487468548103532,0.33245040221713373,0.9531277148859824,3.1831958783035454
1.5140897024914033,0.8299891028975204,1.038976928054612,2.604762765559322,0.01926375622092836,0.5817007765930787
1.1501448115318522,0.7715522643776224,0.48055938959743505,1.833838909455822,0.6677205169852456,0.12064985510241111
1.3361499875240197,0.35380855720607945,0.6140376205840921,2.627951784926269,0.2540755139215812,1.0257527201133374
1.5558066037096563,0.18649829181497624,1.7283570869111937,2.9371498733338646,0.21697203821988353,3.428229677208029
2.806664695946049,0.16897432575257018,1.0730520075060315,7.4108607509569575,0.1613082510634833,0.2706431854429652
1.558550130974945,0.9578772928662193,1.5311343728086566,1.704582587156467,1.7991596313990412,2.2285199866880947
0.7236807313554602,0.5166138758034181,0.6347208317123499,0.8360101498043558,0.4198321518197826,0.007244829602156439
1.1098869063116639,0.4486447332380878,0.31686234851726935,2.0908894779211513,0.896461712366118,0.23247771325748187
0.7239352188462475,1.7564465907913898,0.5569146979455276,0.14179088025243025,3.9612599596396123,0.8641839936481489
1.637041660350072,1.4357433563257405,0.16966129423863585,4.553782418741062,1.1044696778479282,0.17460963504054058
1.1912078604668321,2.512646110786971,1.631964911045375,0.25426044514091534,4.946541620247326,3.740328714404077
1.2979084881030565,1.6441532600638422,2.536746489266619,0.7945261872182059,1.3780635345863348,3.9912378662921055
2.028225916172295,1.2756044007743983,2.458213661099887,3.3828733539966342,1.0177770517700966,2.817658372234647
1.7822508374246429,1.68700082950955,1.5008470639544935,1.8191882998802513,2.7757025617069497,0.5554097054268251
1.1160574845214948,1.0204999842417777,1.1819672664742709,1.0005480440500165,0.15198123763531315,1.481513799465519
0.959652777587284,0.6646947044208176,0.815552145886852,1.282763500917089,0.18747527635388692,0.4071439737832041
1.5513147940205396,1.1481021971464338,0.5908989131790553,3.8558099438128934,2.1109545347122576,0.6605625407288161
1.0175568449973973,1.1401940954576695,0.8461449292433092,0.8310441790580774,1.3347277435090208,1.4513626131373094
2.003685346669745,1.6446897442569117,1.5246779485233122,4.075059441187644,3.125254176677726,2.6561551235055787
1.0627268035698831,2.675462433472684,0.7756648317808824,0.18452540431865655,4.960335886671409,0.19887701613994785
1.525435386738851,1.8724081884504298,0.6695339660402994,2.9993600934920934,0.9832452990906128,0.7039340802822677
2.2501195332009316,1.602141516810365,2.311578330036346,3.761806159250693,1.8147116673740131,5.224244476291915
1.0407737806817283,1.3480529937430572,1.7266256026500026,0.4013400978604373,1.3890828152671795,1.1211641214899382
2.018405234178552,3.889641750232345,2.975802278957107,1.1254541091223675,7.991967786237055,5.589494401150278
2.2709290195186576,3.24926570413857,5.474320171069887,0.3618445317094126,3.5567122812816776,9.51211209776801
2.4334445997425997,3.4767240324240545,3.232528354036085,2.4524649725810823,4.854884619783081,1.4958819305641549
1.9423635594048012,1.884922638970977,1.8546294053215069,1.5329320830147914,0.5869713283904917,0.6794783619522943
1.7994956971857898,2.2258160850564135,2.1328300805337634,2.0174883988342467,2.9614423862124393,3.128707390503943
1.1392900835443684,1.393637605197908,1.4285656297880147,0.43752374719074555,0.617057661319546,0.3470663413357756
0.7779628343167336,0.9817683584234782,0.8875070236057787,0.47586946206738917,0.46826373828571655,0.5808298991809129
1.0228143886551306,2.692629251530076,1.6351028342736522,0.0847658524266528,5.77433553990325,3.0731176926457078
0.9523380992803712,1.448811997609349,1.2400657266272468,0.7774152108726404,0.038986360464170915,1.1370716433816683
1.629587898801451,3.479884136844404,0.6079327512028929,1.640800810473627,6.727150332973528,0.450135645544295
2.2423708435631307,2.0497358896157207,0.9797946050398852,3.9029399485212806,0.3233018996347833,2.1060874448532068
1.9664085825369808,2.2824972024273644,1.4825013265308338,2.198789874467311,3.423363045753171,2.6392302263104703
1.0135227083068512,1.3327000805255331,0.7111759952747805,1.1432625026334031,0.6457138428339788,0.2672256249079262
2.4310948773728263,1.158359757797606,0.6156337819909666,6.1203331477286955,0.8637280079940667,0.6486375085137145
1.527944248877029,0.7394501869345378,0.6097039938989339,2.5405471809986166,0.4886263889730081,0.5001991325779204
2.1537773099831448,1.064609447094624,0.5644493074355159,5.323245734224551,1.7614323662029665,0.9556027173775048
1.30348296340015,0.8516893347269272,1.4194569026897181,1.4998074724053108,0.8557145461035301,2.8831481970239685
1.2582091335672245,1.4595362339043094,1.9210788451168892,0.5992509564292686,2.142342753174133,2.5014867344475316
0.8606418104481024,0.8843152054161589,2.0090538127166218,0.10854637839706188,0.03154205884054382,2.172521233521129
1.231224048624642,0.5189299472070401,0.9970802523190719,2.5898737950044683,0.1330807986172567,0.012610766161699568
0.3452823782001775,0.3731127707980175,0.517190168302238,0.25863029670177057,0.20996817909949,0.3066364507148679
0.47653928921379257,0.5214740197171541,0.4745176066242505,0.7212945844751538,1.0859873070643997,0.5053958960687389
0.804389855063854,1.574490295518892,0.5102940128293308,1.5205874061283877,3.3725965820014916,0.6347871631582302
1.1735252323092473,2.585746434878734,0.26300406167452495,1.6621379379017116,4.381692312378207,0.3166473465120281
1.1912905374658482,1.518472855187259,0.6101211806462247,1.8354995764944992,0.5615737714618386,1.0563354363263062
0.7428833373097464,1.3750940858668224,0.40235037919221045,0.3636561499915391,1.7083684136566846,0.15631357514236333
0.9976666145281976,2.111249511260484,1.2683309826365117,0.9552247000015246,2.9251847810578226,2.772766253221106
1.2674695559263163,1.2966084369673971,1.8383228921453134,1.9204550776807392,0.6816859525810265,3.0997056595836545
2.6560570381289557,1.026193692444477,1.6748964335261627,7.001076413056926,1.0519047051720918,1.7078843213591333
1.7061714299265063,1.0433065522316356,0.982150210802235,2.6011960399530594,1.4845664603617064,0.18797284221155072
2.4244888239010853,0.6010874946398708,2.325182392151667,5.1176340816604515,0.2897621925656608,4.416062571912409
2.0605035855916674,0.10622980976926949,4.10565402617765,2.872752007616703,0.0526515931570661,6.741481579173997
1.3829522257019655,0.3646774524143972,2.124502819372581,1.7915892827681374,0.33165068359715366,0.45220474944075106
1.061939480453645,0.9235585059179331,2.0619200702496547,0.42644428615548546,1.9715690000074169,2.439119432696993
1.6110681781776852,0.5482642803559985,2.505506206524137,2.19733849193537,0.15293776944268694,3.689543815426147
1.3966574651673471,0.36890239711054895,1.9177310111131365,1.9530348099273842,0.4206924866954398,1.5523773579154287
1.2648008017276868,0.5707634701973103,1.5131798778927033,1.8449655785943824,0.82453806185415,0.7811227437533655
1.0565657974654317,0.4226788979817678,1.1404615234466577,1.3458495493867908,0.16213827454154287,1.3023171994409406
1.2596484333642817,0.39300574134014504,1.1758956713227764,1.504336744070725,0.4256422010997034,1.435981487301794
1.1711421787461649,2.258229576815337,1.083000953073748,0.8142605688443645,4.8443096999024196,1.023775856249798
1.4328703235298559,1.2079149295647797,2.6539510136526046,1.4650766178581305,0.038975583467242926,5.31402494729884
1.149278539442939,1.4980188430658585,2.411629181023145,0.4401861816030011,2.1193520252400813,2.7242426816616314
1.82673496264554,1.14515574401125,1.448776312981366,3.271300932043419,0.9703447695642893,0.552302002409579
0.9843710286695929,1.2659618760996807,1.3679129474124139,0.4110418781744449,2.2334429865545045,1.7616405618423456
0.8003419810199205,1.4401215025985803,1.657255757014148,0.17758874546879264,1.7768245470817905,2.3339267025886654
0.9869925686117393,1.0359418136332659,1.003641698053719,1.1462746791993639,0.505914064430431,0.30200958395589017
1.431289170139528,1.952598265833975,0.7778216150009418,2.1476877842757744,3.7573749912526972,0.8876606907966428
1.4068986467001603,1.5194408338322392,2.4391780319036003,1.1514993715268136,1.3543129624425234,4.719332982976549
1.1760681448490529,2.1064818202253766,1.7525611897521918,0.6480120963509531,3.4579752282291913,1.6748348007792078
1.1711287346581691,1.3186761624481083,1.0746962958149746,1.63366553158371,1.041794129072342,0.48923940880146977
1.331574554273992,4.096527977810263,0.5412570593977996,0.8523634522946468,8.35791741500581,0.2620058651660773
2.6519053648275643,3.253921347396941,0.7976192132232305,5.402179665330414,2.9436117647408713,1.4605640182232624
3.2063957522492257,4.42395720564152,1.2694572990428108,5.118703735051414,6.759862540537768,1.5867560754564074
1.8934770265453231,2.5542112025553103,0.997209269251381,1.3958042145436331,1.4444372962452716,0.8141762029631877
1.29955088809921,1.7832834490738771,1.3460961472742676,0.7946486508169145,1.283734075222411,1.9907546141796502
1.654678136349773,1.976685327999346,0.7987588989369451,2.6722096974216583,2.816702137990081,0.1423147522888265
1.0004559341972,2.731987381026887,0.6297056694819368,0.07480765183071454,4.245387356767481,0.31363441466198566
1.6935550919470428,4.166853155815117,0.9767270252088261,1.2878342493375636,6.656588897348524,1.5805227857551776
1.20592338504157,2.4559981316816266,0.423103885848,0.8199205754235015,0.7847579308820651,0.12761772167697785
2.6325048875714803,2.5136663516280513,2.030255614393642,5.064899488328987,3.2059633362356443,4.255730797746212
1.1300558008392436,1.3766056389691945,1.000968756938976,0.02415129056028017,0.4730797596357438,0.3066435779696231
1.3836572206959883,1.309300804496331,1.4167697413784932,1.6095652436463972,1.5774419158860782,2.241224285597718
1.5974186610453724,0.7396884636866515,1.214362018005153,2.6992582906839346,0.39653154200321766,0.9925422514532698
1.073174287538918,0.7572282077582926,0.8497004517154355,1.3272466123190378,0.8535737043123112,1.0209438644519315
1.095299575164561,2.559800100544234,1.6979882445453514,0.17854356173053743,5.357712072601341,2.89539956855947
2.994956647059056,1.6755691862721183,1.3860954698400345,7.184332520018512,0.3158605933141816,1.3841440541809171
1.5989013247222421,1.4362782760059027,1.7874517285490434,1.4596656140496989,2.001524647165989,2.5867410610856774
1.5030045593186272,1.275750684307437,1.5084697981513802,1.9048010483856337,1.7976594966415618,1.4071678235343652
0.797332542311981,0.6374284198524804,1.4006899989790333,0.5399719068159187,0.2573455217357737,1.797419088362792
0.9977944163409393,0.667651263052906,1.9971776162498567,1.3213525659769436,0.7889881524440946,2.86019682736476
1.0783910863424784,1.079023274750423,1.8239080583638652,1.121255821772323,1.6555595220369563,1.869463162520315
0.863269146293791,0.8059817087932273,1.7727601189562365,0.15569788913576454,0.4144877696454805,1.9122218181619284
0.7986424483123241,1.5751345182953929,2.064555580230253,0.22445777256177626,3.2251221329409034,3.113876810190101
2.6141385987483656,3.61571102368501,3.3488330203887555,3.63381636294305,7.162312150935693,5.955266735470959
1.4978830268383507,2.174566455801278,2.0478987599539327,0.5483999375359758,0.483530222594408,0.9455065045867722
1.208221813504541,1.0710567567306595,1.7076000529065274,0.4337223325187647,0.41383178181244473,1.7213202114713206
1.0819700289103,0.9503231935949594,0.7943881758718703,1.4060372920966986,1.2137007141964136,0.18044722372029423
1.6706905963808498,1.7413963718843395,0.7773492600028166,2.92848699549536,2.754790370142382,0.88883982061266
0.897663128663331,1.2396902619714898,0.8054358665471995,0.1278966303219529,0.6614592228622103,1.0622241041739426
1.1755666896974097,0.7322122077458189,1.779301356484704,1.719858224628267,0.0401603453591252,3.6064982483732946
0.7650549388947958,1.0037481166370839,1.455540675119926,0.25387309945995734,1.5583717111532094,1.440594469090311
0.9914299253291046,3.110193279269314,1.7349437593472008,0.07428473453950273,6.2746178403147574,2.6265813414245978
0.7827765238925543,2.019683414919057,0.7766614753633083,0.10837168895391924,0.9927834424333771,0.03838072558906678
1.5949821593029354,1.4816022891329708,0.9871145631655429,3.593513166563624,1.0899183846527414,1.2490814007040258
1.6023712629530416,3.5707380638684105,2.352520185043081,0.25106405152274686,6.941205347982509,4.631698653831377
1.1000951683954237,2.7069012479021,1.3326385655119202,0.09240489566028914,2.3723156199497875,0.5080147258828114
1.1611883346543432,2.223186765026808,0.5594233372127102,1.1521506163930602,2.540025243901328,0.06405940654217053
1.783030387270358,1.8308655503589626,0.6470595168162723,3.7157148521653185,1.6542808127508817,1.1362342119070188
1.7447891423435449,3.8133334541656394,1.1672994944247572,0.6087299264319618,7.346737606271531,2.43771148672029
1.4872802176477236,2.905279912637277,1.0588771312120966,1.0953686647224408,2.3350662968030855,1.2119711547950525
1.1536501130626389,3.400821798945775,0.8818355460421159,0.08148260505969776,4.508213795062048,1.2322919601317845
1.3292104524008883,2.6107111463826618,1.1963241284208253,1.192325947750277,2.4038089943852694,2.216144029679092
1.6865767941143748,2.300049353858619,0.9079508208592727,1.7236670289740847,2.656925246820791,0.5871020107468438
1.2397758943985462,1.4856795652129693,1.475364306569244,1.6921634512012989,0.6861384801513927,2.7877644859761714
0.7638908805551263,1.0688887320582845,0.8582631923897612,0.8082121405602336,0.7233138037989707,0.3323772643276728
0.9049177025212147,1.8001217820776483,0.9820507531898862,0.7582302194710838,3.055574377325222,1.0075365222270964
0.8756532949712743,1.122314017308891,1.387102881176086,0.22549461509759477,0.7039613561593627,2.1342743860458633
1.2035478368446217,1.2603328701529304,2.205008098922071,0.9139325976185806,1.6545921369693404,3.5248169953795254
0.9367478375443766,1.006316033486455,2.2091566454289806,0.20959838839631748,0.573637719338858,3.135930542445168
1.9947057293319916,1.9366848911062449,2.2302859809192914,2.909968368878739,3.3963566300263692,2.558007733155477
3.124713254817321,0.9699703440928754,1.366267653592678,6.778990108439182,0.23419458192836023,0.8897523953973194
3.219843510984991,1.7901897910528952,0.6355638971499459,7.018085742403809,3.5374141358933207,0.26091069425710617
2.326863492782499,1.579603989049116,0.5178086239622712,4.006014602637655,1.84627725308979,0.4888217566360932
1.5702132363268424,0.9535155531131265,1.9501128593169352,1.836546137510566,0.4138258046986209,4.002500508939374
1.5848179498939747,1.0517923843856176,2.5306146998255463,2.413725266684194,1.561926717566241,3.8944612228214828
1.4201115690579678,0.8680643317524014,3.717357361892913,0.6715212272750013,0.6639614204619713,6.054893920698462
1.4493716979728843,0.6894802988213757,1.6953956034899305,1.9926733217074548,0.7815490936933758,0.15806185183507657
1.0263106419814698,0.7608377651131105,1.3195657241493393,1.2163240579046013,0.8662730337301267,1.539231934145137
0.8581755159651944,0.3641591447709289,1.4947585126152088,1.3156270235115586,0.13082553323190205,2.092132914020083
2.198714863568709,3.676435362996668,1.882918900409463,2.8357893491474666,8.531929718385134,2.480287493187053
1.487337415321957,1.9141232096637404,1.8582673588937206,0.6623440110623319,0.06408510233789168,2.0648809011719944
1.4564405508608786,1.96377469681841,2.0385239989283646,0.7655674089779979,2.172361008146588,2.939450985198864
2.267827902517242,1.3242766999516535,1.4136796212175102,5.171004833254026,0.9279720158273835,0.8909235625038353
0.8820684990198379,1.6614198173360875,0.887913137283879,0.11573348309165334,2.0769748734836355,0.39551887313676126
0.9096554299342041,1.1359197119634024,0.7288754766235088,1.329641569647941,0.8808842267150356,0.4577784828225219
2.039408941435706,1.3887852042988127,0.2565326488692297,4.87912025419714,2.240186602434522,0.024102024209405482
1.3860413138634058,1.7631831099083146,0.5504016625856336,1.8850795251782,2.6130117491281193,0.8625564531883547
1.128639822921747,1.826141228347008,0.2418283573187277,1.5811102447919352,2.34593456677957,0.19245811562283688
0.6545778692772659,0.9777431792848332,0.4523156287713473,0.5746820725007556,0.24199083773340588,0.775708269670601
0.9882934309431519,1.3798617249244594,1.0335949292293867,0.8409813241571871,2.1394272220441763,1.9788526155811663
2.1824304956550247,1.007269733924804,2.28216770623077,3.8217403851069074,0.6569735493933669,4.497672687558865
1.5271116030746033,0.643439382231016,2.6623863398250074,1.6384103115308866,0.05844853978029041,3.660237135717164
1.1792985844052342,0.7344654973732618,1.4921608541615852,1.4461499400157265,1.071708047740619,0.5825081207097893
0.6333898633560505,0.7489477838152689,0.9683359845410128,0.2097872794116864,1.1367085751169337,0.28793276437156423
0.4678799127788014,0.8996767401848805,0.763267455636542,0.03231599324588352,1.2591212248434462,0.42904234666178637
2.8786610828040167,1.31323036049038,3.237482910529496,6.63105919156159,2.4403681013725653,7.07999855141133
1.5656471135041508,0.9727949148089204,2.097792523838504,0.9463731140985362,0.738778889566925,1.5946811093427917
1.451248672161348,0.9037570828786969,1.2866605867645862,1.8487116454215786,0.7574920655443877,0.403014190962368
1.0122869639426646,0.49538823606789556,2.127599702573316,0.16614390765968892,0.1249261660147548,3.6745116768555164
1.3490175862030636,1.0586257012747526,1.3959727133990834,2.2984281857889117,2.321962113197824,1.0056859544503352
2.5414851528121445,1.2052872896525941,2.4882813930861523,5.393232893793648,1.677854411082789,4.589673418300081
1.6279333921815777,0.8896515327642646,1.522730449377795,1.714465275183832,0.8597977299425397,0.6040410958959634
0.8628988169769386,1.4080150723111944,1.0415821866893842,0.2696137196608614,2.4428414688356805,0.9991837808611431
1.226100098452408,1.4133189445024237,1.1063536794231905,1.7432157321100092,1.5416024001603896,1.4061839845286295
1.923461291316041,1.2825487006886955,2.325388025959556,2.9078381645143123,1.2669093116523855,4.462675765207705
1.5757141372828671,1.2528788917266085,2.814180393343238,1.043154891253761,1.4321133966290283,4.061416001732564
2.2894382054372175,1.4006055303757434,1.9260173469919555,4.237824697954126,2.023116514145212,1.7082995572631534
1.6568139247729696,1.5345419337558925,1.1344401239874962,2.0921323928561835,2.1576346438295992,0.5014804971723894
2.0505877060060294,1.0867957222034748,1.0201335890257048,4.590204683258767,0.6820470496710995,1.032872574076034
1.7390059281678372,0.7451866509843369,3.3399090213720783,1.95370267748066,0.3033752791183713,7.42905640728661
1.098597514440137,0.4187017460254632,2.3375340518168453,0.28148718368184666,0.3407089326862429,1.871830191895085
1.2040139106842573,1.0595717678279069,2.405273722516025,0.7412339713489893,2.039921387441804,3.0382600384973886
1.0478731427212098,2.281111482244486,1.6764726262780185,0.4507795149260442,4.125141880159904,1.195182045153902
2.24574004046013,1.4479022672091015,1.337117635807267,4.789981938518604,1.053558681633656,1.518605058109146
1.6817196662633942,0.825294230056037,1.167429154474848,2.8575693871468952,0.37150325030709125,1.120571417378364
1.6738681170859624,1.4736509855369795,1.6815273779247522,2.2564841067186956,2.8261187252606756,2.4275143515195117
1.5271625378287392,2.275790197586064,2.2977722195452173,0.7161127085267454,3.5734181808088934,3.8139502942120704
1.0970291503502412,2.8119182328645262,1.5753809968936623,0.4067915864638257,4.250258092590722,1.4159675743037807
1.600767483267838,2.357503471538043,1.4022128966035217,2.8248749718984394,1.8670336500340914,1.3111921001390183
1.436701116566126,2.7725480960850795,0.8911562426023989,1.285508777346694,3.942660879897682,0.831899158485857
0.8303052166478515,1.2249400496654168,0.5604268643101472,0.5118230918066684,0.03107000836997634,0.38983315047364964
1.5915581380093524,0.9879148006740839,2.6097253884911042,1.9174675487768742,0.22686557741488095,5.601901427853332
0.8121026736264699,0.570484688660341,1.4789222277945169,0.08233963529585459,0.19429107359868977,0.7598278318577213
1.133968349945155,1.3607608278437413,1.9609559456568793,0.7895556050868116,2.4937932083982046,3.225802441279877
1.2201442432590328,0.8183015682909819,2.109401511734657,1.2643186408469937,0.14424219760589832,2.512968918331585
0.9763011264787432,0.8285647115889321,2.2429290593054545,0.3202396994422136,1.3718044672318923,3.1300536953475353
3.6506782494612473,0.8955616044072636,3.2898386293689406,8.353863094461069,1.2799974309502795,5.52189377221812
1.4868244582381136,0.6219111812947962,2.563006935504291,0.4691608185918849,0.7441676017912369,1.9529880485980864
1.1627659343778238,1.9771203647582243,3.064019554381005,0.2793360926665708,4.086684774776398,4.564591509146291
0.9795209222265768,1.1262920046114746,1.532773266479473,0.45514386900763654,0.37370328884050763,0.36711821948312146
1.6030365500066053,0.9779599185945689,1.5622409727735118,2.9312044983965837,0.8691580224576534,1.9708131644710447
1.3611994527471518,1.8279522481332842,2.092444811619695,1.1085300650392804,2.9759588348819537,2.9592384196463186
1.4982582144664303,0.9895038212744596,1.3881560597662208,1.666731777335055,0.06178935590277996,0.6339227999440453
0.8234579358889652,1.377193108240887,1.6942762036855505,0.042465979806594556,2.2352868767670975,2.6999541892596297
1.0140220769416324,2.0831396900616315,1.9556269474422077,0.0700760673638681,3.389966834441695,3.0144561720240812
1.6738929112044827,3.247300543997536,2.4551340621136304,1.1805514995878807,5.384388315554535,3.5579386975042713
2.222891150903906,3.198465471900206,1.503513578890401,3.392773963111159,4.179737682871573,0.750501136758505
2.532276944525916,1.9267414442795827,1.661650630182127,4.329805034313114,0.769514360363179,2.288935045981802
1.0650495867820768,1.8252938071899816,1.181927059330411,0.18139611274190656,1.7655385212340422,0.7255391956503254
1.3107022825176486,0.8884717059399685,1.6424166886060123,1.5459532643861007,0.16088814491188713,2.6867792500130347
2.287443654601681,0.7983232812427463,1.268327471466348,4.888981447279088,0.5964617075707458,1.2434162899574608
1.1381964260168016,0.5076366867726058,1.4036437804582864,0.9819569570060966,0.197922908446824,1.820340870947585
1.59716997828413,0.51296778251399,1.1001755500417398,3.5388123298035152,0.7572197887762344,1.0751606585730977
0.9641962594374353,1.8170506673883042,0.8738990581611781,0.2870379876437126,4.161880744069818,0.3534336102309954
2.255351925681484,1.221234693203757,0.6649207724316164,5.478911145142548,0.8528673591096014,0.39210161733071847
1.7293793863172928,1.4033646645240245,0.24659428660864205,2.7840077993678456,1.65060750822657,0.1614852041529446
2.517032185269935,1.0681530583203984,0.8834745129901261,5.671803263285601,1.1361357814722324,1.925049899057925
1.727866995990156,0.9249594930854191,1.837392181373978,2.257837243837193,1.22836342629045,3.776167178772803
1.4334055980334894,3.320452928479752,1.087345828546251,0.9032398814306208,6.984787490858777,0.04211395290115104
2.457077074773161,1.9453355952403737,0.4302913600055054,5.5670946184237575,0.7023927240932906,0.13707059970982527
1.1996456246453886,1.9429446691605647,0.6970727532335946,0.6447313805758969,1.9740942587930257,1.2230127034743057
1.0391542788206138,1.3666265645855622,1.191000699513837,0.8074508107230448,1.0896704645572968,2.676690900786541
1.1951346208365885,0.7161218450772231,0.771492568391015,2.413342336620334,0.1261909785198624,0.3432562193972482
1.3436004146189964,0.9042646529236095,0.43936430674399396,2.8990332537535135,1.3440666369071113,0.6339507775707749
2.4432585611019437,1.844048720912441,0.45578603793854366,5.30154896401161,3.356968667621518,0.5279472409055018
0.8518617945361078,0.8758068524835833,0.5397329652323904,0.4583293062832141,0.20795176869733561,1.0184911409862634
1.43720723462871,0.4130680010456436,0.40021959215548075,3.1989557099814614,0.14426383068869933,0.5097810851122907
1.3120319215377583,0.5372137140750677,0.5627825002870201,2.6829942468069166,0.3336009182235943,0.8695777926386259
0.9147339775171159,1.3442856386135498,1.2073636476908225,0.13184067081431353,2.8912405999894824,2.607900106134771
1.0418156079503342,1.757800635166415,1.2456564186236156,0.9795088486805695,2.5746753785831307,1.8883994211856419
0.8051362504064036,1.6835123682282553,0.597579169605492,0.6647047496052972,1.6649001935755638,0.16933379390040046
0.801561042122559,1.3390968376184291,1.0283594698771374,0.7262209994211712,1.2630749036489595,2.03081746883607
3.300827279765272,2.5293199138031857,1.254335430092281,8.142844149357277,4.384339414141033,1.2966427627343138
2.289153775728569,2.2270517471850484,2.7609994266274005,2.058792399679602,2.9108415444755735,5.4534135567677575
1.8276505408842796,2.459131963323615,1.5790025419054974,2.529400980610554,3.3420123787877425,0.6830219072141944
3.537385546541727,2.7418733745451678,1.823013419980631,7.511546544454928,3.3561006556500272,2.590469456566941
1.8004382253619877,2.192272036595685,1.8840598086669464,0.9470654020657482,2.0584550545352096,2.6250532934542132
1.7938446979941616,1.5528648334071793,1.3615230511544563,3.2373626877724084,1.225032520078513,0.5007745818633847
1.7465087883856791,2.39606280213656,2.5511892422832596,1.1401994775582243,4.0001926541226,4.670704748208219
2.5853836434225905,3.476616352566368,1.8917046057469513,4.073280214166815,5.207580857367771,1.3513344989554574
1.37441953918454,1.572169717481914,1.7859580315126435,0.3985062800984595,0.04818797228548733,2.2719017576424654
2.36561278422764,0.9176063619002836,0.9303715509711363,5.9009892839167755,0.10586268791966137,0.3153099293968225
1.4719679972737445,2.8658058362230237,0.8762950189911778,0.4937757301670222,6.375883360427222,0.5962836158239322
1.0154717344025281,1.7452151464893317,1.2342502278683285,0.7897047665833375,0.6491364613284951,1.7642961552286525
1.5701152071543278,2.5384801716668015,0.9776266082038648,2.822750417803184,4.132962810856164,0.768466030597113
1.32786851293886,1.6285373883770975,1.1986671680535714,1.000942635398074,0.9846461103384893,1.3850664124454317
1.1380905373059735,1.0139502863301677,0.9672980099163161,1.8740656221431098,0.2536224645293628,0.9368264272493217
0.930490444839587,0.5884601139744174,1.3236451051737745,1.1760379876267237,0.16772692874141454,2.04638151195692
1.1618253635926525,0.12371377725351085,1.1091105369650942,2.7124611754345755,0.34040948337561344,1.3355256644241837
0.42520531734176736,0.15236567433546644,0.6283026554380118,0.5183998088380105,0.5750793514943184,0.009241188994728337
0.3604862053277012,0.6334265102363573,1.0097935656302186,0.12047261731786105,1.340887153593921,2.0978212968692085
0.790654569958716,1.3573578761451115,1.0656444715290645,0.7131481765441472,2.417956625787513,1.096783477484854
1.4553142023550856,4.040448788022898,0.8976908053097159,1.2860821076543123,8.59516164303828,0.8361840072189958
1.1069820839900781,2.5775737839547195,0.5990504287503415,0.3678938792889803,1.165025468948916,0.19775592859320562
0.8482203636309198,1.8338106333210573,0.45161529586791044,0.8763814639187116,1.460389872739315,0.49787086783769885
0.6189483409772087,1.3109670075292001,0.5052805221870729,1.0215946426449123,1.4755181176817542,0.5066187263183228
0.9559392998738722,1.0614544818402374,2.2434093911936808,0.11820922307277382,1.5505997658626758,5.478137668363071
1.235418516293981,0.994286183817242,1.6536151462558288,1.7508122699111237,1.4585465076635713,1.1330747857549026
2.0651956367568434,0.5542137379404023,1.0077676004476563,4.31426013007785,0.01762695985134751,0.0859524748372638
0.5686686265313753,0.21297202339547805,0.6120154945007029,0.32914304089827245,0.003452622656333661,0.29889576921539146
0.8014508550153199,0.28230916427257924,0.3742367903451537,1.8216514515285644,0.20554178354035857,0.1646614437871444
1.1118581634485292,0.3524798836185772,0.8623743588763303,2.185693114443944,0.2141831448764156,1.777688659170137
0.8552789373093802,1.0759252324803537,0.5850904959761122,1.087161460271869,2.4408610450389343,0.41311741549984443
1.0793547824685437,0.6433737689714033,0.8920332614173869,2.4152762760188624,0.45861510085683904,1.3805332278841003
1.2465910734968495,2.117626568966328,0.7677086866015314,1.0577468312433034,4.502151634221,0.9242679538825153
1.5958768118293771,3.19312494465988,1.5710586780915858,1.404930066368124,5.279092126208578,3.25802017944268
1.4922355493071997,4.730712735284008,1.071841496435887,0.014760422882694028,7.450534081664107,0.7727655899559173
2.211569852675355,4.692803176489733,0.9349486310173785,2.3534943766060223,5.596430341732921,1.225958434927532
1.9070978210909821,2.4809485861502134,1.3894111986703983,2.1655330704036055,0.6346016771851289,2.5551349858846755
1.0924545619392507,1.7637316806656431,1.1458211712575905,0.07831525512523473,1.4257891451535731,1.1360311594913841
1.182093586331242,1.078360949618792,1.774545127992469,0.9185234054202026,0.3858470475890794,3.152156529918124
3.1928487849194265,1.6690533221826622,1.7203802475690821,7.729500440141046,3.2819568021154715,2.167551923969165
1.7123053195434235,2.6893219479045563,1.301942456142526,1.0919958359123716,4.38623673134236,1.0570598955011024
1.601817405703883,2.7393782346158853,1.384194902935723,1.3940911594338155,3.811498746342453,1.4022858255453468
2.689492646022746,1.958832895098118,3.402126852245251,4.814339778304967,1.1360867211904433,6.834864260370775
2.3893038346645468,2.0922781520675375,2.6104754019047904,2.526468332323109,2.8432121692698735,2.167121249921432
1.7725575350561082,1.1698103543993155,3.105444341407206,1.7448832766855982,0.20534863029025752,4.707656271442671
1.7370830315724588,0.5808302870670048,1.7290788392775591,3.197042249393556,0.08215399285106066,0.3938761270791777
1.9669238911281974,1.4513331848960476,1.193931321750402,3.995594323932003,2.7986490873168384,1.3203385814717177
1.3366810312657318,1.013340889925617,2.399845501796393,1.2208797017852966,1.1080065950836768,4.7863695060659515
2.0094686090120892,4.883536549322945,1.5615796429316462,1.2891268941796725,10.829371938778738,0.7790222885013273
1.8267521147881451,2.545097868298673,3.42335592904061,0.9756866227276091,0.20462857769982162,6.86316049214817
3.2915847436464585,2.863438146659993,1.888845768334497,6.804764567870974,3.870719542565566,0.20423708745090113
2.2199148759970178,2.0055686287113557,2.912208466820241,2.3891426361759636,1.3077878032930672,4.659320072802922
1.467549621479272,2.272281527243853,1.7602875674481138,0.17378218562937103,3.510664487352092,1.178338880427877
2.0838274851629452,2.6829267036853133,0.839881363479566,3.9749593524651803,3.397929798238011,0.1532096058978806
1.983623176922514,3.410933210182669,1.995581963167205,1.3100077137656883,4.9536865255842155,4.232569467387891
1.0276126050655787,2.0559642253837653,1.2855913983610017,0.14246340822651993,0.7072164772831657,0.580544748535093
1.4856148874667032,3.445363678363282,0.7440971336866118,1.595759143339993,5.983454746248847,0.045002787395115075
1.1519399839909823,1.9603320088871858,0.4982779787443836,1.0796998289184865,0.3289639697265426,0.29191855530650235
1.9792680675330379,1.1377078936559424,0.8943262559681358,4.2033645648792355,0.171047755207904,2.1524186896649464
1.4416763178881793,1.0324945227290394,3.4558011822725265,0.4562986275510844,1.12991436644789,7.616361305631284
2.0049196909201132,1.885792464027496,1.6244970500859117,3.5027474410482884,3.524280583930967,0.23635604136831295
1.4958350604715465,1.403394783035173,1.2922159650844844,1.6314826524708477,1.2827083185204733,1.2396003173171453
0.9807356364325339,2.2069207930206742,0.7245771101496076,0.11231611788152783,3.5355392122518317,0.3984550436595776
3.2952205064148914,2.323379510883595,1.5916384059146549,7.140082045423928,2.6163480273988813,2.7332700301492294
1.45086011967415,1.3841075656543427,0.7777614105049355,1.4374028293021897,0.4699980666325811,0.25126000996102743
1.4517675699220238,3.132349923046686,0.9362935775771226,0.6874521563101749,5.947222510802589,0.5484572833893577
1.0001345848490875,1.3527960766907374,0.6866125969085095,1.2675194643548529,0.12541355934427087,0.43732214442524847
2.0833107940190216,2.4658072812467626,0.9180463597308578,3.9018543960944574,4.571056926644391,1.6082458883630844
1.295547804192372,1.2606043655007122,2.161171482258762,0.7274081075142634,0.7260859221224746,4.130037574879743
1.0322765725499312,1.3231607277243271,1.604459942562622,0.4280613908200791,1.3868867815093047,1.4311545339295173
0.511652022839051,1.1229807438389434,0.8319290032331981,0.2763902089550304,1.0975807439762788,0.1200169604806686
0.5973334996715554,0.6727703471158086,1.145069691330705,0.7072432156353936,0.3770846681390356,1.6574249630773135
1.5015540425530938,0.7184598680882124,1.981653308167893,3.028692667952104,0.8867915306563718,3.194238196297287
1.0341155062217608,0.5673008642170356,1.0437821645200454,1.2759032077210986,0.42870074052220003,0.28348706265261703
0.4423266443599007,0.3457255808798485,0.5852257752380047,0.5161989130096801,0.45602696907731516,0.15098046958884404
0.33400435526950006,0.3189234120763413,0.38419608155442275,0.3634874466071704,0.41418816177922646,0.41603647938011545
0.8892378002039071,0.6851729713525766,1.272709676888033,0.8091194656992609,1.3428394035536355,2.7415218467107745
2.54727867605357,1.7407264609250739,1.437843947683457,5.624302117115613,3.198295748984904,1.7914102514503083
1.370713165962055,1.5846211856713148,1.3484201225084465,0.840223839512816,1.6831553281183915,1.5556447035877332
3.700339160377365,2.4842837820987635,0.9845989532908481,8.86648423548463,4.473718089819874,0.5739776779386742
1.6876964432027695,1.8711118904691189,0.8320624256710925,1.3280719307871494,2.024196757961628,0.8076427053698455
1.4011044642348016,1.817301445606664,2.987824223241095,0.39486369266729987,2.338113169276774,6.756036976236168
2.28725113870018,1.7844269775676038,1.5634098055579364,4.4353869384035365,2.2028759326372347,0.5505197020538899
1.662379110583557,1.3243203127500223,2.712553235917493,1.2336889089268963,1.1937083974866023,4.638352399897091
1.6269278817561836,1.5555750196722504,2.041748827778138,2.473483398878105,2.338104842293509,1.7375337118269325
3.107400016848453,0.9100439524505588,1.1149834949911146,8.234602100224643,0.14451298218545822,0.26317277958748836
1.3745277388939652,2.0200152466682715,1.0395694429364613,0.10295578141717246,3.930105007714389,1.259640203926828
1.362795345992855,2.242202004251645,2.8964914136098776,0.20338906449370395,3.0084641084655,5.934239774390107
1.6219204272706005,1.2327273356232433,1.8328208218095934,2.5491964544197456,0.5626843131329295,1.0845142437550055
1.540125760741975,1.7975975495135208,2.5482263271786123,0.6620840232600429,2.9223156122548537,3.9811999645697376
0.7547764982399571,1.033033124101317,1.6057308574161038,0.40742070251068796,0.02544639823102255,0.592581225412699
0.6913103774321439,0.7391477535578249,1.6376923836920363,0.08031501364000024,0.4898750799361296,1.692233824363972
0.6083973651237518,0.425590039455276,2.394010027426812,0.044177770037457244,0.13471107958750222,3.7139027525366894
1.8601991966010305,1.3481005769964187,3.3692428971685535,2.9787425556384566,3.030319408202923,5.06874280035545
1.2504129413612766,1.7635070252799439,2.193342100191232,0.28874197841340865,2.82014282559097,1.3303768577688473
1.5271644755413074,2.360509414314772,1.903478413888269,1.26117353907741,3.3601073122946885,2.0415704793913476
1.2213285119788944,1.1117976942876884,0.8683471732021981,1.8622850271282125,0.008983532440154656,0.005969160428391191
0.8076827531011133,1.0609169759837231,0.6293447482425605,1.1184630255481236,1.3912313563030612,0.5839781552962765
0.4960776960989376,1.4610778890103688,0.6050861239248114,0.054961629320610446,2.4404496281809718,0.6534338401497898
1.2687651797755009,0.9504359227038159,0.42961581320426645,3.060343343847066,0.3377869458032562,0.1963130793314792
0.7480974848367743,1.5361495366869857,0.6554209943358109,0.02113775780329084,2.0984487635799005,0.6561611282045653
1.1793760319497615,0.8652574176091904,0.5906805390536495,2.8700441672485537,0.17571823457005434,0.7746277845129479
2.1968081428049793,0.4244151109659875,2.9811533493687623,4.475552475327412,0.40013829000370577,6.932498601496176
1.3131515281497321,0.7913139584151789,2.2508737355543738,1.134227377846188,1.2917518243515413,2.2088727147227885
1.4230362072722842,1.3184960303662385,1.5972067824161398,1.5337703264500329,2.120121017715765,1.1102694637182375
1.7320680807574302,0.8164484449235972,4.305178817276855,1.2962841226884407,0.3153416996162464,8.854794700499719
1.3852109420234822,0.6504530134522502,2.412861673146359,0.9859996322453437,0.40968245770514244,0.332657815889283
2.0904683121628813,0.4417730161743275,1.5570547289647243,4.368262971026606,0.4574340261384688,1.292722595549016
2.1361688165146444,0.4265650236564602,1.6697683173826139,4.4873782473675154,0.5454576753538737,2.082926923026173
0.9880398019146782,0.22084418716735954,0.9595005878359019,0.8183932169327452,0.5137984562076042,0.11436993670425502
1.2131518125369973,0.46375679114789753,1.4986625975660783,1.9093862807365065,1.0055466233086108,2.5246086926101143
2.183272835916367,1.083347263518412,0.7948969032551592,5.232060733810963,2.1214174861796904,0.21042628175157907
2.531060895399158,1.0186398013237044,0.5928224115772681,6.5434195024900585,1.1526199686154301,0.3023024188783554
1.3574205605019494,1.5976974844340261,0.29638888747355774,1.4224554678758092,2.9919855102301662,0.3479676548381151
1.3920066826843505,1.9821697436114378,2.3186995798049037,1.2059724899914948,2.5407132072975105,5.287049734789623
1.0992868722411973,0.9055193746008893,2.209952547610608,0.6533845183763852,0.2705559232321213,2.299193651798437
2.603302785752328,0.5169784676058957,1.9818572249648474,6.382126081885484,0.10014938662127018,2.130901527887685
1.3934215706204396,1.817571568991519,1.6513506460767362,0.3082014059222692,4.206510730630253,1.621581186020669
1.198916014030941,1.0115675278395635,1.1278145663936436,1.7341897573853986,0.1663960049890428,0.6929005000248286
0.9967644632828705,0.6867103980176861,1.3070518002008642,0.6641047861241048,0.32113386170344366,1.9398561986973137
0.6529151510876163,0.216853694977626,0.9364720204874272,0.6542552803304643,0.04476378362043012,1.0557730736172948
0.7343645035662829,0.9126502578908846,0.5607285246395484,1.0382821610086899,1.9795320830870553,0.3142813075781664
4.538732298119114,1.1262373894249298,1.278473007982675,13.439128323047543,1.7463215087537043,2.3397695221938286
1.75350794045029,4.015411904025229,0.6712766405841039,0.11306939597246707,8.670845937005534,0.27756383175490884
1.6850995142800922,3.7575969187662053,0.5011903542738084,1.728069438563821,4.359538752955351,0.42309356164213735
1.0481735886395105,2.1406209041886415,1.633195648491915,0.17236269701234794,1.0581257572294251,3.4041956449395787
1.1600805725459507,1.5299407985998337,1.5656512324631624,0.3357034944912859,0.9291116817769264,2.1583082421189137
1.0131937752836373,1.0231965210154936,1.492291388560905,1.1580766770690523,0.7043758635308014,1.993869325816378
1.0164135587788752,0.5830410890812697,1.2015748732981257,1.4285787452385,0.3307092337888461,1.0832666373421975
0.6819233281705602,0.2880157007118216,1.0710065968023579,0.5989490845315081,0.2971941249006563,1.0092912462028407
0.6374139459050765,0.2318668301481462,1.2937220696167189,0.7609318095535617,0.2837809405907018,2.344060933843611
0.5092370325649278,0.18166165707497614,1.7016232901856432,0.1819665532947585,0.24233571910006144,2.694189901071982
0.6912432243633658,0.33473324793424397,1.3952614987972243,0.7225704925510391,0.5502216255476772,1.4275701788597277
3.064685482801173,0.40300466331549295,3.4951437343620912,6.795911645225018,0.7324944542825463,6.964982626233788
3.781132943053832,2.6799811722233837,4.3935158917836725,5.790231726990648,6.518300680175405,6.233521290592016
1.9394381073757796,2.1236480250900565,2.575350971171969,0.815570465444863,1.7277440842221612,1.0635180463314544
2.323848024121105,4.62309527437248,2.667602388738826,1.6919158862557113,8.779436198720768,3.4365227709063193
2.972759287806171,2.735288759278366,2.1284758193511806,4.806920059195192,0.9319178731511779,1.5673162931049187
1.3715428552635622,1.8447993294351304,1.6157341643086887,0.012406043323879326,1.2236012898863526,1.433879535573779
1.6928088578943727,1.1114676708465094,0.924211166519812,3.3286708657337143,0.784837148405517,0.11306464384877285
2.533917029064939,0.7042867164226566,1.1920946333181015,5.927287436565269,0.403957358747679,1.7065131387538817
0.9701611658732188,0.25107591978466615,2.4339528226235463,0.19153718525268368,0.30901913992225566,4.616762326872663
1.3084191828239062,2.422590408154893,2.5262639133036155,0.3521566194443919,5.803726183261983,3.0294726464314
3.5753657611699725,4.591443777530054,2.497376154561949,6.475419284563655,8.656696008338677,3.0865246955231513
2.155947212498575,2.3755808422850895,1.4209981552268096,1.5423910457138963,0.09189834987586176,0.3485378256550458
0.8543297307987394,1.4851950759814065,1.017818694835456,0.02859674141901827,0.3258518475156819,0.887734587749531
0.7312735302056457,1.2010421845688315,0.7701979105827729,0.5958204004436515,1.101643461562362,0.5310713594762728
0.8735849693328605,0.703223331508672,0.6882719204811985,1.1954691911579085,0.41240934603711304,0.7593470259402064
1.2983207776896966,0.7452591961762685,0.952997950218751,2.3612217372879427,0.9047373459761077,1.732808735092607
1.4212389573565603,0.5803856874294036,0.9779511937636929,2.6422149364674303,0.276447856128679,0.9075797732888634
3.7587558441000284,0.6994130918101972,1.0832566084070745,10.7727733369941,1.2194944083153423,1.6451355196005681
1.1790266178310809,0.60319401045865,0.8799183295913461,0.6779821707924266,0.6340696709199642,1.1542914558262083
0.992980031943825,0.5906753056506832,0.8300695803788598,1.545333824781773,0.8674361489435024,0.6754696303355672
0.9054083785877852,0.23420080701582,0.46878338800572567,1.524238166788931,0.1981222448222338,0.20053243665078238
1.098437336709626,0.6452247544335679,2.083243425726992,1.040557863116872,1.1176803550833827,4.448258808149074
1.275134569731558,3.5204566884858415,0.9748240392423975,0.3706406424155779,8.179623019481838,0.022877074696033724
3.1804290015785055,2.117816122476438,0.6430270602248402,7.584622611356139,0.7974747211229928,0.003307710013053401
2.64843039990862,2.8414464430258564,1.671562483342547,3.8389655117757178,4.181883226976598,3.5065904661497957
2.697403083010297,2.8663300693687037,5.458220511687409,1.3796375648322021,3.705557393484142,11.496058357228787
2.7414766691097823,3.71570457237963,3.8583146252062264,1.8488747652277786,6.075544114273987,2.59732042608502
1.7403767969107937,3.0712545149046555,2.1791115795967584,0.5156280045162553,3.122338742544924,0.03078336929431476
1.583267880169752,2.4044036518729297,1.4191592244012774,1.5695912551202036,2.1552491222250763,0.5141511379472076
2.225173928290435,2.6203792126030847,3.754667364814892,2.374691165954207,3.884017757018557,7.13847719806378
1.7327059149871362,1.2111621361265363,3.241845594862473,1.4479016715718456,0.1573174730314104,3.306824032748604
3.88646004252869,1.1989119576556235,2.25195055705872,9.268203510460674,1.2428837689253096,1.6731108065875153
2.3414775466812934,4.156887667981989,1.1739043199859671,1.890109229971081,9.06686005830658,0.5406294158488484
1.5355925337240846,3.1430403204874846,0.5768741381447581,0.927164461547369,2.9358780136435616,0.02894891456702162
2.091077120800635,4.248106131299256,0.23588408024076463,2.9581533204366126,6.544309443637851,0.042164295246899935
1.5222901721568745,3.4728544716661487,0.7779950220407107,0.3737739527569037,3.0249341893549273,1.8934012395534183
1.2522355313819944,3.3753047959490377,0.435691017062349,0.9706920522860667,4.156995453500912,0.04414743630253917
1.848836395760212,2.750699236806202,4.369899317458066,0.8522305771075394,2.4519572133234253,10.112356179849122
1.5599489059185254,2.5644098498930465,2.2783372677246025,1.1305885932602338,2.8584204626809355,0.4051722059091276
1.8924050714079517,1.770637993642416,2.068853203090714,3.044501506136853,1.4812240879828897,2.4806330290083793
1.4276676311807759,3.0400429980977735,1.0972116164058698,1.3239678067749792,5.1603089645650275,0.3369786607007073
2.1610793242027055,2.9403695732902766,1.213339755774662,3.1598985191502313,3.4863833524009245,1.5534637989345743
1.5897187027748645,2.9180305692975708,0.6996117956122244,1.718351124987836,3.7143242877976146,0.16809254752960878
1.3231094125070968,2.4029684452051017,1.6134601129020525,0.8373117540410482,2.2356458803269676,2.9115326192624877
1.8706069632898148,1.4474877797289984,1.601050543772718,3.321238675458172,0.7264784466176479,1.758573287262564
0.7616785591734007,0.8061521030355911,0.8121625826812964,0.544377881303494,0.07256005682767265,0.18021420412350095
1.2149312588437107,2.532419120569591,1.8864133997592412,0.5081928225902078,5.486996118442267,3.7754774430630196
1.40036896503016,1.8615375035879307,1.6155788889562932,1.404387652900328,1.7643600900307566,1.5838084931314236
1.2362725624913666,1.4331865155799086,2.696783722005944,0.6045067629872475,0.7080511166051177,5.091666539742252
1.138259043117572,0.8659114383594744,3.440827742561464,0.018257147777313115,0.3230038532823417,4.968774537653995
1.9719199402794154,1.9326244927111658,3.6294834731645857,2.089939417631036,3.538311719058161,5.0641924861711995
1.7032652686826981,2.406093461842344,1.9265373942316932,1.4311693437344837,3.622131619428183,0.16195422195240353
1.3551448342055887,2.5355523054291447,0.9776894015646587,1.1794411996740766,3.369486705477612,0.2578446596799723
3.5629671922407704,2.1099250880904856,3.9371903512780397,6.820588139813656,2.0717409035160546,8.797256925678305
2.049344877078081,1.409320940952872,2.5285934262142553,1.693525532311585,0.9114611909781893,1.3373026240056276
2.123162464194532,1.0044184770272235,1.5061848718912896,3.9818590566610577,0.7250132152532245,0.5441793439649613
0.9697916770913739,0.3885751401359803,2.0459673647918812,0.3003676674956148,0.017183144406584104,2.9364365746736074
1.3921066407260247,1.4707389209684463,1.3023313546048412,1.684252672868285,3.5868123528718066,0.6138255283665334
2.1293091199180356,0.904254388985791,1.7159065545277963,4.049598050715416,0.18298688014798487,2.5981477241323185
1.6411269071037455,1.0259037386026393,2.3518064543458186,1.7498454078580858,1.992589786635372,3.631519710477138
1.586672937340142,0.9653295666837955,2.4240494822273924,2.5317969727081224,1.402660932349041,3.0673939092540574
1.2967584032078303,0.9561484372983964,1.5144085656641952,0.93056898083535,1.4960067191957307,0.6405422356759094
1.1003238436519314,2.7039213331117464,1.1943395249130326,0.19401217156210385,5.226739856780143,1.027053784749049
1.1843727985065575,1.3829875037945052,1.0988501685071972,1.2246106742608784,0.06425111028914997,1.0663163081326312
1.1755915832750992,1.9679362305073471,0.8862667669890367,1.0033333599369643,2.9690692355528805,1.3516871822224317
1.7279373940461844,0.9858165674224358,0.5742536880118103,4.035717504517641,0.1069121015881037,0.36633867581398505
0.7485345045880311,0.6454326318528976,0.7972740339225434,0.5594153780048572,0.07780102919020772,1.2046762326960956
2.6230067800704937,1.020613727523291,0.8004195924634058,6.80645252901393,1.1235982829308395,1.4298982115450374
2.8518653847636974,0.6813133186347213,0.9680209341284048,6.346759293384877,0.13030445743342753,1.5173307482522513
1.4963929151305868,1.5382151796771286,1.9046350358545898,0.5690584772435664,3.1131592238980432,3.4284908285584934
1.1472810424165603,1.2003750590855629,1.6440185272440484,0.8555808130910317,1.5081868561902072,1.4568628173687068
1.9319563678967455,0.6503701976342428,1.0617335250339006,4.518203510760624,0.05893750487143509,0.5247667278353243
2.7974408598938365,0.3371283487034894,1.519917617419702,6.799729793395819,0.08268735798521115,2.1761088684184036
1.3680633614249695,0.9095367738201544,2.068403745624262,1.1719573707747815,1.8969488804972283,3.1921960127664133
1.099993833267653,1.7896929572647688,1.3634059871905302,0.7742596007771472,3.2809473315438646,0.7694777750237645
1.2959367803527726,1.0375768840892692,1.49767120828326,1.493492634304409,1.1517935735522071,2.0729992658523124
1.2896629534353399,1.0319966274815366,0.966077057517404,2.328025282892511,1.6174782587128846,0.3178460894742852
1.0274720966961977,1.687381682849527,0.962641348708277,0.6389634359131852,3.2171710921021344,0.83687670961354
1.8087957902747909,1.6390308490896597,2.351606656768918,2.667200224160431,1.885814529990949,4.798719138807059
1.1737948898490598,1.06203395323897,3.0855500854942166,0.10607880877436308,0.5091658534224864,4.8451748500936676
0.8097661982540438,1.1978167727526292,2.0494958486722905,0.10110186162447521,1.8989300575212942,1.7128602330518237
1.0898836449387879,1.4275387458694528,1.8338095184569454,0.9764580716124998,1.9792258821459192,2.423683774782218
1.4187631337545508,1.8255734963843864,2.4917022629698384,0.8722812307330801,2.649322469723306,3.8485084929009594
1.6540528070409164,1.5907356245390614,3.8332187035691776,0.7585225404775371,1.9397743400657248,6.366688494923451
1.9922006818586067,3.7996658081082204,2.477287355266712,1.3506921792937874,6.963218794815516,1.3462438239033814
1.4359240966825646,2.066158078375644,1.9365882158806451,0.7734837212997688,0.4395193380074106,1.6491363991849894
1.3930420467894649,3.4038465205783686,1.396225355479946,0.42702495488599046,6.035574597526528,1.074481457369833
1.2040158562729242,2.2783129808448943,0.8200519875574973,0.7405904146117664,1.54585097123194,0.14940816401303342
2.928255133125123,1.9428166344670879,0.9211150012380174,7.370115357637773,2.229215923068263,1.099144936248223
1.349342804290903,0.9964647143116133,1.7562844803402076,1.0590433448748782,0.20952493893996021,3.1272790992762647
1.0988586208358857,0.7847717370296525,2.357166947153303,1.1765395598567936,0.957930340759286,3.2683374059196484
1.6372410521848815,1.5891348827615492,2.883511706107614,1.7186160083681676,2.933960487186166,4.458243928432685
3.4823981637892674,1.6995513572751688,1.672747906162121,8.189581533220137,2.4545580266791767,0.1056767752295775
1.4057916830254935,0.8166478546425305,1.548412259340859,0.5530920222135497,0.08193440213570242,1.4979735435522088
1.4464790768872633,1.216973692301673,0.6819043488276737,2.28689785301858,1.5819357775983343,0.22728832310785443
1.4193597860199065,0.7654049212065015,0.45214204339553393,2.517454292586845,0.1848407431807335,0.44814342175648564
2.309878932519856,4.7116725471434995,1.9410061343979974,1.8695429920776057,10.972394691094316,4.609504927704758
1.6740115627178966,4.220180845991709,1.5266505175723817,0.1854992688015947,4.551819889625026,1.3735004035734664
1.8568006046484087,2.1784284114328387,1.9893316079884427,2.259415206094576,0.04261206095545215,2.842143662089177
1.1952613324964374,2.7184258413565274,0.8377367442613763,0.1324819892575126,3.9130264314715357,0.1331005126222176
1.6314848819218197,3.2569521894619062,0.7263309208611511,1.8133871126365364,5.0372478990180065,1.0785410900154142
1.6633485030862682,1.7800020755395112,1.279874148546594,2.690928174330804,0.8725133475018104,2.243190453256479
0.9685059113464396,1.9746186881949102,0.7858695831055323,0.4739015948389249,2.542374908770669,0.28637049735507947
1.8437226131116289,1.3662399407204628,0.693593139125094,3.6855414915235882,1.1671645179811747,0.7885099910554103
0.6487877313684329,1.4682591080302183,0.41763558580692794,0.06164804398719881,2.1297699148786537,0.13345047122945017
1.6610541133779422,1.2480822061339292,0.9250553552823874,3.7134007974683465,0.8319929504839674,2.1073157481470504
1.4725096991226991,0.9142632529705258,3.251948987742457,1.2335913563939878,0.7788663283918286,7.0734335477977215
1.2275465798390743,0.9025454119739688,3.019054783480016,0.4907474923650622,1.1048023628205221,3.5094533472916134
1.274136140513809,0.666370264654726,4.32240091578738,0.2872284392387655,0.3146361516573059,7.347833259787544
3.0432131741099595,1.6857458723364878,3.5899258817409962,6.128329215016036,3.5573583541559475,3.736479396420968
1.5102158230275948,1.275396478996414,3.367640976776737,0.15088206304784618,0.857563363985425,3.8647456734437697
1.0168204084041355,0.9438467088136041,2.1881495812795815,0.44402193569794857,1.022149822690599,1.7216041785734755
1.157297265031515,2.2079154109543317,1.555199075217327,0.8548765618147648,4.489663063619342,1.4606695393016536
1.4105301517849254,1.507596261925889,1.1930938227743784,1.9364044817977946,1.37283500768488,1.0426082184435186
1.4261985443944714,1.525365406151575,2.1260568966437945,1.5740415606941272,1.5716388866015507,3.4085402584665654
1.2847161455954406,3.325669070261348,1.2906744455514605,0.2685341661563596,6.269902466488396,0.4019512027843183
1.3871111301560448,3.473498114023615,0.709331706503636,0.684214521647208,4.355897998017592,0.11573479902598362
1.5271747606056927,1.9600680080958335,2.6370760435022964,0.545591573021044,0.3713745302143942,5.908943541476628
0.8024602489885992,1.6464505676699166,1.4097844584119061,0.4804340911186651,1.2819256802325347,0.00757068114750992
2.074262838464109,3.6902317839237155,3.7763572743737983,1.0591483576150997,7.101453432744842,7.529735347262589
2.2327741103049266,2.1671406308810672,2.819692448510524,2.4350041781190717,0.9315971202409533,2.6101910677036626
1.2123619478900574,1.4794302051370871,1.6224710918939627,0.4904024157113892,0.9290711598785382,0.796479308461209
0.9489036040112662,0.9705454126073237,1.7490279939790385,0.9135553728463964,0.4339011145727281,2.393463786796646
0.9126279265813864,0.5684702935702948,2.1589526208496466,0.991602864707454,0.24280616702832225,3.406125755057849
3.0526501907776935,1.2829557192448982,1.427782241941466,7.497813510733513,2.6964932155068877,0.5630343782083462
3.044458161697178,1.8877443413963264,1.8052030683725429,6.187411696775183,2.9396169028990053,2.9471556952413533
2.756792961423351,3.8367345427878017,2.348685667945891,3.220252125831439,6.948372678947437,3.2630564841379224
1.4593418417990187,3.151866962231355,1.3212363302032903,0.5532440440259808,2.969298598968605,0.5736438985951454
0.7920386056597655,1.7182608616293198,0.6983578774782484,0.14092500335415165,0.557715560013565,0.08566125924294535
0.8134572140637256,0.8120483176143796,0.4674418446364028,0.7622401490638577,0.0818868752227448,0.4566194575116137
1.0877902454777613,3.6414759465154938,0.49093678188620504,0.6206586582047245,8.458595214813796,0.44790377808576615
1.0292418327606834,2.250565497046789,0.3851860562834302,1.410139141881239,0.8323970985214788,0.1349319060170911
1.4638136875751477,1.4509257234652035,1.2981768124137216,3.0077060345126205,0.7478501583212672,2.58930824850719
2.188974684304886,2.6030338246340032,0.991164920238675,3.9084100575952863,4.7279682363411295,0.9559907146778622
2.297275426964243,1.9289893675901384,2.0895239183463308,3.726907355936044,1.7594350142290183,4.314999342397488
1.1796160037867132,1.1061209110041352,1.223659249958727,0.8915605909758006,0.4838149298358691,0.5811621561288424
1.743499741869251,2.4897570321727454,1.1257780865804907,2.324602140022015,4.398185010548049,1.2074620002252132
1.817082734942785,5.2086206252564144,1.5097158633534387,0.7503593462375231,10.029544194181025,2.037851202780545
1.5120938787242078,2.6752231318483526,2.514486991067453,0.12567842379845262,0.1813347830215535,4.198716329590002
1.9608679482703566,2.9883305971822924,1.763927962774762,2.4184080305836444,3.9646533034533795,1.487286224248849
1.0598614135495286,1.8536033903557383,1.2099905353998486,0.01975232339850701,0.9902841708239828,0.9352916311482359
1.3182676211099653,1.4841519873078532,2.2964250226603333,1.052496511880298,1.4849792697551745,4.035039058314925
1.4552146893558042,2.786262777023106,1.4794308566898373,0.799103063543024,4.925882743415041,0.742841764815882
2.1932279679131255,4.247464153994163,0.9870418803611538,2.364276110682943,7.252124510337279,0.16551078322240992
1.8924469164651598,2.257478820355621,0.976318807688111,2.9069674862617174,0.6080671597492736,1.1777260750035
1.1258639380918265,1.3925854261335562,1.7647964788770771,0.7250831982315024,0.47867486190799546,3.0751026575285003
1.4486661881887664,0.7101356420657206,0.8310214240529114,3.3386626317882704,0.16788648671208442,0.06252902569048929
0.8055623242672414,0.793196410914551,0.9327861435679127,0.6960442909427753,1.6501499029450533,1.7632098264155143
0.7169374940640099,0.4731149926890763,1.2136376005421603,1.1823597265391956,0.02739556638983933,1.8050914994889184
1.5610620572445968,0.6084489422673194,2.583198571585223,2.5967027012414303,1.061710765583042,5.277284207633532
1.4037113887617139,0.43696952340478895,1.6624962722664707,2.3612954509774964,0.15243211338026816,0.6750470660854485
3.246825464884101,0.5497895678377723,1.1287753114041363,8.74311878572798,1.0391468251209874,0.6537791120228115
1.1459041186368648,0.4479261015682575,1.0226913516238094,0.510200088796951,0.08150272166643144,1.1613650630627395
1.3228337569302284,1.5904094911594462,0.7874497451500126,2.171300797434813,3.6062548073914638,0.8829564348459455
1.2675344373119393,0.9605163082989948,1.3037719686851628,1.881586504979661,0.47078400133487647,2.6662342413861597
2.219076021041862,0.859835836904103,1.5197626804673945,4.932525963887901,0.7959128688493013,2.05306002057044
1.220378288892861,1.9402853464284222,1.7349866760596953,0.34006390848935697,4.08118020272786,2.8452615112248854
1.9420230934838645,2.129170307537575,2.3047469855928377,2.787026014628955,2.7429380930397453,3.430061256748753
1.987934713392699,1.4185253114502392,3.439310419946392,1.6799033621046973,0.49445849793720636,5.127409715433215
1.2399264463956277,0.814808964710747,2.240731952708099,0.6422457220740379,0.14923033400364025,1.1275273181890983
1.7301465564838827,1.308382468273073,4.283648537408695,1.2865624824775455,2.5152660539929257,8.35946368472723
1.2943445322255198,1.0381045482492952,2.3489424912270027,0.8122604497079458,0.9908974159925449,0.48582743245391113
1.5242856769744968,1.7318395833275002,1.9665740498222484,1.7317342943941452,2.9055521973022986,2.506082147957527
2.1203460409209893,1.4301057372983697,1.5754137404575452,4.396461161039542,1.1786368554548168,1.5271792785556288
1.4852639629206468,1.083216003462474,2.122198245107034,1.6847101196117045,0.8493032341836009,3.395452150352652
1.3469880641450913,0.9063288364834523,1.378952833561106,1.9978366542547987,1.2000621144668875,1.2954702720395128
1.3315090784452834,1.5557752952610353,1.8903286952952019,1.4627278397245456,2.76109370483995,3.06438563220234
1.4001411509265385,2.6516189952880174,2.943276488724409,0.10504179294545081,4.650076304591767,5.323346310830301
1.01331246022032,1.2918796339003258,2.5897152604056295,0.5301681675278442,0.1020965363727401,2.6357338194181463
1.3081169783299074,1.1998503215173213,2.231635821443056,1.3545544716066276,1.485143565038166,2.9930604727131325
0.6689953051992029,0.5701194042616775,1.1482171585560317,0.7428094609516299,0.06677322183785424,0.13907625007671667
0.5105919270958668,0.8272927062939485,0.5686602873609503,0.40120796767998324,1.2637638151591242,0.45871982138414025
1.4601222330877854,1.991699708312399,3.177106186252919,1.4028944291551646,4.330571126642842,7.322819685121124
1.2938039769854077,1.3833314384046373,2.538277007957189,0.7796061810100048,0.8975499722548307,2.363033699699388
1.5378822385554887,2.7900310881843833,2.0664868128498943,0.597102236001904,5.389786896419236,1.648558415637652
1.4996401691819592,2.2025474043389397,1.42072810873525,1.2471878240269452,1.991796290045004,0.9144950654527568
1.0491991617944976,3.244718960316413,0.684274802632973,0.2860884399080486,5.440914010161097,0.09080870753441544
2.614638376161534,2.7882138419843825,0.8041905132156563,5.255127791907216,2.830759544256658,0.9213296493715737
2.175242343082555,1.591758878716961,0.9753618268484759,4.045398130550464,0.21836934051409523,1.3819505748149419
1.521693231261089,0.9663868792002842,0.7764620970845614,2.4594059125086147,0.5257223314679194,0.47514304490818776
0.799729612664567,1.1169028524305735,0.6131594032818076,0.22457742632922725,1.0023132213391135,0.38023200851706374
1.396821263293831,0.6530803187554233,0.9661131712963594,2.9911228121820077,0.37291671998407777,1.4202471404004962
1.6932975435334,1.0137242328156997,1.178796272512035,3.300075364431818,1.3660436499565638,1.7633160339933542
1.7202162021086003,0.886667874466053,0.9417154015119926,2.9200076856710893,1.2749260718253552,0.5486577000525981
1.1552540997548184,3.0323014961015304,1.0929185508120913,0.24199965399098233,6.258947857816058,1.770502336769785
1.8198231119415067,1.874836467234493,2.4530864200506564,2.065132067970618,1.1373610880886436,4.611981047278858
2.287039395742184,2.1093789932716023,1.8237745944942383,3.595452016339211,3.080073755202263,1.281767094687993
2.0314828072547244,3.238974492440168,2.5647448312007235,1.7224378260131856,5.691542252916833,3.895285672803396
2.2117791536548213,3.174571074296687,3.272058891784474,2.079219611963342,4.190960245285407,5.242042373202501
1.3679245904910258,1.830300281595059,1.806064224519084,1.2263202575213132,0.4680744058007904,0.1938898942787873
1.267132836721736,1.3475571432572335,0.9325894222990762,1.5045519528712807,1.370476653330081,0.20143502145039832
0.651350790575337,0.8611851811620598,0.9384084708940398,0.06996328680903927,0.8546233795387447,1.2926958334077747
1.111670062194787,0.7436948619684105,1.2394379357065721,2.037549787376217,1.0211802867780604,1.7739612236160391
0.5957134906403693,0.8542910213523082,0.9734177231404458,0.16991180996684735,0.8950971278905618,1.1098457593779605
0.951622309967304,1.8226261932320447,0.7306803943676348,1.14191075771995,3.501533079852012,0.7903883813091299
1.0740344380148028,1.5143048387749918,1.2537227373763624,0.6924737856294044,1.203467548915202,2.0488330020148617
1.2309677377679575,1.381020160059752,0.5903375779950438,1.57679770508331,1.483390943393726,0.004167363415275424
1.7993917119432612,3.8369600604008105,3.203318293271982,0.28639323996925514,8.08510148960072,6.8886240585923995
1.9733063262228616,2.0606014671257675,1.8552345283521303,2.352996759849504,0.12370670620223044,0.5281370610973914
2.2987661272587236,1.4967112411244414,2.815603953410818,3.1696031582544673,1.338695845162538,4.9802107254104335
1.0462524774282527,1.7156261850678631,1.5149469721482967,0.35670954915951975,2.974986713153059,0.23085479989472243
0.5632209376185616,1.0728336842639308,1.0412693137824807,0.22032870983885056,0.32777374868208503,0.543846283946086
0.5283228642787614,1.2731368587037715,0.8447229028359456,0.3145137914196958,1.8910868742024276,0.5354287243298028
2.411630936051942,0.7332803916317627,4.814681264947968,4.193217100727833,0.5474657122118934,11.12087350633712
1.831695675697415,1.975616278119764,2.224139764029648,1.5023547042144811,4.040898443009235,0.009222321611315889
1.2837644043131589,1.306436607352097,1.7938448076877354,1.25944729661117,0.7923161030748006,2.0412935560469516
1.0626682181192084,0.7410414051339,2.5940527395424353,0.22569207838803187,0.7981595264693546,4.075625630405359
1.3881078407866319,1.0789551412008127,2.0077117739300654,2.0971087526162817,1.8235711831405048,2.231152659760374
2.0340100302305593,0.5487828274141956,1.3282398686050334,4.049900529393362,0.4056108312288317,0.9011356858022173
2.342954525614281,0.42187965201347677,3.0774465870512313,3.5226840441555867,0.6706339972598789,6.354957401274371
1.821799848846011,0.5166636272640514,3.362837610408646,1.9672915459299989,1.0778736340084318,4.4796103831886604
0.8458502743641227,0.43868300898916723,2.113111104474367,0.15652580434678837,0.8727906977865115,1.1381631154965581
0.7571533306111646,0.9413289110307937,1.7353101733363394,0.23846147729172124,1.488364039881137,1.7034817307167147
1.2352466819130545,1.1214609856033255,3.597975172310786,0.10113235362391897,1.8307829929598713,6.854211516010042
1.7242741322640902,1.3086638425388561,5.128427452010459,0.5954088348821933,1.6724996810976036,8.098019226762428
1.3370243267206308,1.6124413696527267,2.8823689582071674,0.2915815330068519,2.1236061462474876,1.1950314709807641
1.2823906538605896,1.1453125259276027,2.9140115222867644,0.6023400283026276,0.7356148372799403,3.7592154883295383
0.815085075530725,0.6487066339101623,1.6376922405670131,0.9724548303491272,0.27032539273741324,0.7190156969495518
2.2623243256288865,1.601755521784846,1.1993825308303983,5.7288040458218,2.8609735702491275,0.9298343677174901
1.7288918780522604,2.3895945071895843,0.7566422828725641,1.8851465218053558,3.8046722322942723,0.36022052619054346
1.7308003464471624,1.3222282784016461,0.49145472918692096,3.6033018861041675,0.5941352444333858,0.46938140958181696
1.393789712624357,0.9083313438007119,1.2205388826714665,2.4781743251522337,1.045431922830713,2.1393110377051516
0.7552368087742303,0.908830310887761,1.1363495330878368,0.23870056998547717,1.3805794019465465,1.4298926005117047
1.3080396266259364,0.9437342257686984,0.9198959960336403,2.663009460534665,1.5242522875141054,0.5256715888671158
0.7311834095480256,1.3002575181824558,0.8716723256125076,0.6434400435732262,2.1546225753872568,1.0313735613393376
1.0943676595834384,0.620639864198599,0.7457347150912838,2.03835222084033,0.08498685065587663,0.9342027612567975
1.4482010519058326,1.1777343049798916,3.9115493449052905,0.8339480860459548,2.5565098695841795,8.741810143974496
4.812228603666774,0.835516217701658,3.4426926334711254,12.12571768340296,0.12794884209996873,3.842358704592139
1.6784964800082949,0.8454018023837827,2.0063768645701936,0.6118318860122791,1.263308714482797,0.9819359743442109
1.5279757175296576,1.877873495979465,3.001375941864444,0.6545942323002407,3.5167012504283743,4.904876880100482
2.538184403194917,1.4053760005017686,1.8153246103370162,5.337820200542134,1.200098212327676,0.8390329099210513
0.9522729744304476,0.8257177330327086,1.6112302799744032,0.049906322564929974,0.3228972373654807,2.2046474113362087
2.412804557171926,4.01621829309364,3.3608900436156306,2.3859931144842346,8.403927921934093,6.801394814267255
2.4927251454627664,3.73163644400547,2.0775582119725717,2.5843435232263468,4.401600241295572,0.989507160842316
2.459183851324762,3.0148708260548864,1.833808971057738,3.6203998369236383,2.950807583116081,2.278149727480384
3.4257244568888376,1.8489197532682595,1.2697557355019058,7.333399359021609,1.060396137065204,0.7017374115147533
3.3605049004325305,1.1644303916792118,0.8726878001965773,7.42650160747506,0.4063037634059408,0.6193436780150084
1.5999025845480654,2.758466664072754,1.2252153930418825,0.13500958181322742,5.67442281959,1.707367523860105
2.404161017916765,1.9915760362428674,3.527079070849766,3.450138909396424,1.5200750699878043,7.751825599129377
1.9489112493257341,2.436793928376856,2.1059263590398167,2.0786685362899324,3.82589530688689,1.2071024050360926
1.9739393793724445,1.5008677939907522,3.253134133077823,2.08451382246539,0.8373894874681087,5.549565304420754
1.3561288084041503,1.0294696403819519,3.509666371981794,0.27473445520332773,0.8168037837167729,4.915287842504348
2.1859969621632627,3.9887413919257932,2.007212020530345,2.1007140576155563,8.472804608877652,0.5854230307659304
3.7083371307510435,2.627632266855694,1.438444470069795,8.089118997829152,1.4755906730805948,1.0277251515610144
2.714760970895208,1.5251799130899026,1.5124517254814707,4.856717754263669,0.3032636985006691,2.0617342700823196
1.4286672441088764,0.8568765112759238,1.1353364081801172,1.1565346150939937,0.4960887335160202,1.4598127306744162
0.6029627404594944,0.9819891352706065,0.6188289267178757,0.08153560299014384,1.3153449475356696,0.2017600911939625
1.37403573458334,0.5327851763942335,4.41909540922514,0.8997542343026391,0.08679835539573126,10.133786032458914
2.1835894921882373,0.7165365940073333,3.38849923232026,3.5018913391211512,1.2417794991802473,2.7939342355066126
1.66408607327843,0.7818478368449793,2.137344779059382,2.4179646719741257,1.0858054129065045,1.1514183225175845
1.4873899924181628,1.5456919023960327,1.817297622382141,1.2299428497691083,3.0222305974956525,1.9255519944776933
0.5622715461926081,1.2125039313008954,0.813559241967973,0.1133556037469997,0.8768299773960819,0.18329399290694653
1.4568363195904692,3.761154670956693,1.0075366745215126,1.113371716131574,8.096689321818719,1.3675887244413245
1.712146263917631,1.8968542445035892,2.6286108066816545,1.2660804525936897,0.39878061153530425,5.342445925556287
2.8459428518714938,1.713950722654965,3.2072977003046055,5.277669629782799,1.788015136758212,4.538319164945535
1.524794745141688,0.8038344321335648,2.0140012166330625,2.049345524215989,0.1879605824147662,0.8231097628387827
1.0187193895604056,1.3687166224508318,1.4571177623040459,0.7469241733004863,2.6474955250417276,1.5158743522668365
1.88318742501632,4.845498937550242,1.6413057492941592,1.4902214598815384,10.500459874466973,2.3905780625668624
1.3414581222805289,3.8099814020467377,0.9414449852942954,0.13667611718063818,3.4200489912763796,0.8310589696595838
3.031418324229517,2.6938034207867982,0.4547517978141042,7.192107308362559,1.6225264765653997,0.134159159054237
1.2758173922306675,1.9569557541689926,0.7965011925416864,0.8927614075512592,1.3261725714932004,1.4081803009725418
1.3622559849693818,2.4993257864903673,1.1323003554213167,1.2996672280360102,3.6039828100105207,1.8407769112931593
1.3228554855190655,3.4001892297011365,0.4405029022475445,0.8778906585369609,5.496934702376201,0.01171745801361348
2.205875046515784,5.187879369774867,0.08992870957815902,2.294628813159515,9.057627136086058,0.2009126186732501
1.8641663504979016,3.1463461334902614,0.2792622863552256,2.170792956916198,1.0101484813279993,0.4645972719941372
2.3297232086964224,5.303387557812451,0.5212622395291283,2.5127953056334813,9.402806037404178,0.8555818300852562
1.449636119018613,2.8698599986330002,1.028680876234591,0.6243409060704408,0.33903081852507855,1.5576333434594776
0.9631392885755248,1.718703432707014,0.7754397884473064,0.7586256042333176,0.5848526866085693,0.6958351431249384
0.5495832646209357,0.8641402327867292,0.6961415801715453,0.26763711020906056,0.18646016383206784,0.6464356122661171
1.1840085197123298,0.6417699036816882,1.8734828551032,2.1313802695992985,0.634190229244391,4.070456529097693
0.8259192063973222,1.4000343916991596,1.2313033993081106,0.08122138230871051,2.921497538952736,0.3134260816139997
1.4017640781572747,2.2381534029848926,1.068250203604603,1.82102658454824,3.8336165086692535,1.3682168397147647
2.403359020123817,2.18659209397638,2.7921228843712442,4.075768426488784,3.0182138532903853,6.107770374903281
2.623819723025744,1.89941409634193,2.05042942247037,4.429737314543447,1.9942738228979704,1.9617291692240042
1.5337383625144316,1.539309094409054,1.9293352936394232,1.1921780055890858,1.4429555063620838,2.526069444852479
1.3443915445635943,1.6935452898528707,1.406153192821457,1.22979500759876,2.466832679022338,1.1285828733965846
0.8969556614851961,1.3207370508887823,0.8826763160950123,0.16018531435935543,0.991327461001223,0.04026698497629013
1.5420145567342085,2.065431437042081,1.1321170444576574,2.2219671495247337,3.68158455456251,2.077653411801951
1.9426272447440187,2.002313085414055,1.516461223708756,3.4436396003666703,2.261383310505892,1.9989332099789576
1.1004517132307,1.9918424078829804,0.808376416081848,0.561161505506684,2.393363553792847,0.2340288442733952
1.0271398684778645,1.5810819919486598,0.8204658649626251,1.0939451877514177,1.5354655808540316,1.2403872567338454
2.236232777643887,2.6208449453728884,2.2769259757874805,3.6507070065738145,4.329632605362212,4.937962934634815
2.2848864999298266,1.646225341965679,1.3148212667861625,4.19310163087092,0.5807439972670903,0.45903975380875445
1.138276438854036,1.104103440945836,1.2500248707210448,0.5572596169102206,0.9597771401366725,1.2364458862095113
1.2647582430400466,1.671840236903642,1.2035296026276494,1.5995531553320714,3.0069382906965725,1.2364623292393286
1.0922496896620897,1.3998833394403616,1.9177948319504619,0.4276074834731294,1.3574982481839244,3.3294939727492383
1.3849070595276936,2.454060173982173,2.260215707407739,0.21490042653278407,4.40030997523031,3.4810972782368474
2.514263412231653,1.6466214272613704,2.374757048665559,4.840947549780638,0.8505173893647512,2.8481537894980224
2.1490094116564094,1.2950703727398518,1.7641382046416465,3.4352437564694527,0.9219456006463518,0.9096914945903865
1.9899459593787474,2.3583283250902283,0.9639208433824709,2.8545235807903167,4.391695260485515,0.14952667375644368
0.9367447073436017,1.7488747730413319,0.8852581751564494,0.09999105015780257,1.24862450510377,0.8599756252313069
1.9088543005207876,1.479358469760244,1.2062847537708807,3.712324545842606,1.4518556215539886,2.2775639998885575
1.3677381645030893,1.054284813821896,1.4758232184268607,1.1526637180838029,0.8092220918532785,2.4263404389423506
1.4852272307022114,0.7578806915194395,3.2994946654542257,0.8383020387100849,0.6477792989683446,6.7048264051194995
1.4365696593480706,1.179910791993679,2.1491024151427314,1.5814157703046228,2.1339290726449582,1.2089588675106042
0.9304624577548077,0.6717266996544498,1.9578282737380457,0.1915977323759571,0.25530464293996474,2.0017133823471296
1.836426427853651,2.0589475977828973,1.6222302391339136,2.826480726061713,4.228441017302021,1.5495427159932904
1.5498464518011008,2.143432460439277,0.912229841024162,1.7466304846432408,3.021024342087643,0.3264938243863363
0.913285515153778,1.1962213001229984,0.9376068473743796,0.41304022121092526,0.42329048123674534,1.2368308453499388
0.8598777679880737,1.5300411010295758,1.2262146344131288,0.4170818800432206,2.3684707231748874,1.5741912565164233
1.1932255825853253,1.4810669248584187,2.903600925097186,0.40729138103834867,1.8457895879620447,6.021675824508148
0.8829475897504255,0.8675153499558644,1.8150015964831956,0.11738305644063902,0.4079936770301634,0.9131138595084407
1.7280709433964716,0.9479249999572144,4.046893948752582,1.7724856973960565,0.6382175328527928,7.833980956632888
2.1311865561261967,0.7834924795171043,2.37402988354975,3.669519889688536,1.051832851030029,1.5630829861062585
0.8408304975878498,1.2947846281430506,1.3448368733988694,0.03530623483166426,2.4029035379186325,0.5553822790452684
0.6921456876733945,1.4812742364217013,0.7949675449112101,0.10049220150150044,2.036222866906869,0.4255558881920207
0.8989002001429026,1.4290088657736197,0.4177307420313931,1.700866833425712,1.5195778405778015,0.3055913368139131
1.644274249620725,1.9184403561619816,0.735207990866456,3.4240011956330187,2.925578114528755,1.2063675223790868
0.9927010705019724,2.1322974713895877,0.2800087521143446,0.7912440924576999,2.837120623120272,0.044340773223780716
1.0038687643447954,1.9044551428365482,0.5920494496244153,0.8603797187637013,1.9239320633756876,1.1777375202455815
1.8424526900982436,2.1840028983707476,3.7701540804249434,1.8143968721981008,3.09283311495539,8.914309517805481
1.3623605375182688,1.5711420510392848,2.859259975447923,0.6409970857350588,0.8137222885643524,2.217972600599545
1.3209535877029515,2.5819018178968425,2.5674937499865,0.05393755263266361,4.261461728110223,2.8524511816479365
1.6560021824872004,2.0595342849713383,1.4412604212733982,2.657776314954579,1.9085568571795566,0.2534075438552639
1.7061735484487541,2.5249083298319355,1.2451196217821165,1.9651277154924844,3.4560320585574025,1.281492273569076
1.4551602299725306,1.7175222096128793,1.054675104784318,1.7386043747977322,1.5805460764976356,0.6743696637858508
1.882035784553787,0.9683668775857683,2.2587261008877757,2.7071442733579976,0.4929222222297647,4.490473367534836
1.5532170641272158,1.0744544914683285,1.2638852467498738,2.2492812368697646,1.5635639470219358,0.4000567351873094
1.0297044489146723,1.0437550908570983,0.9077653346891752,0.46104639856186963,0.9276031278364176,1.2276863915471712
0.9999447537481763,1.519613171375357,1.2548722179009575,0.8692144294137516,2.3913416297241703,1.773695515135366
0.8711294574927232,1.3959090831400252,1.0972198444557462,0.26960186299015465,1.2917402896976755,1.4432624184587137
1.1258463350689603,2.1781789687147164,2.012333856870781,0.2781954568892848,3.617153845499674,3.546780772877923
1.555201735999911,2.2459495290256815,1.1641762826061193,2.2552322023733025,2.2668579046878556,0.526507565374154
2.0971202321276023,2.158025348209846,0.9184871162963121,3.91232656422941,2.3074748812312267,0.9476734858527406
3.087100818382897,1.4163263994437234,1.7138421493555624,6.579271792141605,0.48964197032704987,3.141245106831726
2.3348946108840845,3.8871122205990547,1.5306050100716397,1.9795899440415385,8.30180017574116,1.5018552017910731
1.4963766044190139,3.3725420843168354,1.0762303845727,0.40693020502669347,3.6862134367295,1.0287216827409191
1.1543065742536478,2.9964291090419173,0.5584019284866899,0.22331693559987512,3.1118405907015556,0.05976929101974615
2.1062653133658493,1.6844335400350805,1.4837072139276053,3.35170007172965,0.8015976995703449,2.7998571643899957
1.7249937625163858,1.5771718574379199,3.6050555509231126,1.7290883431642305,1.5341543801341466,7.164149577092242
1.4989413469151747,0.7604858502153238,2.5506665752957005,1.926162154351982,0.29492032815864533,1.9366791995262869
2.1034873958968396,0.9653449184491711,2.8337548925934284,3.0415915453072553,1.546442342983988,3.88341507446799
1.6384764296877643,0.5121445624662971,2.175761764353547,2.429914005604045,0.31538881128728696,1.4549627958987446
1.865018689955625,1.0158873792722878,1.1956122363440875,3.5970637347414076,1.6105627002434844,0.5271004449763064
0.7743619078775587,1.3761319347409116,0.6126771603761235,0.1157114665598596,2.0923540100800855,0.02909481301961246
1.3854710526610887,1.0888655477222098,1.0683547003366825,2.752851526591807,0.9892352624316854,2.119157806830684
1.846597781331382,0.9334278480350401,1.112446949308024,3.8056425101974076,1.380482327564894,1.3589179785305363
1.4332369190631065,2.1495902994904155,1.7062673009287717,0.6741229392530576,4.169364704328849,3.0474210671377433
1.3329147634867282,1.2864037404548812,1.7466311071876646,2.0457888954885264,0.22984134783163834,2.3728055795869976
1.7211936498038551,2.0221983593412483,4.562808172666351,0.7542278476534532,3.1378677096975407,8.837774340050949
3.09324817479485,1.0113948557673802,2.7647719585369477,6.338794009203831,0.3744781785141943,1.4279760335381952
0.9848298824457987,0.4952393788282449,1.7950846194897327,0.06798981365697349,0.07479735237608857,1.114349303723697
1.0523127307585651,0.31456155519926177,1.349066765786163,1.734014920665989,0.4105448968753165,0.6758176664943849
0.7577597290638736,1.2760965143852925,1.2144572607621342,0.3642516648172799,2.8967071376747304,1.295817267241208
1.5302728619291255,1.1101062175471794,2.220347862703203,2.4911193852248714,1.0388115676980842,4.125113441898705
1.1840583924137975,2.1251891152114206,1.307421788356607,0.38690321349110857,4.119599687545477,0.08673322068763126
1.3377661807628143,1.5799620234345157,3.527814871080662,0.5367611332831346,1.4876499232810108,7.624359620214536
1.9647502067554858,0.8363295626679866,5.6588937676482445,1.363903412996305,0.04500325056292082,10.0134442135607
2.8798515717705913,1.6267558555316173,3.3302512777815507,4.926328281074947,2.5225938256809317,1.8217179143567974
1.4226527990757054,1.037826249182715,1.987471381005811,0.47578956581577286,0.23359109139301973,0.8055700166586534
0.9815565134306584,1.5698202000210544,1.1658207234282114,0.3115306813237252,3.115395953499533,0.5047559057878894
1.3327347342338427,1.0560734280575286,0.7455389108011687,2.8457244334524696,0.36809220547014754,0.6472829164048207
0.7772428619836846,0.7327600291437079,0.3687061865329091,1.3887740270062539,0.8476035614471938,0.10280855162830532
2.000887388156153,1.4920965107168673,0.6891002657726253,4.855959072712009,2.864856122485767,1.2891367764401533
1.2704912687726482,3.2737377586957495,0.5970776369098997,0.3170879324255411,6.168312166813312,0.11806585405674765
1.8020503537922068,2.0908970350291387,1.0368312324058286,2.0765093891309077,0.9286283320295812,2.53506247244463
1.1859786966954602,2.3791452129275297,0.8717028201456266,0.5302218461609245,3.536869869315446,0.9302055737372916
0.8646658821283502,1.4051383532894135,0.4705903617012708,0.3410083446579894,0.42339923099746574,0.44469956223419693
1.405771740515381,1.955502679147671,0.7979109195206185,2.3004180907636242,3.2919939519488954,1.5742721218085487
1.7719822140262613,1.6836926397407048,3.2611886681345057,1.8012512453553273,2.1429325523861213,7.280887828909925
2.047806731570895,1.1497928672294582,2.5221920230338166,2.8115861294477327,0.42822765256419576,2.3757465272434186
1.2294154034817049,0.9432756883651252,1.942247812209994,0.7405702196813144,0.7205168864518131,1.3535512579209812
1.197381885605498,0.7172891236854482,2.0838425218195784,1.1883117737790936,0.28259929184418103,3.0003985461475455
0.9532087829439468,0.6535239744923808,1.9870498822211393,1.0399738422883271,0.9656655796711197,2.6748291402121374
3.1742485004526815,0.5477860336647314,2.5668641347955057,8.281547491183666,0.4554295698090699,4.446355224366488
1.3224715413158528,1.104032019631239,1.3910350056226364,0.6913257618775555,2.065637599835241,0.4579936657698961
1.7329543762069348,4.867057437314694,2.1906753281455527,0.6985965467564998,10.407871315482247,3.9162550236676297
1.2911590582913877,2.48897859393945,1.2335145356075008,0.8756095119189125,0.024163711308124204,0.716283715924413
1.7056982967544843,1.7594100022224521,2.814392220385341,1.6629530730898376,1.5570607709183082,5.660399325571106
1.1107925137606278,1.573644195138772,1.6937469263440827,0.5815677408175358,1.7050672079005031,0.659969071725248
2.919751590219555,2.735183690966805,2.8639490916000554,4.937041833434689,4.911677443136509,5.230446471922861
2.0771056381284225,2.04291182556709,4.2435422348340515,0.6176359127156219,1.4104611219517618,6.636879373050916
2.47634464403644,1.5309486476053562,2.345771664561295,4.5231882714533365,1.5692158045263391,0.31445732465104015
1.6794856753283185,1.2640595476104264,4.16058348196926,0.2184583421881955,1.2760032762814788,7.338144497796316
1.5110386024283078,0.9650013362384996,2.249935584450468,2.1375014474382352,0.6264218349755096,0.17924331090861753
2.001475988002681,0.43654638977739546,1.3234537204272268,4.750000164467011,0.11531994961071064,0.49325374398034677
0.6551909160739788,0.6519214081952984,0.9604724345344839,0.36964802280229786,1.0507204226778644,1.174581187073831
3.2685477624702264,0.5050253741989649,4.560486153759149,6.904578872552523,0.10804977250759625,10.10209153151672
1.8218093456951874,1.045639637300606,2.8218566873623283,1.2061865284386637,1.5992053441520349,1.3410619367479444
2.8670842458837407,0.8290497415934239,1.964188399059757,5.827018661848841,0.7342981944250138,1.5988359682681992
1.8542281214187097,0.886685917245121,1.8212782089728496,2.2590919408807117,1.5254335860547048,2.3711197322680078
1.2912414792463984,0.5055134464601645,3.64922211544044,0.7178889486757318,0.2884266884689729,6.902470819375808
1.5685854723820865,2.2651576837191296,2.8531827086624437,0.41725515174585365,5.395109910930473,3.058957186852245
1.5222374704380994,2.73573895925797,1.6287449202595443,0.7240500207543427,4.498491414009372,0.5076024756069256
0.8979710960643976,1.6593662525557724,1.2266213419087288,0.19526404677425832,0.42143344339625954,0.721913712693898
0.7826286023266282,1.180044088268237,0.6686125638764526,0.3106613396178077,0.8414954390488556,0.20545738524086352
0.7686562493333541,1.2750644873418557,1.1060930136229177,0.2211044727978594,1.9012094191645215,2.0681920839838868
0.8598986587896691,0.7127162646562047,0.8334553076824432,1.0996303455835825,0.20115772601733165,0.3987083187150455
1.3111058071845938,0.6815017851456369,0.6660557863964884,3.1751412698893997,0.8756702835699667,0.5952086403696587
0.7521683300407553,0.5106072642754427,1.9698592641091173,0.30486593837925624,0.5783324446991888,4.38054340263892
0.9913758837789249,2.3540195986369232,1.3297954670246293,0.27926089833791107,4.942403474393808,0.7912939541603189
1.6538035562038407,2.7937468804111654,1.2417889920979435,2.062443517787545,3.827998432475269,1.6724039813857399
1.1987589346276244,2.0386185986176426,1.0757988403406062,0.4392569278778571,1.7342048238007408,1.0135543555511413
0.8334047283288917,1.5886553613718415,0.7122578560699152,0.20541704418240977,1.4693819413221607,0.15382966520429148
1.0101673916354688,2.8835365842674854,0.8268953459877166,0.365079748940435,5.339365315476041,0.9015437568639804
2.6560062461057896,3.487632973288337,0.8409178955669211,5.146987809507346,5.389116742447936,1.048727717132055
2.968612481816752,4.5170073954017615,2.331106814830452,3.4460112837130805,6.968948775948443,4.5209889637176275
1.6808533998377968,2.325160107668553,1.6191947451295947,0.8741114438403883,0.2679289936199178,0.7844581453063776
1.485705595382366,1.242883558457665,1.13406619162744,2.133185464168356,0.35003533632582484,0.9536250980740245
1.4458223120712248,1.5803792539559818,1.813075907070462,1.541247619423393,2.258576226935949,3.054764636313533
1.8077957955847561,1.5804631956560427,2.0912750282051022,2.2609754928924137,1.5593041786772868,2.845556982349889
1.6635248543784926,0.8556331201526701,2.3601963562945856,2.295633337741702,0.03727705622745448,3.2018016807939635
1.7663196679590971,0.5282456261405959,3.6234931487743762,1.981673065429394,0.12795743249278554,6.148284699352191
1.5894845267448021,2.1428096046912266,3.1610232490330965,0.6187687283583145,4.379948728190815,3.1749370175568905
1.2162281967485957,2.900081413529844,1.7984596058968285,0.07957510273808632,4.063144296512924,1.0471740882299516
1.583695590699057,1.876415522732205,2.297317487350746,1.2160199848281315,0.8840639682364643,3.446428785231159
2.6800286124527886,2.6753179516839043,1.8977811300398704,4.4323356709130985,4.433743760236369,1.421297413768712
1.864014530442284,2.3324610469371163,1.2289558696877785,1.6856031740024775,1.801204260184816,0.6506682833258921
1.8385895561411034,2.3984519478120094,0.8854112390182897,3.5722432837932727,3.278821765157352,0.7217017825390801
3.803531710960343,1.746168570569926,0.7128929500180103,9.564851503915131,1.1152443021621143,0.5067993438021291
1.1339877514613277,0.8435707623784194,0.24642148916102155,0.35733537057230685,0.24071894015600764,0.31329114722234336
1.309327674374684,0.8711732773464551,0.4649167978138353,2.3538676113039734,1.1373581910737893,0.4078841992131135
1.13275189706245,0.9452580224937577,0.18122734543945213,2.243517672321738,1.2223964513882442,0.13052407219096043
3.3447576733074724,1.0591318654139865,1.9640047096210287,7.819595701671619,1.6012162181518648,4.38658022379553
3.8300849464189377,0.5118459119878468,3.0902406777374916,8.481156085287223,0.22316569724017538,5.347523928222439
2.6588998037246316,4.097947475079704,2.1898791377349878,2.321051631273393,9.512419465733771,1.7675037802525695
1.3468365985423287,2.3618704619610993,2.4814085377768507,0.558408996312196,0.5597897981695165,3.671291766186134
1.6607673921111799,1.2245799689273942,1.3599684673317598,3.2044860966175515,0.44267138180089705,0.4056309052172485
1.1205761979103743,1.1903613721454227,2.5599312363279,0.2264026474683906,1.4964866304630753,4.638930025757779
1.94988365484274,1.2102012361243928,1.9636780515414614,3.0346229012226775,1.5409559150658085,1.411903863702712
2.445603843302922,0.972028394281347,1.1086797513485238,4.820254287266382,1.158996870930954,0.1390538694442911
1.2639948086946498,1.8555383586197833,0.7040308125458352,0.9652325336807255,2.9558734388878043,0.30470100605618033
1.2790706364485134,1.5525992796461965,0.674903693304236,1.9919415251375627,1.4540467095094933,0.7391627807263144
0.8083914750272678,1.7222202089505578,0.5002715989513074,1.1247387133961406,1.8816559206925716,0.0890693818512517
0.7335903697781274,1.800808476881418,0.627649729441442,1.151670929650264,2.572871883478144,0.7400802311665929
0.7152064474086463,0.9726064309982269,0.4149678096760733,0.7432026927065744,0.05068710701882482,0.12360279827233242
1.2863833883547724,1.2501811718344427,0.45996559096419004,2.872058754825803,1.6909385850174046,0.5384472458395023
2.628140177078177,2.419581589432933,0.5033533765189668,5.50326964653635,4.3116859416821365,0.6175928553034498
3.3361219594411895,1.20244460050432,4.399632464123801,5.652008001838989,0.03508340579401062,10.358928071472759
1.3145802078288573,1.09378471049612,2.295332366985571,0.3842136370803944,1.0389999541795771,0.5371886136706988
2.163498646955297,2.6407646339350426,1.405456158848246,4.154785677915301,5.213537141152593,0.5467339126293103
1.813764812666067,1.583531294761814,1.4820359437554946,2.6744861110702423,0.8712953127306726,2.321756186261378
1.3382957378241644,1.2717600319890623,2.458293033297848,0.5829448955545912,1.2276697531025877,3.9230678331373983
1.4456198831569016,3.9369763575981174,1.7473916486918042,0.13931035207049688,7.984449031220816,0.9789614857876741
1.3411242712013838,2.196212620338742,2.4706616679898294,0.62394206252657,0.44459746392562105,4.168795927996499
2.3464205126160134,1.2388715333056612,1.7493958193015517,4.865575191486424,0.13496343298191524,0.831461300135972
1.6958520535849797,2.2068620053676735,1.1015013587306286,2.005760804111597,3.923993974408707,0.43884068118416036
2.02338137759464,2.7019297303853156,0.9205625871289507,2.5534788671034514,4.056969794332994,0.7998772873491949
1.115935880350976,1.9128897439662647,1.1429786150447598,0.5945286077775367,1.2776128406182068,1.8799191537678348
1.469523634915945,1.3554143102845486,0.8581817281423789,2.5415658022768484,1.443946061799165,0.9150220849333423
1.0525957198247997,2.231413206657725,1.2698205948586239,0.05704897758885169,3.6134177490845465,2.2349408047299004
1.1341122029302984,2.04789556402693,0.866063334251824,0.9410358294093133,2.683097095241231,0.5408264275489552
1.3531395440549188,1.127133931938636,1.3326474038949883,1.9710316278308413,0.6161750488507713,2.4145758799025527
0.745115418214146,0.3680846363114918,0.8819741853287855,0.31587433198263165,0.03407535094769077,0.8536993635842561
1.3725470875291141,0.5322735307656408,0.8717651703209702,3.4632514824553446,1.3067000461404348,1.2171281948554435
0.8617110793694214,1.9472585192936722,1.0164725916490012,0.5358407189444253,3.9167475622036347,1.6317379154892095
1.597725352795847,2.881090354961413,1.301608964121072,2.1127218422110556,4.523551989565008,2.318158241178759
1.790562204620704,3.894428442312675,0.8917963683885655,1.0390505207969587,6.257439494596884,0.5454915313172368
2.1386179447481655,3.6687301537007855,1.7629741224652824,1.8128966328835663,4.2332609145415585,3.615113634657598
1.4367808090053071,2.4530710922478507,1.8676434016835433,0.22734672729226957,1.7352085523459415,2.5591373536955713
1.016729403425368,1.6170066061112294,1.2475889410987888,0.034114909305863604,1.176153571216086,0.5334018980734487
2.9203197903423526,2.0521696331632646,3.579206560186918,4.806235173110973,2.9819755012370575,7.375724951056837
1.6742404965631925,2.1031701882407177,2.740896449692343,0.6284080718662304,2.692775723002257,2.18603786755011
2.137222454464676,1.5906841889735945,2.123106218320139,3.4260112143175463,1.545001781646409,1.2045185710143311
5.4784182751511725,0.9241754658766821,1.2496832888352518,14.678001133750666,0.18275606132014285,0.3428281023460487
2.1485391537207965,2.5364131964197303,1.2391181812649377,0.47507139130958,5.209580142669382,1.5237987433460467
1.1524739584940542,1.8422695674625957,0.7500148289333299,0.6162342153701524,1.2161513386270508,0.36011038226882547
1.2967322740990137,1.3548874123922396,0.9160869251266919,2.1745127494553147,0.9030195023806785,1.122455047610777
2.4941984021610617,1.3045198380072522,0.6940045641557179,6.730616420060824,1.9861675081638754,1.0509059093955222
2.5015528892745458,1.3132861375739036,1.3560827318635698,4.949461556640923,2.240721938939269,2.54550028627959
1.3288759706278386,0.9315405083843893,0.8623521543461373,1.3978296432026835,0.4731869878442806,0.42733513426813297
1.956516831545125,1.9580647372755382,1.901563995422357,3.170566816286065,3.627259926649511,3.4504985285712677
0.9863951123457209,1.1677893423281775,1.255960917903595,0.2917768038548184,0.6848034247920842,0.7894430364595602
2.7355055987816983,0.8558065925444074,0.9391341277930447,7.582992736360828,0.4132709399492195,1.1739330596972521
3.173064966890955,0.8772906011968575,1.6688766170477485,6.668193705067521,1.0430986784847376,2.9598125524585694
1.3782893185027918,1.4552272588451107,1.4518229327980738,0.3576050107598819,2.6228196963423764,1.96375240021133
1.352092602048777,3.416198432661568,1.1955945853702485,0.7117023518093449,6.7311689399061425,0.7364119191749966
1.3320792160921628,3.1139197031894126,1.1909688894762478,0.2110654998825245,3.3139110491828743,0.9761818029277964
1.2745173976871012,3.8644599086674196,0.7665113169232056,0.6341327848061579,5.63846786665188,0.7299523623876107
1.9530421797319535,2.1116400097093386,0.9753919658525803,3.385158550634382,0.30305512260416534,1.8066017692631724
1.0431220894083106,1.2580932230865576,0.7630167692860557,0.9506454440711265,0.1476737384403442,0.8088049454309059
0.7733394784681965,1.278064862366176,1.3893298649127221,0.1851013093199508,1.631555320805833,2.587048954150271
0.7956046455599993,0.8091896071951323,1.5159862898234537,0.8377862984632986,0.6858187739011246,1.7339878615800777
3.0701374017289345,2.001410881730224,0.7648368688071061,7.967396181811359,3.5211609270828146,0.3149611964577306
1.7882651154783955,1.863738427158246,0.6027292254042241,1.9867949816529131,2.229409387699418,0.7429061192466196
1.4940225747567137,3.699254880814795,0.5679961822921523,1.076259854595826,7.062258906838591,0.5006375559793709
1.062951461016055,2.098773678361527,0.534298979541903,0.3643355696283911,0.5881847645955893,0.9896198337626122
3.2101309547983052,1.6450578148012978,0.78948176802875,8.562813484924048,1.3302241814497122,1.451274986146622
2.368036913135758,1.4470618621431628,0.8505881398296594,3.4390526100757253,1.3912624361576666,1.4135304017693051
1.1378273728861412,0.9008287261775813,1.6032802537327127,0.66111596755081,0.5467085344799855,2.8091095572228015
0.6655388337456045,1.1945731241638131,1.1603179961981676,0.1452891238599205,1.7836518977285176,0.4193983259716157
1.015674876670943,1.0873634970952126,2.915989204081873,0.11658399842156877,1.171407221817878,5.855131780800243
0.9178874838153659,1.1447867089908759,1.945066907541461,0.256526358422361,1.1837877775842462,0.8396710602278031
1.0896450886390352,0.9724497554697784,1.2540083347175457,1.7386644102311073,0.9011445667436607,0.7140610054735086
2.2778968570367626,0.4795371315263403,1.6496048743402902,5.283497690746406,0.03414858412794951,2.3114994315426647
1.5289985700151767,0.8857242582152158,2.306054685480114,1.373310310887299,1.4766876134983924,3.2748172281859214
1.7515870803589995,0.7617275177995406,1.4817477477071188,3.7023245768153323,0.8166819861087021,0.9511478767063668
1.213727046518601,0.16848420867447106,1.8932027931545834,1.1807719117630688,0.002641481557169608,2.7475222615634216
1.5552075883679495,0.38853068037946253,2.7412829000125294,2.466003841357379,0.7361759587272673,4.303782868759028
1.7455693197349929,0.2781429666590528,2.533715091083461,2.632587100621517,0.6532015728584012,2.9117490832805597
0.8967583607679515,0.6905666560639938,1.2783109849520826,0.3822331336842769,0.9999301380949124,0.06958973334098698
0.8639280502629609,0.49849258985437167,2.06757758711331,0.8963780044862875,0.28278612002891945,3.513196794010779
1.352963980420362,0.8294484971157577,2.180169952580251,2.028370357001863,1.4172682720687628,2.9787013643206697
0.9684775255966495,1.3297536045245606,1.917645041647753,0.1466400291294247,2.3581724699911844,2.213028281383167
1.147291561536892,1.428140816474446,2.3324645658267977,0.8973930927755046,1.989507874282883,2.8544195457393275
2.1309115919967208,2.16694280463198,4.257917600596567,1.5305734220987233,3.256782266362114,7.767395542188825
4.707052365371503,1.5707650456086537,2.775127216993385,11.158441224973346,1.2029902324250161,1.1281465228157455
1.7507701890001037,1.3357014331997066,1.3382326590461788,1.2869379173655613,1.4641574692607575,0.13917874504793393
2.0311861850179525,2.0019711335360433,1.2107106779747103,3.386256063070727,3.3256978516232465,1.2356711818489794
0.9232459283084842,1.532529495543367,0.5587712781654789,1.1315046538044162,1.116187990765949,0.0950925525588852
1.3886270979836666,1.7230548744778884,0.5329786529319166,3.183104857286119,2.4186364640685016,0.6969895801648887
1.3392723408451694,1.3003818433778385,1.0121155001797892,1.809785876519037,1.1404520463733228,1.7680333346927006
2.0947514298095347,1.1153186370445283,1.0024544485985323,4.35358738020974,1.0816633198264534,0.7410345973879384
1.3126444465336469,1.7492408215483781,1.5644730748368367,1.0584631317527249,2.8559469834957385,2.3128763538644193
1.391715837003783,1.065797607892954,1.9989357410026272,1.8542202005606574,0.3843484679208942,3.451789841770942
1.3495546018886704,0.8160867030610309,1.5642157115968836,1.9886055255548596,0.8267505380310802,1.090969335842094
1.116982343399187,0.5767199160167846,2.5093792327932287,1.080450310898486,0.5076495791261314,4.607931116656093
0.6312340894059276,0.6389964169567031,1.236102151468993,0.31169901263650296,0.8897947093250193,0.16641309928738696
0.8856836890832148,0.6125689555483136,2.3476060881385123,0.19645957062248928,0.5237033298898175,3.6665779804779373
0.8609289840967324,1.0097288188634461,2.573592630244632,0.03362417008041335,1.7321728080526109,3.5271972147481736
2.0793527037690844,1.7742448249959752,1.860113596060343,4.135567742206534,3.2006669935608314,0.7771979772287302
1.3788393731113833,2.156375933048587,1.1385293194440151,0.5396185919497511,3.089296294639711,0.7096823586967709
0.8071275767750404,1.3652311926742133,0.9691446952747345,0.47526286452563127,0.9066894122663091,0.7279602125737802
2.231504996248222,4.483403771103414,1.9436740551415261,2.663880554700005,8.976625093515507,3.336187141523347
1.6601226360923547,2.8159278558523098,2.5178840484191913,0.7713723536189704,1.8020869521588436,3.563461700029834
1.4043289743401735,1.8570466081564594,1.478032929402708,1.4106204727124383,1.0196532517887933,0.8001268236306756
1.1170927753967754,2.4945017164610417,1.481174595091557,0.3546944553313378,3.610167033744455,1.7958721648060076
2.873361370414815,2.1605510835029635,0.8696531902471984,6.425077963370804,2.617733617949751,0.29916645510033274
2.386039769625462,2.22318427762222,1.0505292911255482,3.8154372385835797,2.766799802818647,1.2651533115890718
3.1032240812142122,1.1467006956526418,5.849944874708127,3.9871093969694957,0.43665869077886477,13.438987556504177
1.778524551603125,1.2806647696029614,3.1389704177529385,1.044358831546135,1.26344315167829,0.3459447483319153
2.5903983759423217,2.335178358378279,3.955012141770826,2.8740069256859795,3.958513879841677,5.896271927683278
1.5601512898824692,1.700678026644941,3.306234668137936,0.31068047004464255,1.4025119669541826,3.4774392323260277
1.5929478855804398,1.917732145550732,4.429530004944377,0.017312722022107877,2.3005654773148416,7.166492819322345
1.147787649721899,1.6928937693578199,2.365690347441692,0.040350175761201916,1.7731422008329583,0.39587472810673635
1.6363167164773134,2.2482279106620555,1.352896289563428,1.7666876689271453,3.6948418990745666,0.480372133083873
1.0702202806811258,1.2989497204517444,0.6330297606828693,1.2153886875024784,0.669717429428665,0.034022105476523574
1.2862978483844216,1.2527455591768433,1.564186763758463,1.4596860192942431,1.7135700734636965,2.5798009041834953
0.8219721173859018,0.7560662266529914,1.5839326824361346,0.014982257983447609,0.2630318056296814,2.0661811526214793
0.9853702407156668,1.2258895125222316,0.7768730570087302,1.0987400794652964,2.343726275187319,0.39218899152490516
1.69557125663706,1.6874508599264348,1.6510735430831887,2.5321798872915022,2.6332965990496904,3.132229765426723
1.1729279736194171,0.9842582146797907,1.0209976839691302,1.1692805669938868,0.08756382733460304,0.7110526537944934
1.5597114729969204,1.4400357184165402,0.6503470826322105,2.63517313432528,2.25273359447474,0.2900412998045211
1.029505663361916,1.2146446978281578,0.7051139181066347,0.5305864066803223,1.071227841934414,1.0983107066598627
1.6809663112369793,0.6910828528101969,0.49292119624803044,3.3548126657190473,0.26499956665496477,0.19075403061461801
1.1137066881252535,0.9210548164728344,0.5139404859503838,1.7755583558709573,1.0891355752494032,0.6109960939632979
0.6598384448614774,0.578653361803944,0.7350738082642343,0.4733774979911195,0.43192114580408636,0.9283082887461799
0.8206703362350098,0.9091225622200985,1.8345634422730321,0.5402619319432006,1.074200709246055,3.8192513726288584
1.3945887003050623,0.8521202029165598,2.0647756002032334,1.9778866441332388,0.9701176740407168,3.1457177294057006
2.02860642977031,1.4174534314145724,1.497526900476079,3.54320314200723,2.6818133820224497,1.1694979952792408
1.3684897069911657,1.7344706064707314,1.9062335567187425,1.0744342792842403,2.9763490641202286,2.5788802588813082
1.139819865116399,1.5613575988722928,1.6098417017061981,0.597622017625579,1.8680371633820902,1.6816692200252
2.0127818429981397,0.7609459671178426,1.3223020084850226,4.034986849146292,0.04589629658078519,0.8335835922995154
1.8299307876645285,2.565231834099034,1.5496526604813086,2.2128955627475726,5.347943423220721,2.5883373546738215
1.34949000698403,2.034219332045241,1.7429088160174733,1.1887242259296258,2.3182109988535657,2.3008587317784817
1.1737463502851182,0.9819446109378076,1.6911487109445003,1.3384714836882259,0.06958758870375299,1.930407628711877
1.196062983916768,1.8713978242654965,1.7989774650304071,0.45695668190800054,3.4166709296992677,1.9244364801885534
1.367119471218193,0.9803595828956605,1.7425988776977792,1.9712957147344639,0.44695260013286214,2.2975934003575627
1.008475264608093,1.112839210540591,1.1105679227324046,0.8886484062001626,1.7312959485423207,0.9707885605424509
4.176285113288412,1.092710027749757,2.1706673630928384,10.872942475326886,1.2570962098248728,4.066273728582027
1.408999445616676,0.8877209888190641,1.1074448926751335,1.3085588873212437,1.0888985052180724,0.3542092067733119
1.734211136178835,2.281276689867337,2.2392126668942374,1.3306189644751196,4.409351499240205,4.306356378302397
1.5282250764241792,1.7380552973079293,1.4738375381897726,1.6687385990375778,1.1502351650499794,0.837957544585842
1.9037332075786564,0.8705654647426042,0.854517731466143,4.971958524512193,0.15666725936789425,0.26713505080288713
2.2991306668115605,2.774496254759942,1.2826652071899678,3.2270736014193186,5.861340049731999,1.8327184818373417
1.7108275780996625,3.656083361021815,0.9236361294467659,1.1997875737008734,5.064883031586522,0.9431670943433739
2.015005476307242,2.7292960954978076,1.744682634460245,2.536661908158245,2.3067665490619973,3.3802086727778646
1.3789302757174167,1.8178428430389182,1.316149423384169,1.7649166092820405,1.2618195905066116,1.1269957669041226
1.1056969921232145,1.0943313122695815,1.4610948347475157,1.3559932587453292,0.19491580950633836,2.208632202419538
0.8497602856486711,1.6929889440671058,0.8536863217292764,0.42716820949555095,3.128433156772864,0.737084420163168
0.748255661112201,0.8812934355457259,0.5389445461415481,1.2470044270319742,0.1569566784577317,0.47005875500021116
0.8027034581132896,0.546585673548417,0.7633291551972932,0.5642446782961745,0.1421350117392394,0.9822062312174283
2.1471898848072044,0.861491000914653,1.090257900852504,4.926497368256401,1.5417152041609274,1.8669136322854316
1.11349323905073,0.4761996849859068,1.4401254406287403,0.8171603502799918,0.34901213137205905,2.1397391292071575
2.2858566207063165,0.0649284942679702,1.4503074605228716,6.084139506430968,0.015520601468977118,1.7264796261929984
1.96457138037892,0.617179913309795,4.286187878143245,1.523088845058955,1.1002192386285132,8.85500532218962
1.7482081718446068,0.3558436353225648,3.0264542059509156,1.9968700104105128,0.29518467279644295,2.3494118207312304
1.6908770551040655,0.23713741737821353,3.4155609505863196,1.5658831563490823,0.3499343301755969,5.36241621806863
0.6900129380627793,0.10672597991505942,1.8378522096920227,0.27710077223527596,0.16005846612186395,0.25097496618889537
0.6585902487623162,0.24476900501210197,1.0535691996547087,0.9426368872963881,0.4590622009881788,0.12667407002445635
0.6044769820372199,1.1444174433442396,0.8621877104479386,0.20882440262814084,2.5139328396837466,0.7450126372209126
1.2229191468342593,1.793647272626536,0.41616666072428,1.950776400490702,3.310202665717853,0.2937287684814977
0.9968372523123784,1.416999044460297,0.8610149770411928,1.1843396164322908,1.2049085389229095,1.4925412582780728
1.6983277051103023,1.2364982214394475,1.0925057099344722,3.010020407549385,1.4126829509200423,1.4636980713435273
0.8236540278716579,0.5922804345987973,1.156192232894411,0.4981294441072529,0.0664002187860505,1.7115541921691189
0.6977486015725496,0.3501010183373985,1.7567347914527418,0.3596079972396669,0.14367152027500152,2.734771567370282
1.2695062706610076,0.44011860820194787,3.680723108139764,1.0428708549585355,0.5956472509228461,7.103787085295256
2.697448881659687,0.8608202385009769,3.4466168414049534,5.223264448945991,1.5700794653629122,4.211713814316357
1.9000819257285786,1.445586539651243,2.0590722304481672,2.478659898778821,2.690697570756964,0.2519593621657452
1.1493679704122277,1.3666114395756417,1.3880523326211196,1.085746152048474,1.8577545286678336,0.8265319783441814
0.9500258587430522,1.0040809288179922,0.78671741962413,1.4566045652212336,0.9955814138735374,0.5909528057528793
0.20588012950173606,0.5777566669367961,0.4206942367830118,0.1759429726078821,0.2518614404059082,0.3891543608458679
2.9705567988604327,1.447317837813044,0.8890063973849528,8.343647645565703,3.03529725549096,1.5737067521556936
1.643907658704636,1.1226096101280603,1.1478213899722376,2.195669010609563,0.9044407507078461,1.6115767256093274
0.9506114052806792,1.7818029035575724,0.8253241744462021,0.67207605350551,2.664021594165835,0.5155860097356688
1.4042686609610913,1.3551490468750873,1.4835900325226952,1.762853192635727,1.438895422164364,2.4888761854098775
1.1459193480741754,1.676115019607098,1.7267508667024973,0.23190474833547073,2.6838817905374874,2.6403713903814228
2.9929348036838284,2.6727676187104192,0.9524954898262887,6.753204794947747,4.7565484141204974,0.042406404748659206
1.536048553893073,3.2080549273182095,0.8082765618324593,0.38422261171141653,5.077362234526018,1.0075600174199284
1.9157156874199361,2.1222021353733798,2.1353394942304744,2.0884204758643805,1.5318950683493975,4.4171085752373145
1.302681990263463,1.648645274986476,1.5641742593484285,0.5632792962153197,1.4328658620293304,1.469266325291651
1.4681167172380805,0.9979517231263082,1.0981936134153385,2.528588071433596,0.617616576777859,0.8542800464870427
2.1030089179443245,2.7832314865405445,0.8287433069338814,2.999565568841574,5.491498888270649,0.5851913196699366
1.4636862927493735,1.9010732643455577,0.5917309179382411,2.238159014450261,1.2246803013087568,0.5577209149176113
1.1517342230738736,1.0781060585405606,0.4465854058849304,1.9064253717270019,0.27299440524551305,0.21020561740269195
2.087726978105646,0.9577108630356013,1.5210923756726105,4.459953949226526,1.1337513557502736,3.399014309972099
0.7270057264141534,0.5568480511715661,0.7364445316494723,0.16378003294096558,0.2717614436782381,0.181288456480333
0.5650500565589999,0.731873020156844,0.4908423395581534,0.8036876431170382,1.396446822720968,0.6914552158866276
0.5549949744811078,0.9419709233350919,0.4396457579365439,0.5708026297312974,1.6477673188229505,0.09350353720933971
3.032339553225876,0.7230418230486828,1.332126718241763,8.848025624087784,0.8242417014897313,3.0409005348988494
1.203866581567047,0.2884439847942062,0.7651544813205511,0.9865929212815119,0.1486942475334226,0.08015221683075457
1.7581690051784424,2.4355435839842463,0.7242505916689715,2.6381142139835743,5.747154440734506,0.7372090785079959
1.6935728039659423,2.4530139870295704,1.3537797637893427,2.3086210498873894,2.96872407731202,1.703335850858618
1.4834253697128532,2.7056081841656554,1.2473032968099038,0.47672057536827006,3.6512251124957666,1.0537791223599344
0.9975481898970865,1.8466600707736183,0.8383772759740388,0.5462377455657041,0.9141539410543376,0.6633266244085656
1.2942453641298943,2.039637951423005,0.9423370310887966,0.6605795528969495,2.8611699789642993,0.6436888953884031
1.4325847965425624,1.6359656186207376,1.7939111455851346,1.059090421606008,1.3286254177442964,3.1969000618896484
1.3837851615706425,1.0944915577505636,3.73723342299255,0.5339951340019585,0.4489976595937984,7.2976331980346485
0.923465902759185,0.6618499940946683,2.2259475678486966,0.039694281377341656,0.2657452236958191,0.855547421050821
1.8282899981303296,0.6119636726057301,1.1979380569894194,4.230436848533242,0.8463954188998571,0.07986460084967777
2.74078688898059,0.5233836435841426,0.3953362971294278,6.739969102812328,0.2959611020070818,0.07450212642674796
2.1820166897210727,5.188323405208898,1.3558063759188008,0.835795306922338,12.718084511910254,2.8476885562147047
1.532368037885367,2.6527453083451067,1.2445565420103593,0.8265113904347378,0.10087992816965799,1.6075757642774522
1.08565110101348,1.8999483591569777,1.9013975505423306,0.014234158411969072,1.1637254499960503,3.0611856039632137
1.580029754426417,1.5049737513386463,1.92456623084009,2.280435982479458,1.2033013357894782,2.391328236433053
2.026758608743571,1.0837512035789851,2.797985095546867,3.4909723193476845,0.7151562135684334,4.761230555053256
1.2867343154225603,1.0817924797582374,3.1269169015130087,0.3170732690001098,1.6942363930211939,4.340033421145987
1.1371266352500247,0.5724681518240526,2.754295976656768,0.34791252574943127,0.32498379890628487,3.1054290339351924
1.8728701487291368,1.6432923966862438,1.994721057234743,3.1220885105972234,3.064142616240726,1.2894347723161546
1.4569366355246594,1.2253147325104536,1.2486813377639814,1.9157403407098506,0.8082751341046283,0.7367040199968363
0.849920046416463,1.0741797176458237,1.2025327687211202,0.09179587240998134,1.7897562036302421,1.4146008840063666
1.3889664127687558,1.5425574576517966,1.2215030842828734,1.9486183921737437,2.5150231028496255,1.3945980041901418
1.2545660714749105,2.4604938910012235,1.4247740012373298,0.7389927852241153,4.397209176649926,1.8846306503720922
1.3442568286676135,2.8217457011192715,0.7763403069619994,0.9200278829942264,3.613187142402859,0.4118295646095942
1.8542503176727454,2.222586071882381,1.1595858059673374,2.9370178096185917,1.8745641741831403,2.132018465928022
1.959324768767068,1.517058260434386,0.9991266366537019,3.3313308535714983,0.9833313090758709,1.2198225655498998
1.2920345866544656,1.551389218799291,1.368053833484954,1.0228403570900884,1.399154297437951,1.936246406029368
2.580851013499145,2.0032607528991524,0.8793816321285723,5.880706243564916,2.928380292779308,0.5478340219930659
1.1716283215539518,2.589064928158037,0.8370876813498818,1.043310499276796,4.200032188237765,1.1397182732847084
1.4127951265013838,1.2183923003829125,0.6808094379370716,2.9553815295201056,0.2191430237776583,0.47195413560345045
1.494519685336492,0.9657649259019466,2.0351577024508836,1.3228213648260774,0.9717986379205638,4.163771560907113
2.465126544048276,1.9040584855656595,1.4021385122642815,4.556415821699772,2.99325978256171,1.3387091458672316
2.4722815870797916,1.547977223711887,0.995873510651207,4.7667497717530445,1.1300419082032571,0.5097365400230897
0.7032338380589994,1.1485202821739957,0.3612769322952345,0.18295205644965265,0.8076162555161488,0.08416369172779363
2.107330784140903,0.9903536255817742,1.0287666364329853,5.513220719721939,1.0597542356658753,2.252410995467368
1.9129804098719116,1.2125434620605648,0.8022830212095124,3.492060444297564,1.846856017423987,0.4832381398914314
3.5350708574181358,7.453489983321544,4.051591122424189,3.133817609124306,17.086500840809787,9.128477320138673
2.099669672215192,4.254751598840698,2.5187329174701243,0.44856675054740563,1.3584586855395342,1.5258537519455078
2.4045243965560092,2.176787026409733,1.6715624257274178,3.270734468603796,0.46763683842143083,0.6821009912414961
2.1579033621823127,1.2375245414223768,1.7235851739249473,3.796010549078797,0.3554958443186389,2.1440036207712754
1.0299941171080513,0.6329528884731713,1.1849943004524413,0.6825886247989037,0.08654529708521305,0.6437740256367575
2.772733815079628,1.0380442360337585,2.0497382232454546,6.0839745990246845,1.6365921121945202,3.432646890788137
0.8625697318740789,1.053109624170572,1.3734616154829753,0.10229218181169096,1.573035687437385,0.7370209912354245
1.4616879380451548,0.7328670916504588,4.26280143621417,0.3248243486211893,0.4594149102990057,8.887418138858969
1.6764072547434479,1.3547020618756946,2.8632055577790587,1.5425683420896628,2.3770482143476013,1.85847225341267
1.730818439428051,1.8428178828037118,2.97137424787419,1.7150649771878894,2.702681181710337,3.7210766422147734
1.2667523062952264,1.1332626130254573,1.4485326275867758,2.0721206975215893,0.5997743866981708,0.15120534256606408
0.6760235791003619,0.8380702620054292,1.0628443960893037,0.03422950953198876,0.8434931618338043,0.8563401033067811
3.3261748984597848,4.040280697029853,1.5748793212267242,6.456174975624967,9.306972118226504,2.6749100052059904
1.5366911212703116,2.4814882084604455,1.6471971241056274,0.09122542996576913,0.9376549395074778,2.1287638826786672
1.1861405627474004,2.249014328466676,1.0427766523525823,0.30877930644619056,2.860924491753994,0.43194644294765866
0.7877806522579999,1.604866846338714,0.9615538608317903,0.028227296290308682,1.2056092804315577,0.8807434240446739
1.0717123357083735,2.0265963706303327,0.825652881423965,1.6733813210412196,3.153407419680055,0.6115384124636107
2.4941300758066465,2.200887673979941,1.1377300870444071,5.384360118891466,2.930876348623252,1.9005751094268912
1.6582811570519662,1.885962170966883,1.0385905143369092,2.1929122262551886,2.203771432172107,0.8449221377045717
1.8645954247928613,2.5294504410007965,0.7092457719009537,3.459344420365005,3.8589881150290166,0.7393879122506445
1.1089785875300546,3.41181255105185,0.6149255794969063,0.026740374790609374,5.600939456705995,0.46481763435774553
1.3879500222879884,2.523132932622651,0.9052734377487867,1.5618389964399992,1.7349217105678953,1.0519703050030254
1.0622763960401156,1.6798983071117344,0.4955629295722248,1.2307543316310425,0.5422239878383079,0.43507506438025184
1.2785636789318813,1.337977063769141,2.9007569490614045,1.3821703927058069,1.0170863332553202,6.5705434665711735
0.9775335870734355,1.798246362213632,1.5206381438751109,0.1499065963272196,2.8401632608310825,0.33565850631892363
1.7628917230403731,1.7736365944247439,2.5862430110334587,2.3067834804673018,2.1046991179662515,4.890711558257175
1.355592329668098,1.1434630431544626,1.9074082500298828,1.399217683835627,0.3915391676038,1.1188874490264016
1.5745703814263146,0.7152603398162993,1.313776985758612,2.89760673837556,0.10519785301694798,0.9491995235970101
1.057665832337259,1.4859951385771226,0.7302393613377207,1.3283057512018586,2.2974647128498624,0.5261605238175944
0.7326746461267827,1.0170905071591354,1.4209624143870483,0.32358341439118193,0.5782436141565243,2.019864448445616
